condition_id,event_start,ts_ms,event_end_ms,up_best_ask,up_best_bid,down_best_ask,down_best_bid,up_ask_sz_1,down_ask_sz_1
0x13b803f73923d2078be04fcb264f1db96f89bdef575badc818d3f35a1764df22,2026-08-02NDH24:35:00Z,1785681300392,1785681600000,,,,,,
0x13b803f73923d2078be04fcb264f1db96f89bdef575badc818d3f35a1764df22,2026-08-02NDH24:35:00Z,1785681300888,1785681600000,0.290000,0.280000,0.720000,0.710000,177.47,72
0x13b803f73923d2078be04fcb264f1db96f89bdef575badc818d3f35a1764df22,2026-08-02NDH24:35:00Z,1785681301389,1785681600000,0.290000,0.280000,0.720000,0.710000,159.02,57
0x13b803f73923d2078be04fcb264f1db96f89bdef575badc818d3f35a1764df22,2026-08-02NDH24:35:00Z,1785681301889,1785681600000,0.280000,0.270000,0.730000,0.720000,371.79,244.8
0x13b803f73923d2078be04fcb264f1db96f89bdef575badc818d3f35a1764df22,2026-08-02NDH24:35:00Z,1785681302390,1785681600000,0.280000,0.270000,0.730000,0.720000,287.07,45.08
0x13b803f73923d2078be04fcb264f1db96f89bdef575badc818d3f35a1764df22,2026-08-02NDH24:35:00Z,1785681302889,1785681600000,0.260000,0.250000,0.750000,0.740000,118.6,179.2
0x13b803f73923d2078be04fcb264f1db96f89bdef575badc818d3f35a1764df22,2026-08-02NDH24:35:00Z,1785681303390,1785681600000,0.280000,0.270000,0.730000,0.720000,321.38,50
0x13b803f73923d2078be04fcb264f1db96f89bdef575badc818d3f35a1764df22,2026-08-02NDH24:35:00Z,1785681303889,1785681600000,0.280000,0.270000,0.730000,0.720000,33.94,299.76
0x13b803f73923d2078be04fcb264f1db96f89bdef575badc818d3f35a1764df22,2026-08-02NDH24:35:00Z,1785681304389,1785681600000,0.290000,0.280000,0.720000,0.710000,43.36,96.85
0x13b803f73923d2078be04fcb264f1db96f89bdef575badc818d3f35a1764df22,2026-08-02NDH24:35:00Z,1785681304889,1785681600000,0.300000,0.290000,0.710000,0.700000,271.83,55
0x13b803f73923d2078be04fcb264f1db96f89bdef575badc818d3f35a1764df22,2026-08-02NDH24:35:00Z,1785681305388,1785681600000,0.300000,0.290000,0.710000,0.700000,270.76,43.85
0x13b803f73923d2078be04fcb264f1db96f89bdef575badc818d3f35a1764df22,2026-08-02NDH24:35:00Z,1785681305889,1785681600000,0.300000,0.290000,0.710000,0.700000,264.09,32.85
0x13b803f73923d2078be04fcb264f1db96f89bdef575badc818d3f35a1764df22,2026-08-02NDH24:35:00Z,1785681306390,1785681600000,0.300000,0.290000,0.710000,0.700000,230.38,32.85
0x13b803f73923d2078be04fcb264f1db96f89bdef575badc818d3f35a1764df22,2026-08-02NDH24:35:00Z,1785681306888,1785681600000,0.300000,0.290000,0.710000,0.700000,352.04,32.85
0x13b803f73923d2078be04fcb264f1db96f89bdef575badc818d3f35a1764df22,2026-08-02NDH24:35:00Z,1785681307389,1785681600000,0.270000,0.260000,0.740000,0.730000,53.22,372.15
0x13b803f73923d2078be04fcb264f1db96f89bdef575badc818d3f35a1764df22,2026-08-02NDH24:35:00Z,1785681307890,1785681600000,0.290000,0.280000,0.720000,0.710000,263.13,5
0x13b803f73923d2078be04fcb264f1db96f89bdef575badc818d3f35a1764df22,2026-08-02NDH24:35:00Z,1785681308389,1785681600000,0.290000,0.280000,0.720000,0.710000,94.44,52.39
0x13b803f73923d2078be04fcb264f1db96f89bdef575badc818d3f35a1764df22,2026-08-02NDH24:35:00Z,1785681308890,1785681600000,0.260000,0.250000,0.750000,0.740000,29.19,157.75
0x13b803f73923d2078be04fcb264f1db96f89bdef575badc818d3f35a1764df22,2026-08-02NDH24:35:00Z,1785681309389,1785681600000,0.260000,0.250000,0.750000,0.740000,59.53,290.67
0x13b803f73923d2078be04fcb264f1db96f89bdef575badc818d3f35a1764df22,2026-08-02NDH24:35:00Z,1785681309889,1785681600000,0.280000,0.270000,0.730000,0.720000,16,384.42
0x13b803f73923d2078be04fcb264f1db96f89bdef575badc818d3f35a1764df22,2026-08-02NDH24:35:00Z,1785681310390,1785681600000,0.300000,0.290000,0.710000,0.700000,7.5,422.71
0x13b803f73923d2078be04fcb264f1db96f89bdef575badc818d3f35a1764df22,2026-08-02NDH24:35:00Z,1785681310888,1785681600000,0.300000,0.290000,0.710000,0.700000,257.73,14.81
0x13b803f73923d2078be04fcb264f1db96f89bdef575badc818d3f35a1764df22,2026-08-02NDH24:35:00Z,1785681311390,1785681600000,0.330000,0.320000,0.680000,0.670000,42.69,72.24
0x13b803f73923d2078be04fcb264f1db96f89bdef575badc818d3f35a1764df22,2026-08-02NDH24:35:00Z,1785681311888,1785681600000,0.340000,0.330000,0.670000,0.660000,661.38,55.24
0x13b803f73923d2078be04fcb264f1db96f89bdef575badc818d3f35a1764df22,2026-08-02NDH24:35:00Z,1785681312389,1785681600000,0.320000,0.310000,0.690000,0.680000,92.73,42.68
0x13b803f73923d2078be04fcb264f1db96f89bdef575badc818d3f35a1764df22,2026-08-02NDH24:35:00Z,1785681312890,1785681600000,0.320000,0.310000,0.690000,0.680000,54.6,130.2
0x13b803f73923d2078be04fcb264f1db96f89bdef575badc818d3f35a1764df22,2026-08-02NDH24:35:00Z,1785681313388,1785681600000,0.330000,0.320000,0.680000,0.670000,159.49,60
0x13b803f73923d2078be04fcb264f1db96f89bdef575badc818d3f35a1764df22,2026-08-02NDH24:35:00Z,1785681313890,1785681600000,0.400000,0.350000,0.650000,0.600000,9.9,160.84
0x13b803f73923d2078be04fcb264f1db96f89bdef575badc818d3f35a1764df22,2026-08-02NDH24:35:00Z,1785681314389,1785681600000,0.430000,0.420000,0.580000,0.570000,36.49,20.56
0x13b803f73923d2078be04fcb264f1db96f89bdef575badc818d3f35a1764df22,2026-08-02NDH24:35:00Z,1785681314889,1785681600000,0.500000,0.470000,0.530000,0.500000,61.14,31.25
0x13b803f73923d2078be04fcb264f1db96f89bdef575badc818d3f35a1764df22,2026-08-02NDH24:35:00Z,1785681315390,1785681600000,0.510000,0.500000,0.500000,0.490000,131.97,159.64
0x13b803f73923d2078be04fcb264f1db96f89bdef575badc818d3f35a1764df22,2026-08-02NDH24:35:00Z,1785681315815,1785681600000,0.520000,0.510000,0.490000,0.480000,18,318.93
0x13b803f73923d2078be04fcb264f1db96f89bdef575badc818d3f35a1764df22,2026-08-02NDH24:35:00Z,1785681316388,1785681600000,0.540000,0.530000,0.470000,0.460000,83.12,23
0x13b803f73923d2078be04fcb264f1db96f89bdef575badc818d3f35a1764df22,2026-08-02NDH24:35:00Z,1785681316889,1785681600000,0.520000,0.510000,0.490000,0.480000,63.3,57
0x13b803f73923d2078be04fcb264f1db96f89bdef575badc818d3f35a1764df22,2026-08-02NDH24:35:00Z,1785681317389,1785681600000,0.560000,0.550000,0.450000,0.440000,329.27,10
0x13b803f73923d2078be04fcb264f1db96f89bdef575badc818d3f35a1764df22,2026-08-02NDH24:35:00Z,1785681317887,1785681600000,0.530000,0.520000,0.480000,0.470000,122.68,5
0x13b803f73923d2078be04fcb264f1db96f89bdef575badc818d3f35a1764df22,2026-08-02NDH24:35:00Z,1785681318388,1785681600000,0.550000,0.540000,0.460000,0.450000,2.4,10
0x13b803f73923d2078be04fcb264f1db96f89bdef575badc818d3f35a1764df22,2026-08-02NDH24:35:00Z,1785681318888,1785681600000,0.540000,0.530000,0.470000,0.460000,10,300.76
0x13b803f73923d2078be04fcb264f1db96f89bdef575badc818d3f35a1764df22,2026-08-02NDH24:35:00Z,1785681319388,1785681600000,0.570000,0.560000,0.440000,0.430000,3,723.12
0x13b803f73923d2078be04fcb264f1db96f89bdef575badc818d3f35a1764df22,2026-08-02NDH24:35:00Z,1785681319889,1785681600000,0.580000,0.570000,0.430000,0.420000,42.74,271
0x13b803f73923d2078be04fcb264f1db96f89bdef575badc818d3f35a1764df22,2026-08-02NDH24:35:00Z,1785681320388,1785681600000,0.600000,0.590000,0.410000,0.400000,164.58,79
0x13b803f73923d2078be04fcb264f1db96f89bdef575badc818d3f35a1764df22,2026-08-02NDH24:35:00Z,1785681320888,1785681600000,0.600000,0.590000,0.410000,0.400000,12.46,145.63
0x13b803f73923d2078be04fcb264f1db96f89bdef575badc818d3f35a1764df22,2026-08-02NDH24:35:00Z,1785681321388,1785681600000,0.620000,0.610000,0.390000,0.380000,102.2,351.09
0x13b803f73923d2078be04fcb264f1db96f89bdef575badc818d3f35a1764df22,2026-08-02NDH24:35:00Z,1785681321889,1785681600000,0.560000,0.550000,0.450000,0.440000,105,30
0x13b803f73923d2078be04fcb264f1db96f89bdef575badc818d3f35a1764df22,2026-08-02NDH24:35:00Z,1785681322388,1785681600000,0.570000,0.560000,0.440000,0.430000,186.47,35
0x13b803f73923d2078be04fcb264f1db96f89bdef575badc818d3f35a1764df22,2026-08-02NDH24:35:00Z,1785681322888,1785681600000,0.510000,0.450000,0.550000,0.490000,31.25,6
0x13b803f73923d2078be04fcb264f1db96f89bdef575badc818d3f35a1764df22,2026-08-02NDH24:35:00Z,1785681323388,1785681600000,0.480000,0.470000,0.530000,0.520000,144,70.32
0x13b803f73923d2078be04fcb264f1db96f89bdef575badc818d3f35a1764df22,2026-08-02NDH24:35:00Z,1785681323889,1785681600000,0.480000,0.470000,0.530000,0.520000,338.91,7.77
0x13b803f73923d2078be04fcb264f1db96f89bdef575badc818d3f35a1764df22,2026-08-02NDH24:35:00Z,1785681324387,1785681600000,0.480000,0.470000,0.530000,0.520000,381.84,50
0x13b803f73923d2078be04fcb264f1db96f89bdef575badc818d3f35a1764df22,2026-08-02NDH24:35:00Z,1785681324889,1785681600000,0.470000,0.460000,0.540000,0.530000,472.69,2.59
0x13b803f73923d2078be04fcb264f1db96f89bdef575badc818d3f35a1764df22,2026-08-02NDH24:35:00Z,1785681325388,1785681600000,0.470000,0.460000,0.540000,0.530000,448.12,3.88
0x13b803f73923d2078be04fcb264f1db96f89bdef575badc818d3f35a1764df22,2026-08-02NDH24:35:00Z,1785681325888,1785681600000,0.460000,0.450000,0.550000,0.540000,442.84,8.32
0x13b803f73923d2078be04fcb264f1db96f89bdef575badc818d3f35a1764df22,2026-08-02NDH24:35:00Z,1785681326388,1785681600000,0.430000,0.420000,0.580000,0.570000,125,73.65
0x13b803f73923d2078be04fcb264f1db96f89bdef575badc818d3f35a1764df22,2026-08-02NDH24:35:00Z,1785681326888,1785681600000,0.420000,0.410000,0.590000,0.580000,107.29,15
0x13b803f73923d2078be04fcb264f1db96f89bdef575badc818d3f35a1764df22,2026-08-02NDH24:35:00Z,1785681327389,1785681600000,0.420000,0.410000,0.590000,0.580000,148.65,15
0x13b803f73923d2078be04fcb264f1db96f89bdef575badc818d3f35a1764df22,2026-08-02NDH24:35:00Z,1785681327888,1785681600000,0.410000,0.400000,0.600000,0.590000,197.28,44
0x13b803f73923d2078be04fcb264f1db96f89bdef575badc818d3f35a1764df22,2026-08-02NDH24:35:00Z,1785681328388,1785681600000,0.410000,0.400000,0.600000,0.590000,265.37,47
0x13b803f73923d2078be04fcb264f1db96f89bdef575badc818d3f35a1764df22,2026-08-02NDH24:35:00Z,1785681328888,1785681600000,0.420000,0.410000,0.590000,0.580000,11.85,45.75
0x13b803f73923d2078be04fcb264f1db96f89bdef575badc818d3f35a1764df22,2026-08-02NDH24:35:00Z,1785681329389,1785681600000,0.410000,0.400000,0.600000,0.590000,176.19,42
0x13b803f73923d2078be04fcb264f1db96f89bdef575badc818d3f35a1764df22,2026-08-02NDH24:35:00Z,1785681329889,1785681600000,0.420000,0.410000,0.590000,0.580000,9.08,20
0x13b803f73923d2078be04fcb264f1db96f89bdef575badc818d3f35a1764df22,2026-08-02NDH24:35:00Z,1785681330389,1785681600000,0.410000,0.400000,0.600000,0.590000,35,115.01
0x13b803f73923d2078be04fcb264f1db96f89bdef575badc818d3f35a1764df22,2026-08-02NDH24:35:00Z,1785681330887,1785681600000,0.420000,0.410000,0.590000,0.580000,99.86,394.61
0x13b803f73923d2078be04fcb264f1db96f89bdef575badc818d3f35a1764df22,2026-08-02NDH24:35:00Z,1785681331388,1785681600000,0.420000,0.410000,0.590000,0.580000,65.01,394.61
0x13b803f73923d2078be04fcb264f1db96f89bdef575badc818d3f35a1764df22,2026-08-02NDH24:35:00Z,1785681331890,1785681600000,0.460000,0.450000,0.550000,0.540000,233.91,30
0x13b803f73923d2078be04fcb264f1db96f89bdef575badc818d3f35a1764df22,2026-08-02NDH24:35:00Z,1785681332388,1785681600000,0.460000,0.450000,0.550000,0.540000,306.91,35
0x13b803f73923d2078be04fcb264f1db96f89bdef575badc818d3f35a1764df22,2026-08-02NDH24:35:00Z,1785681332887,1785681600000,0.460000,0.450000,0.550000,0.540000,261.69,5
0x13b803f73923d2078be04fcb264f1db96f89bdef575badc818d3f35a1764df22,2026-08-02NDH24:35:00Z,1785681333388,1785681600000,0.450000,0.440000,0.560000,0.550000,913.29,28.21
0x13b803f73923d2078be04fcb264f1db96f89bdef575badc818d3f35a1764df22,2026-08-02NDH24:35:00Z,1785681333889,1785681600000,0.430000,0.420000,0.580000,0.570000,336.85,40
0x13b803f73923d2078be04fcb264f1db96f89bdef575badc818d3f35a1764df22,2026-08-02NDH24:35:00Z,1785681334388,1785681600000,0.430000,0.420000,0.580000,0.570000,362.85,26.37
0x13b803f73923d2078be04fcb264f1db96f89bdef575badc818d3f35a1764df22,2026-08-02NDH24:35:00Z,1785681334889,1785681600000,0.420000,0.410000,0.590000,0.580000,297.6,38
0x13b803f73923d2078be04fcb264f1db96f89bdef575badc818d3f35a1764df22,2026-08-02NDH24:35:00Z,1785681335388,1785681600000,0.420000,0.410000,0.590000,0.580000,163.56,14.6
0x13b803f73923d2078be04fcb264f1db96f89bdef575badc818d3f35a1764df22,2026-08-02NDH24:35:00Z,1785681335888,1785681600000,0.430000,0.420000,0.580000,0.570000,29.62,20
0x13b803f73923d2078be04fcb264f1db96f89bdef575badc818d3f35a1764df22,2026-08-02NDH24:35:00Z,1785681336388,1785681600000,0.450000,0.440000,0.560000,0.550000,13,193.85
0x13b803f73923d2078be04fcb264f1db96f89bdef575badc818d3f35a1764df22,2026-08-02NDH24:35:00Z,1785681336888,1785681600000,0.440000,0.430000,0.570000,0.560000,23,85
0x13b803f73923d2078be04fcb264f1db96f89bdef575badc818d3f35a1764df22,2026-08-02NDH24:35:00Z,1785681337389,1785681600000,0.440000,0.430000,0.570000,0.560000,5,192.08
0x13b803f73923d2078be04fcb264f1db96f89bdef575badc818d3f35a1764df22,2026-08-02NDH24:35:00Z,1785681337887,1785681600000,0.480000,0.470000,0.530000,0.520000,115.95,5
0x13b803f73923d2078be04fcb264f1db96f89bdef575badc818d3f35a1764df22,2026-08-02NDH24:35:00Z,1785681338388,1785681600000,0.470000,0.460000,0.540000,0.530000,289.14,10.5
0x13b803f73923d2078be04fcb264f1db96f89bdef575badc818d3f35a1764df22,2026-08-02NDH24:35:00Z,1785681338888,1785681600000,0.460000,0.450000,0.550000,0.540000,823.91,0.1
0x13b803f73923d2078be04fcb264f1db96f89bdef575badc818d3f35a1764df22,2026-08-02NDH24:35:00Z,1785681339389,1785681600000,0.450000,0.440000,0.560000,0.550000,35.72,10.6
0x13b803f73923d2078be04fcb264f1db96f89bdef575badc818d3f35a1764df22,2026-08-02NDH24:35:00Z,1785681339887,1785681600000,0.470000,0.460000,0.540000,0.530000,44.95,193.85
0x13b803f73923d2078be04fcb264f1db96f89bdef575badc818d3f35a1764df22,2026-08-02NDH24:35:00Z,1785681340389,1785681600000,0.490000,0.480000,0.520000,0.510000,217.8,189.37
0x13b803f73923d2078be04fcb264f1db96f89bdef575badc818d3f35a1764df22,2026-08-02NDH24:35:00Z,1785681340888,1785681600000,0.490000,0.480000,0.520000,0.510000,277.13,20
0x13b803f73923d2078be04fcb264f1db96f89bdef575badc818d3f35a1764df22,2026-08-02NDH24:35:00Z,1785681341388,1785681600000,0.490000,0.480000,0.520000,0.510000,360.72,20
0x13b803f73923d2078be04fcb264f1db96f89bdef575badc818d3f35a1764df22,2026-08-02NDH24:35:00Z,1785681341889,1785681600000,0.480000,0.470000,0.530000,0.520000,30,212.6
0x13b803f73923d2078be04fcb264f1db96f89bdef575badc818d3f35a1764df22,2026-08-02NDH24:35:00Z,1785681342389,1785681600000,0.510000,0.500000,0.500000,0.490000,31.1,31.25
0x13b803f73923d2078be04fcb264f1db96f89bdef575badc818d3f35a1764df22,2026-08-02NDH24:35:00Z,1785681342887,1785681600000,0.510000,0.500000,0.500000,0.490000,15,166.84
0x13b803f73923d2078be04fcb264f1db96f89bdef575badc818d3f35a1764df22,2026-08-02NDH24:35:00Z,1785681343388,1785681600000,0.510000,0.500000,0.500000,0.490000,196.76,5
0x13b803f73923d2078be04fcb264f1db96f89bdef575badc818d3f35a1764df22,2026-08-02NDH24:35:00Z,1785681343888,1785681600000,0.460000,0.450000,0.550000,0.540000,31.25,6.6
0x13b803f73923d2078be04fcb264f1db96f89bdef575badc818d3f35a1764df22,2026-08-02NDH24:35:00Z,1785681344389,1785681600000,0.500000,0.490000,0.510000,0.500000,136.25,15
0x13b803f73923d2078be04fcb264f1db96f89bdef575badc818d3f35a1764df22,2026-08-02NDH24:35:00Z,1785681344887,1785681600000,0.500000,0.490000,0.510000,0.500000,242.23,5
0x13b803f73923d2078be04fcb264f1db96f89bdef575badc818d3f35a1764df22,2026-08-02NDH24:35:00Z,1785681345388,1785681600000,0.490000,0.480000,0.520000,0.510000,58.12,60
0x13b803f73923d2078be04fcb264f1db96f89bdef575badc818d3f35a1764df22,2026-08-02NDH24:35:00Z,1785681345888,1785681600000,0.490000,0.480000,0.520000,0.510000,46.07,58.07
0x13b803f73923d2078be04fcb264f1db96f89bdef575badc818d3f35a1764df22,2026-08-02NDH24:35:00Z,1785681346387,1785681600000,0.500000,0.490000,0.510000,0.500000,118.6,55
0x13b803f73923d2078be04fcb264f1db96f89bdef575badc818d3f35a1764df22,2026-08-02NDH24:35:00Z,1785681346888,1785681600000,0.500000,0.490000,0.510000,0.500000,86.6,53.03
0x13b803f73923d2078be04fcb264f1db96f89bdef575badc818d3f35a1764df22,2026-08-02NDH24:35:00Z,1785681347388,1785681600000,0.490000,0.480000,0.520000,0.510000,51.36,13.07
0x13b803f73923d2078be04fcb264f1db96f89bdef575badc818d3f35a1764df22,2026-08-02NDH24:35:00Z,1785681347888,1785681600000,0.480000,0.470000,0.530000,0.520000,2.57,197.86
0x13b803f73923d2078be04fcb264f1db96f89bdef575badc818d3f35a1764df22,2026-08-02NDH24:35:00Z,1785681348388,1785681600000,0.490000,0.480000,0.520000,0.510000,8.43,432.19
0x13b803f73923d2078be04fcb264f1db96f89bdef575badc818d3f35a1764df22,2026-08-02NDH24:35:00Z,1785681348888,1785681600000,0.500000,0.490000,0.510000,0.500000,5,274.41
0x13b803f73923d2078be04fcb264f1db96f89bdef575badc818d3f35a1764df22,2026-08-02NDH24:35:00Z,1785681349388,1785681600000,0.510000,0.500000,0.500000,0.490000,5,475.52
0x13b803f73923d2078be04fcb264f1db96f89bdef575badc818d3f35a1764df22,2026-08-02NDH24:35:00Z,1785681349888,1785681600000,0.510000,0.500000,0.500000,0.490000,66.77,152.41
0x13b803f73923d2078be04fcb264f1db96f89bdef575badc818d3f35a1764df22,2026-08-02NDH24:35:00Z,1785681350388,1785681600000,0.500000,0.490000,0.510000,0.500000,88.04,5
0x13b803f73923d2078be04fcb264f1db96f89bdef575badc818d3f35a1764df22,2026-08-02NDH24:35:00Z,1785681350888,1785681600000,0.500000,0.490000,0.510000,0.500000,99.65,12.58
0x13b803f73923d2078be04fcb264f1db96f89bdef575badc818d3f35a1764df22,2026-08-02NDH24:35:00Z,1785681351388,1785681600000,0.480000,0.470000,0.530000,0.520000,10,507.68
0x13b803f73923d2078be04fcb264f1db96f89bdef575badc818d3f35a1764df22,2026-08-02NDH24:35:00Z,1785681351889,1785681600000,0.500000,0.490000,0.510000,0.500000,33.02,158.83
0x13b803f73923d2078be04fcb264f1db96f89bdef575badc818d3f35a1764df22,2026-08-02NDH24:35:00Z,1785681352388,1785681600000,0.500000,0.490000,0.510000,0.500000,15,375.98
0x13b803f73923d2078be04fcb264f1db96f89bdef575badc818d3f35a1764df22,2026-08-02NDH24:35:00Z,1785681352887,1785681600000,0.530000,0.520000,0.480000,0.470000,937.24,100
0x13b803f73923d2078be04fcb264f1db96f89bdef575badc818d3f35a1764df22,2026-08-02NDH24:35:00Z,1785681353388,1785681600000,0.500000,0.490000,0.510000,0.500000,337.69,19
0x13b803f73923d2078be04fcb264f1db96f89bdef575badc818d3f35a1764df22,2026-08-02NDH24:35:00Z,1785681353888,1785681600000,0.490000,0.480000,0.520000,0.510000,340.7,5
0x13b803f73923d2078be04fcb264f1db96f89bdef575badc818d3f35a1764df22,2026-08-02NDH24:35:00Z,1785681354390,1785681600000,0.480000,0.470000,0.530000,0.520000,5,241.72
0x13b803f73923d2078be04fcb264f1db96f89bdef575badc818d3f35a1764df22,2026-08-02NDH24:35:00Z,1785681354888,1785681600000,0.490000,0.480000,0.520000,0.510000,143.92,91.84
0x13b803f73923d2078be04fcb264f1db96f89bdef575badc818d3f35a1764df22,2026-08-02NDH24:35:00Z,1785681355388,1785681600000,0.490000,0.480000,0.520000,0.510000,15,649.95
0x13b803f73923d2078be04fcb264f1db96f89bdef575badc818d3f35a1764df22,2026-08-02NDH24:35:00Z,1785681355888,1785681600000,0.450000,0.430000,0.570000,0.550000,31.25,98
0x13b803f73923d2078be04fcb264f1db96f89bdef575badc818d3f35a1764df22,2026-08-02NDH24:35:00Z,1785681356389,1785681600000,0.430000,0.420000,0.580000,0.570000,125,5
0x13b803f73923d2078be04fcb264f1db96f89bdef575badc818d3f35a1764df22,2026-08-02NDH24:35:00Z,1785681356888,1785681600000,0.460000,0.450000,0.550000,0.540000,87.76,43.76
0x13b803f73923d2078be04fcb264f1db96f89bdef575badc818d3f35a1764df22,2026-08-02NDH24:35:00Z,1785681357388,1785681600000,0.460000,0.450000,0.550000,0.540000,134.5,15
0x13b803f73923d2078be04fcb264f1db96f89bdef575badc818d3f35a1764df22,2026-08-02NDH24:35:00Z,1785681357888,1785681600000,0.460000,0.450000,0.550000,0.540000,197.13,42
0x13b803f73923d2078be04fcb264f1db96f89bdef575badc818d3f35a1764df22,2026-08-02NDH24:35:00Z,1785681358388,1785681600000,0.460000,0.450000,0.550000,0.540000,196.69,47
0x13b803f73923d2078be04fcb264f1db96f89bdef575badc818d3f35a1764df22,2026-08-02NDH24:35:00Z,1785681358889,1785681600000,0.460000,0.450000,0.550000,0.540000,5,219.9
0x13b803f73923d2078be04fcb264f1db96f89bdef575badc818d3f35a1764df22,2026-08-02NDH24:35:00Z,1785681359388,1785681600000,0.460000,0.450000,0.550000,0.540000,10,219.9
0x13b803f73923d2078be04fcb264f1db96f89bdef575badc818d3f35a1764df22,2026-08-02NDH24:35:00Z,1785681359888,1785681600000,0.480000,0.470000,0.530000,0.520000,360.37,5
0x13b803f73923d2078be04fcb264f1db96f89bdef575badc818d3f35a1764df22,2026-08-02NDH24:35:00Z,1785681360389,1785681600000,0.490000,0.480000,0.520000,0.510000,272.88,95
0x13b803f73923d2078be04fcb264f1db96f89bdef575badc818d3f35a1764df22,2026-08-02NDH24:35:00Z,1785681360887,1785681600000,0.480000,0.470000,0.530000,0.520000,134.28,92.01
0x13b803f73923d2078be04fcb264f1db96f89bdef575badc818d3f35a1764df22,2026-08-02NDH24:35:00Z,1785681361389,1785681600000,0.450000,0.440000,0.560000,0.550000,95,26.94
0x13b803f73923d2078be04fcb264f1db96f89bdef575badc818d3f35a1764df22,2026-08-02NDH24:35:00Z,1785681361887,1785681600000,0.470000,0.460000,0.540000,0.530000,2.87,155
0x13b803f73923d2078be04fcb264f1db96f89bdef575badc818d3f35a1764df22,2026-08-02NDH24:35:00Z,1785681362389,1785681600000,0.470000,0.460000,0.540000,0.530000,3.61,185.93
0x13b803f73923d2078be04fcb264f1db96f89bdef575badc818d3f35a1764df22,2026-08-02NDH24:35:00Z,1785681362888,1785681600000,0.460000,0.450000,0.550000,0.540000,0.6,85.29
0x13b803f73923d2078be04fcb264f1db96f89bdef575badc818d3f35a1764df22,2026-08-02NDH24:35:00Z,1785681363388,1785681600000,0.480000,0.470000,0.530000,0.520000,33.21,20.87
0x13b803f73923d2078be04fcb264f1db96f89bdef575badc818d3f35a1764df22,2026-08-02NDH24:35:00Z,1785681363889,1785681600000,0.490000,0.480000,0.520000,0.510000,385.36,45
0x13b803f73923d2078be04fcb264f1db96f89bdef575badc818d3f35a1764df22,2026-08-02NDH24:35:00Z,1785681364389,1785681600000,0.490000,0.480000,0.520000,0.510000,274.79,21.93
0x13b803f73923d2078be04fcb264f1db96f89bdef575badc818d3f35a1764df22,2026-08-02NDH24:35:00Z,1785681364888,1785681600000,0.490000,0.480000,0.520000,0.510000,166.95,47.71
0x13b803f73923d2078be04fcb264f1db96f89bdef575badc818d3f35a1764df22,2026-08-02NDH24:35:00Z,1785681365389,1785681600000,0.480000,0.470000,0.530000,0.520000,206.99,15.41
0x13b803f73923d2078be04fcb264f1db96f89bdef575badc818d3f35a1764df22,2026-08-02NDH24:35:00Z,1785681365888,1785681600000,0.480000,0.470000,0.530000,0.520000,365.31,5.41
0x13b803f73923d2078be04fcb264f1db96f89bdef575badc818d3f35a1764df22,2026-08-02NDH24:35:00Z,1785681366388,1785681600000,0.460000,0.400000,0.600000,0.540000,31.25,289.13
0x13b803f73923d2078be04fcb264f1db96f89bdef575badc818d3f35a1764df22,2026-08-02NDH24:35:00Z,1785681366888,1785681600000,0.490000,0.480000,0.520000,0.510000,5,35
0x13b803f73923d2078be04fcb264f1db96f89bdef575badc818d3f35a1764df22,2026-08-02NDH24:35:00Z,1785681367389,1785681600000,0.480000,0.470000,0.530000,0.520000,31.25,628.57
0x13b803f73923d2078be04fcb264f1db96f89bdef575badc818d3f35a1764df22,2026-08-02NDH24:35:00Z,1785681367888,1785681600000,0.500000,0.490000,0.510000,0.500000,140.56,220.67
0x13b803f73923d2078be04fcb264f1db96f89bdef575badc818d3f35a1764df22,2026-08-02NDH24:35:00Z,1785681368388,1785681600000,0.530000,0.520000,0.480000,0.470000,902.3,220
0x13b803f73923d2078be04fcb264f1db96f89bdef575badc818d3f35a1764df22,2026-08-02NDH24:35:00Z,1785681368888,1785681600000,0.530000,0.520000,0.480000,0.470000,894.14,199.01
0x13b803f73923d2078be04fcb264f1db96f89bdef575badc818d3f35a1764df22,2026-08-02NDH24:35:00Z,1785681369389,1785681600000,0.530000,0.520000,0.480000,0.470000,851.19,515.95
0x13b803f73923d2078be04fcb264f1db96f89bdef575badc818d3f35a1764df22,2026-08-02NDH24:35:00Z,1785681369889,1785681600000,0.530000,0.520000,0.480000,0.470000,694.84,257.58
0x13b803f73923d2078be04fcb264f1db96f89bdef575badc818d3f35a1764df22,2026-08-02NDH24:35:00Z,1785681370387,1785681600000,0.530000,0.520000,0.480000,0.470000,495.28,209.65
0x13b803f73923d2078be04fcb264f1db96f89bdef575badc818d3f35a1764df22,2026-08-02NDH24:35:00Z,1785681370889,1785681600000,0.530000,0.520000,0.480000,0.470000,394.31,228.87
0x13b803f73923d2078be04fcb264f1db96f89bdef575badc818d3f35a1764df22,2026-08-02NDH24:35:00Z,1785681371388,1785681600000,0.530000,0.520000,0.480000,0.470000,368.28,140.66
0x13b803f73923d2078be04fcb264f1db96f89bdef575badc818d3f35a1764df22,2026-08-02NDH24:35:00Z,1785681371888,1785681600000,0.530000,0.520000,0.480000,0.470000,189.91,64
0x13b803f73923d2078be04fcb264f1db96f89bdef575badc818d3f35a1764df22,2026-08-02NDH24:35:00Z,1785681372389,1785681600000,0.530000,0.520000,0.480000,0.470000,175.37,41.28
0x13b803f73923d2078be04fcb264f1db96f89bdef575badc818d3f35a1764df22,2026-08-02NDH24:35:00Z,1785681372887,1785681600000,0.520000,0.510000,0.490000,0.480000,19.61,29.81
0x13b803f73923d2078be04fcb264f1db96f89bdef575badc818d3f35a1764df22,2026-08-02NDH24:35:00Z,1785681373388,1785681600000,0.540000,0.530000,0.470000,0.460000,105,105
0x13b803f73923d2078be04fcb264f1db96f89bdef575badc818d3f35a1764df22,2026-08-02NDH24:35:00Z,1785681373888,1785681600000,0.540000,0.530000,0.470000,0.460000,290.27,28.43
0x13b803f73923d2078be04fcb264f1db96f89bdef575badc818d3f35a1764df22,2026-08-02NDH24:35:00Z,1785681374388,1785681600000,0.530000,0.520000,0.480000,0.470000,149.37,45
0x13b803f73923d2078be04fcb264f1db96f89bdef575badc818d3f35a1764df22,2026-08-02NDH24:35:00Z,1785681374887,1785681600000,0.510000,0.500000,0.500000,0.490000,282.31,5
0x13b803f73923d2078be04fcb264f1db96f89bdef575badc818d3f35a1764df22,2026-08-02NDH24:35:00Z,1785681375388,1785681600000,0.540000,0.530000,0.470000,0.460000,69.79,272.94
0x13b803f73923d2078be04fcb264f1db96f89bdef575badc818d3f35a1764df22,2026-08-02NDH24:35:00Z,1785681375888,1785681600000,0.520000,0.510000,0.490000,0.480000,78.5,15
0x13b803f73923d2078be04fcb264f1db96f89bdef575badc818d3f35a1764df22,2026-08-02NDH24:35:00Z,1785681376388,1785681600000,0.500000,0.490000,0.510000,0.500000,309.37,111
0x13b803f73923d2078be04fcb264f1db96f89bdef575badc818d3f35a1764df22,2026-08-02NDH24:35:00Z,1785681376888,1785681600000,0.530000,0.520000,0.480000,0.470000,167.74,348.2
0x13b803f73923d2078be04fcb264f1db96f89bdef575badc818d3f35a1764df22,2026-08-02NDH24:35:00Z,1785681377388,1785681600000,0.540000,0.530000,0.470000,0.460000,85.83,243.36
0x13b803f73923d2078be04fcb264f1db96f89bdef575badc818d3f35a1764df22,2026-08-02NDH24:35:00Z,1785681377889,1785681600000,0.530000,0.520000,0.480000,0.470000,34.19,100.16
0x13b803f73923d2078be04fcb264f1db96f89bdef575badc818d3f35a1764df22,2026-08-02NDH24:35:00Z,1785681378387,1785681600000,0.490000,0.480000,0.520000,0.510000,105.03,411.2
0x13b803f73923d2078be04fcb264f1db96f89bdef575badc818d3f35a1764df22,2026-08-02NDH24:35:00Z,1785681378888,1785681600000,0.640000,0.520000,0.480000,0.360000,40.39,169.29
0x13b803f73923d2078be04fcb264f1db96f89bdef575badc818d3f35a1764df22,2026-08-02NDH24:35:00Z,1785681379388,1785681600000,0.530000,0.520000,0.480000,0.470000,886.3,5
0x13b803f73923d2078be04fcb264f1db96f89bdef575badc818d3f35a1764df22,2026-08-02NDH24:35:00Z,1785681379888,1785681600000,0.490000,0.480000,0.520000,0.510000,100,8.5
0x13b803f73923d2078be04fcb264f1db96f89bdef575badc818d3f35a1764df22,2026-08-02NDH24:35:00Z,1785681380388,1785681600000,0.510000,0.500000,0.500000,0.490000,205.77,321.64
0x13b803f73923d2078be04fcb264f1db96f89bdef575badc818d3f35a1764df22,2026-08-02NDH24:35:00Z,1785681380888,1785681600000,0.510000,0.500000,0.500000,0.490000,208.8,104
0x13b803f73923d2078be04fcb264f1db96f89bdef575badc818d3f35a1764df22,2026-08-02NDH24:35:00Z,1785681381387,1785681600000,0.510000,0.500000,0.500000,0.490000,41.84,188.75
0x13b803f73923d2078be04fcb264f1db96f89bdef575badc818d3f35a1764df22,2026-08-02NDH24:35:00Z,1785681381889,1785681600000,0.530000,0.520000,0.480000,0.470000,635.98,227.25
0x13b803f73923d2078be04fcb264f1db96f89bdef575badc818d3f35a1764df22,2026-08-02NDH24:35:00Z,1785681382388,1785681600000,0.560000,0.520000,0.480000,0.440000,10.34,560.12
0x13b803f73923d2078be04fcb264f1db96f89bdef575badc818d3f35a1764df22,2026-08-02NDH24:35:00Z,1785681382888,1785681600000,0.690000,0.560000,0.440000,0.310000,24.53,68.83
0x13b803f73923d2078be04fcb264f1db96f89bdef575badc818d3f35a1764df22,2026-08-02NDH24:35:00Z,1785681383387,1785681600000,0.540000,0.530000,0.470000,0.460000,2,30.77
0x13b803f73923d2078be04fcb264f1db96f89bdef575badc818d3f35a1764df22,2026-08-02NDH24:35:00Z,1785681383887,1785681600000,0.520000,0.500000,0.500000,0.480000,40,10
0x13b803f73923d2078be04fcb264f1db96f89bdef575badc818d3f35a1764df22,2026-08-02NDH24:35:00Z,1785681384388,1785681600000,0.520000,0.510000,0.490000,0.480000,12.45,78.12
0x13b803f73923d2078be04fcb264f1db96f89bdef575badc818d3f35a1764df22,2026-08-02NDH24:35:00Z,1785681384889,1785681600000,0.480000,0.470000,0.530000,0.520000,7.52,77.93
0x13b803f73923d2078be04fcb264f1db96f89bdef575badc818d3f35a1764df22,2026-08-02NDH24:35:00Z,1785681385389,1785681600000,0.530000,0.520000,0.480000,0.470000,3137.53,65.46
0x13b803f73923d2078be04fcb264f1db96f89bdef575badc818d3f35a1764df22,2026-08-02NDH24:35:00Z,1785681385888,1785681600000,0.490000,0.480000,0.520000,0.510000,100,3.21
0x13b803f73923d2078be04fcb264f1db96f89bdef575badc818d3f35a1764df22,2026-08-02NDH24:35:00Z,1785681386388,1785681600000,0.490000,0.480000,0.520000,0.510000,15,187.13
0x13b803f73923d2078be04fcb264f1db96f89bdef575badc818d3f35a1764df22,2026-08-02NDH24:35:00Z,1785681386889,1785681600000,0.510000,0.500000,0.500000,0.490000,160.63,80.08
0x13b803f73923d2078be04fcb264f1db96f89bdef575badc818d3f35a1764df22,2026-08-02NDH24:35:00Z,1785681387388,1785681600000,0.510000,0.500000,0.500000,0.490000,17.98,73.04
0x13b803f73923d2078be04fcb264f1db96f89bdef575badc818d3f35a1764df22,2026-08-02NDH24:35:00Z,1785681387888,1785681600000,0.510000,0.500000,0.500000,0.490000,16.4,131.57
0x13b803f73923d2078be04fcb264f1db96f89bdef575badc818d3f35a1764df22,2026-08-02NDH24:35:00Z,1785681388389,1785681600000,0.510000,0.500000,0.500000,0.490000,415.74,5
0x13b803f73923d2078be04fcb264f1db96f89bdef575badc818d3f35a1764df22,2026-08-02NDH24:35:00Z,1785681388889,1785681600000,0.490000,0.480000,0.520000,0.510000,131.8,63.6
0x13b803f73923d2078be04fcb264f1db96f89bdef575badc818d3f35a1764df22,2026-08-02NDH24:35:00Z,1785681389387,1785681600000,0.520000,0.510000,0.490000,0.480000,138,11
0x13b803f73923d2078be04fcb264f1db96f89bdef575badc818d3f35a1764df22,2026-08-02NDH24:35:00Z,1785681389888,1785681600000,0.520000,0.510000,0.490000,0.480000,253.89,12.87
0x13b803f73923d2078be04fcb264f1db96f89bdef575badc818d3f35a1764df22,2026-08-02NDH24:35:00Z,1785681390390,1785681600000,0.510000,0.500000,0.500000,0.490000,212.5,10.93
0x13b803f73923d2078be04fcb264f1db96f89bdef575badc818d3f35a1764df22,2026-08-02NDH24:35:00Z,1785681390888,1785681600000,0.510000,0.500000,0.500000,0.490000,94.89,355.18
0x13b803f73923d2078be04fcb264f1db96f89bdef575badc818d3f35a1764df22,2026-08-02NDH24:35:00Z,1785681391388,1785681600000,0.510000,0.500000,0.500000,0.490000,116,294
0x13b803f73923d2078be04fcb264f1db96f89bdef575badc818d3f35a1764df22,2026-08-02NDH24:35:00Z,1785681391888,1785681600000,0.510000,0.500000,0.500000,0.490000,172.42,10
0x13b803f73923d2078be04fcb264f1db96f89bdef575badc818d3f35a1764df22,2026-08-02NDH24:35:00Z,1785681392388,1785681600000,0.500000,0.490000,0.510000,0.500000,92.89,557.74
0x13b803f73923d2078be04fcb264f1db96f89bdef575badc818d3f35a1764df22,2026-08-02NDH24:35:00Z,1785681392889,1785681600000,0.530000,0.520000,0.480000,0.470000,3152.36,72.24
0x13b803f73923d2078be04fcb264f1db96f89bdef575badc818d3f35a1764df22,2026-08-02NDH24:35:00Z,1785681393387,1785681600000,0.490000,0.480000,0.520000,0.510000,155.87,5
0x13b803f73923d2078be04fcb264f1db96f89bdef575badc818d3f35a1764df22,2026-08-02NDH24:35:00Z,1785681393888,1785681600000,0.480000,0.470000,0.530000,0.520000,46.49,126.06
0x13b803f73923d2078be04fcb264f1db96f89bdef575badc818d3f35a1764df22,2026-08-02NDH24:35:00Z,1785681394388,1785681600000,0.490000,0.480000,0.520000,0.510000,148.44,157.5
0x13b803f73923d2078be04fcb264f1db96f89bdef575badc818d3f35a1764df22,2026-08-02NDH24:35:00Z,1785681394888,1785681600000,0.490000,0.480000,0.520000,0.510000,159.52,150.72
0x13b803f73923d2078be04fcb264f1db96f89bdef575badc818d3f35a1764df22,2026-08-02NDH24:35:00Z,1785681395389,1785681600000,0.490000,0.480000,0.520000,0.510000,147.52,90.07
0x13b803f73923d2078be04fcb264f1db96f89bdef575badc818d3f35a1764df22,2026-08-02NDH24:35:00Z,1785681395887,1785681600000,0.490000,0.480000,0.520000,0.510000,112.26,18.51
0x13b803f73923d2078be04fcb264f1db96f89bdef575badc818d3f35a1764df22,2026-08-02NDH24:35:00Z,1785681396388,1785681600000,0.460000,0.450000,0.550000,0.540000,34.82,370.24
0x13b803f73923d2078be04fcb264f1db96f89bdef575badc818d3f35a1764df22,2026-08-02NDH24:35:00Z,1785681396889,1785681600000,0.470000,0.460000,0.540000,0.530000,680.51,5.97
0x13b803f73923d2078be04fcb264f1db96f89bdef575badc818d3f35a1764df22,2026-08-02NDH24:35:00Z,1785681397388,1785681600000,0.470000,0.460000,0.540000,0.530000,518.68,30.3
0x13b803f73923d2078be04fcb264f1db96f89bdef575badc818d3f35a1764df22,2026-08-02NDH24:35:00Z,1785681397888,1785681600000,0.470000,0.460000,0.540000,0.530000,66.38,97.42
0x13b803f73923d2078be04fcb264f1db96f89bdef575badc818d3f35a1764df22,2026-08-02NDH24:35:00Z,1785681398388,1785681600000,0.490000,0.480000,0.520000,0.510000,40.3,30.12
0x13b803f73923d2078be04fcb264f1db96f89bdef575badc818d3f35a1764df22,2026-08-02NDH24:35:00Z,1785681398889,1785681600000,0.500000,0.490000,0.510000,0.500000,75,15
0x13b803f73923d2078be04fcb264f1db96f89bdef575badc818d3f35a1764df22,2026-08-02NDH24:35:00Z,1785681399388,1785681600000,0.500000,0.490000,0.510000,0.500000,360.3,130.51
0x13b803f73923d2078be04fcb264f1db96f89bdef575badc818d3f35a1764df22,2026-08-02NDH24:35:00Z,1785681399888,1785681600000,0.440000,0.430000,0.570000,0.560000,31.25,162.37
0x13b803f73923d2078be04fcb264f1db96f89bdef575badc818d3f35a1764df22,2026-08-02NDH24:35:00Z,1785681400388,1785681600000,0.420000,0.410000,0.590000,0.580000,114.37,16.16
0x13b803f73923d2078be04fcb264f1db96f89bdef575badc818d3f35a1764df22,2026-08-02NDH24:35:00Z,1785681400889,1785681600000,0.390000,0.380000,0.620000,0.610000,277.04,67.26
0x13b803f73923d2078be04fcb264f1db96f89bdef575badc818d3f35a1764df22,2026-08-02NDH24:35:00Z,1785681401387,1785681600000,0.390000,0.380000,0.620000,0.610000,28.88,608.49
0x13b803f73923d2078be04fcb264f1db96f89bdef575badc818d3f35a1764df22,2026-08-02NDH24:35:00Z,1785681401889,1785681600000,0.400000,0.390000,0.610000,0.600000,37.2,538.73
0x13b803f73923d2078be04fcb264f1db96f89bdef575badc818d3f35a1764df22,2026-08-02NDH24:35:00Z,1785681402388,1785681600000,0.400000,0.390000,0.610000,0.600000,34.7,528.97
0x13b803f73923d2078be04fcb264f1db96f89bdef575badc818d3f35a1764df22,2026-08-02NDH24:35:00Z,1785681402888,1785681600000,0.410000,0.400000,0.600000,0.590000,97.24,254.12
0x13b803f73923d2078be04fcb264f1db96f89bdef575badc818d3f35a1764df22,2026-08-02NDH24:35:00Z,1785681403388,1785681600000,0.410000,0.400000,0.600000,0.590000,41.28,198.31
0x13b803f73923d2078be04fcb264f1db96f89bdef575badc818d3f35a1764df22,2026-08-02NDH24:35:00Z,1785681403888,1785681600000,0.410000,0.400000,0.600000,0.590000,38.96,170.31
0x13b803f73923d2078be04fcb264f1db96f89bdef575badc818d3f35a1764df22,2026-08-02NDH24:35:00Z,1785681404389,1785681600000,0.430000,0.420000,0.580000,0.570000,72.23,403.76
0x13b803f73923d2078be04fcb264f1db96f89bdef575badc818d3f35a1764df22,2026-08-02NDH24:35:00Z,1785681404888,1785681600000,0.440000,0.430000,0.570000,0.560000,27.18,15
0x13b803f73923d2078be04fcb264f1db96f89bdef575badc818d3f35a1764df22,2026-08-02NDH24:35:00Z,1785681405390,1785681600000,0.440000,0.430000,0.570000,0.560000,441.8,13.24
0x13b803f73923d2078be04fcb264f1db96f89bdef575badc818d3f35a1764df22,2026-08-02NDH24:35:00Z,1785681405888,1785681600000,0.440000,0.430000,0.570000,0.560000,389.65,15
0x13b803f73923d2078be04fcb264f1db96f89bdef575badc818d3f35a1764df22,2026-08-02NDH24:35:00Z,1785681406388,1785681600000,0.430000,0.420000,0.580000,0.570000,269.37,12.09
0x13b803f73923d2078be04fcb264f1db96f89bdef575badc818d3f35a1764df22,2026-08-02NDH24:35:00Z,1785681406889,1785681600000,0.420000,0.410000,0.590000,0.580000,145.04,5
0x13b803f73923d2078be04fcb264f1db96f89bdef575badc818d3f35a1764df22,2026-08-02NDH24:35:00Z,1785681407389,1785681600000,0.410000,0.400000,0.600000,0.590000,215.04,5
0x13b803f73923d2078be04fcb264f1db96f89bdef575badc818d3f35a1764df22,2026-08-02NDH24:35:00Z,1785681407888,1785681600000,0.410000,0.400000,0.600000,0.590000,266.4,3.33
0x13b803f73923d2078be04fcb264f1db96f89bdef575badc818d3f35a1764df22,2026-08-02NDH24:35:00Z,1785681408388,1785681600000,0.410000,0.400000,0.600000,0.590000,263.96,3.33
0x13b803f73923d2078be04fcb264f1db96f89bdef575badc818d3f35a1764df22,2026-08-02NDH24:35:00Z,1785681408888,1785681600000,0.390000,0.380000,0.620000,0.610000,85.34,5
0x13b803f73923d2078be04fcb264f1db96f89bdef575badc818d3f35a1764df22,2026-08-02NDH24:35:00Z,1785681409388,1785681600000,0.380000,0.370000,0.630000,0.620000,31.07,405.5
0x13b803f73923d2078be04fcb264f1db96f89bdef575badc818d3f35a1764df22,2026-08-02NDH24:35:00Z,1785681409888,1785681600000,0.380000,0.370000,0.630000,0.620000,12.28,397.97
0x13b803f73923d2078be04fcb264f1db96f89bdef575badc818d3f35a1764df22,2026-08-02NDH24:35:00Z,1785681410389,1785681600000,0.440000,0.430000,0.570000,0.560000,320.07,111.79
0x13b803f73923d2078be04fcb264f1db96f89bdef575badc818d3f35a1764df22,2026-08-02NDH24:35:00Z,1785681410888,1785681600000,0.440000,0.430000,0.570000,0.560000,327.79,2.12
0x13b803f73923d2078be04fcb264f1db96f89bdef575badc818d3f35a1764df22,2026-08-02NDH24:35:00Z,1785681411387,1785681600000,0.440000,0.430000,0.570000,0.560000,380.07,2.12
0x13b803f73923d2078be04fcb264f1db96f89bdef575badc818d3f35a1764df22,2026-08-02NDH24:35:00Z,1785681411888,1785681600000,0.440000,0.430000,0.570000,0.560000,380.07,2.12
0x13b803f73923d2078be04fcb264f1db96f89bdef575badc818d3f35a1764df22,2026-08-02NDH24:35:00Z,1785681412387,1785681600000,0.440000,0.430000,0.570000,0.560000,364.16,24.12
0x13b803f73923d2078be04fcb264f1db96f89bdef575badc818d3f35a1764df22,2026-08-02NDH24:35:00Z,1785681412888,1785681600000,0.440000,0.430000,0.570000,0.560000,324.63,22
0x13b803f73923d2078be04fcb264f1db96f89bdef575badc818d3f35a1764df22,2026-08-02NDH24:35:00Z,1785681413389,1785681600000,0.440000,0.430000,0.570000,0.560000,504.48,22
0x13b803f73923d2078be04fcb264f1db96f89bdef575badc818d3f35a1764df22,2026-08-02NDH24:35:00Z,1785681413887,1785681600000,0.340000,0.330000,0.670000,0.660000,244.95,204.95
0x13b803f73923d2078be04fcb264f1db96f89bdef575badc818d3f35a1764df22,2026-08-02NDH24:35:00Z,1785681414388,1785681600000,0.310000,0.300000,0.700000,0.690000,218.03,94.57
0x13b803f73923d2078be04fcb264f1db96f89bdef575badc818d3f35a1764df22,2026-08-02NDH24:35:00Z,1785681414889,1785681600000,0.300000,0.290000,0.710000,0.700000,153.55,118.6
0x13b803f73923d2078be04fcb264f1db96f89bdef575badc818d3f35a1764df22,2026-08-02NDH24:35:00Z,1785681415389,1785681600000,0.300000,0.290000,0.710000,0.700000,35.19,128.6
0x13b803f73923d2078be04fcb264f1db96f89bdef575badc818d3f35a1764df22,2026-08-02NDH24:35:00Z,1785681415888,1785681600000,0.320000,0.310000,0.690000,0.680000,68.52,98.03
0x13b803f73923d2078be04fcb264f1db96f89bdef575badc818d3f35a1764df22,2026-08-02NDH24:35:00Z,1785681416388,1785681600000,0.390000,0.380000,0.620000,0.610000,40,100
0x13b803f73923d2078be04fcb264f1db96f89bdef575badc818d3f35a1764df22,2026-08-02NDH24:35:00Z,1785681416888,1785681600000,0.380000,0.370000,0.630000,0.620000,148.12,5
0x13b803f73923d2078be04fcb264f1db96f89bdef575badc818d3f35a1764df22,2026-08-02NDH24:35:00Z,1785681417388,1785681600000,0.350000,0.340000,0.660000,0.650000,316.54,21.94
0x13b803f73923d2078be04fcb264f1db96f89bdef575badc818d3f35a1764df22,2026-08-02NDH24:35:00Z,1785681417888,1785681600000,0.350000,0.340000,0.660000,0.650000,385.36,21.94
0x13b803f73923d2078be04fcb264f1db96f89bdef575badc818d3f35a1764df22,2026-08-02NDH24:35:00Z,1785681418389,1785681600000,0.320000,0.310000,0.690000,0.680000,351.25,157.28
0x13b803f73923d2078be04fcb264f1db96f89bdef575badc818d3f35a1764df22,2026-08-02NDH24:35:00Z,1785681418889,1785681600000,0.320000,0.310000,0.690000,0.680000,386.25,152.28
0x13b803f73923d2078be04fcb264f1db96f89bdef575badc818d3f35a1764df22,2026-08-02NDH24:35:00Z,1785681419388,1785681600000,0.320000,0.310000,0.690000,0.680000,376.87,99.18
0x13b803f73923d2078be04fcb264f1db96f89bdef575badc818d3f35a1764df22,2026-08-02NDH24:35:00Z,1785681419889,1785681600000,0.320000,0.310000,0.690000,0.680000,370.61,59.18
0x13b803f73923d2078be04fcb264f1db96f89bdef575badc818d3f35a1764df22,2026-08-02NDH24:35:00Z,1785681420388,1785681600000,0.320000,0.310000,0.690000,0.680000,361.22,40.69
0x13b803f73923d2078be04fcb264f1db96f89bdef575badc818d3f35a1764df22,2026-08-02NDH24:35:00Z,1785681420889,1785681600000,0.310000,0.300000,0.700000,0.690000,227,594.18
0x13b803f73923d2078be04fcb264f1db96f89bdef575badc818d3f35a1764df22,2026-08-02NDH24:35:00Z,1785681421387,1785681600000,0.310000,0.300000,0.700000,0.690000,185,590.02
0x13b803f73923d2078be04fcb264f1db96f89bdef575badc818d3f35a1764df22,2026-08-02NDH24:35:00Z,1785681421888,1785681600000,0.310000,0.300000,0.700000,0.690000,2.29,564.71
0x13b803f73923d2078be04fcb264f1db96f89bdef575badc818d3f35a1764df22,2026-08-02NDH24:35:00Z,1785681422389,1785681600000,0.430000,0.420000,0.580000,0.570000,29,172.44
0x13b803f73923d2078be04fcb264f1db96f89bdef575badc818d3f35a1764df22,2026-08-02NDH24:35:00Z,1785681422887,1785681600000,0.440000,0.430000,0.570000,0.560000,330.86,43.24
0x13b803f73923d2078be04fcb264f1db96f89bdef575badc818d3f35a1764df22,2026-08-02NDH24:35:00Z,1785681423389,1785681600000,0.380000,0.370000,0.630000,0.620000,62.5,300.7
0x13b803f73923d2078be04fcb264f1db96f89bdef575badc818d3f35a1764df22,2026-08-02NDH24:35:00Z,1785681423887,1785681600000,0.380000,0.370000,0.630000,0.620000,176.47,346.81
0x13b803f73923d2078be04fcb264f1db96f89bdef575badc818d3f35a1764df22,2026-08-02NDH24:35:00Z,1785681424388,1785681600000,0.370000,0.360000,0.640000,0.630000,174.36,5
0x13b803f73923d2078be04fcb264f1db96f89bdef575badc818d3f35a1764df22,2026-08-02NDH24:35:00Z,1785681424889,1785681600000,0.350000,0.340000,0.660000,0.650000,43.92,236.76
0x13b803f73923d2078be04fcb264f1db96f89bdef575badc818d3f35a1764df22,2026-08-02NDH24:35:00Z,1785681425388,1785681600000,0.350000,0.340000,0.660000,0.650000,38.72,279.76
0x13b803f73923d2078be04fcb264f1db96f89bdef575badc818d3f35a1764df22,2026-08-02NDH24:35:00Z,1785681425888,1785681600000,0.370000,0.360000,0.640000,0.630000,20.19,128.8
0x13b803f73923d2078be04fcb264f1db96f89bdef575badc818d3f35a1764df22,2026-08-02NDH24:35:00Z,1785681426389,1785681600000,0.370000,0.360000,0.640000,0.630000,179.56,5
0x13b803f73923d2078be04fcb264f1db96f89bdef575badc818d3f35a1764df22,2026-08-02NDH24:35:00Z,1785681426888,1785681600000,0.350000,0.340000,0.660000,0.650000,10,112.62
0x13b803f73923d2078be04fcb264f1db96f89bdef575badc818d3f35a1764df22,2026-08-02NDH24:35:00Z,1785681427388,1785681600000,0.390000,0.380000,0.620000,0.610000,284.57,184.95
0x13b803f73923d2078be04fcb264f1db96f89bdef575badc818d3f35a1764df22,2026-08-02NDH24:35:00Z,1785681427888,1785681600000,0.380000,0.360000,0.640000,0.620000,42.4,35
0x13b803f73923d2078be04fcb264f1db96f89bdef575badc818d3f35a1764df22,2026-08-02NDH24:35:00Z,1785681428389,1785681600000,0.360000,0.350000,0.650000,0.640000,60,17.8
0x13b803f73923d2078be04fcb264f1db96f89bdef575badc818d3f35a1764df22,2026-08-02NDH24:35:00Z,1785681428888,1785681600000,0.360000,0.350000,0.650000,0.640000,133,166.11
0x13b803f73923d2078be04fcb264f1db96f89bdef575badc818d3f35a1764df22,2026-08-02NDH24:35:00Z,1785681429388,1785681600000,0.410000,0.400000,0.600000,0.590000,16.94,471.46
0x13b803f73923d2078be04fcb264f1db96f89bdef575badc818d3f35a1764df22,2026-08-02NDH24:35:00Z,1785681429889,1785681600000,0.410000,0.400000,0.600000,0.590000,151.72,430.12
0x13b803f73923d2078be04fcb264f1db96f89bdef575badc818d3f35a1764df22,2026-08-02NDH24:35:00Z,1785681430388,1785681600000,0.410000,0.400000,0.600000,0.590000,129.22,383.12
0x13b803f73923d2078be04fcb264f1db96f89bdef575badc818d3f35a1764df22,2026-08-02NDH24:35:00Z,1785681430888,1785681600000,0.430000,0.420000,0.580000,0.570000,33,201.73
0x13b803f73923d2078be04fcb264f1db96f89bdef575badc818d3f35a1764df22,2026-08-02NDH24:35:00Z,1785681431390,1785681600000,0.430000,0.420000,0.580000,0.570000,31.5,54.62
0x13b803f73923d2078be04fcb264f1db96f89bdef575badc818d3f35a1764df22,2026-08-02NDH24:35:00Z,1785681431887,1785681600000,0.420000,0.410000,0.590000,0.580000,351.81,41.62
0x13b803f73923d2078be04fcb264f1db96f89bdef575badc818d3f35a1764df22,2026-08-02NDH24:35:00Z,1785681432388,1785681600000,0.420000,0.410000,0.590000,0.580000,373.2,16.19
0x13b803f73923d2078be04fcb264f1db96f89bdef575badc818d3f35a1764df22,2026-08-02NDH24:35:00Z,1785681432889,1785681600000,0.410000,0.400000,0.600000,0.590000,423.98,54
0x13b803f73923d2078be04fcb264f1db96f89bdef575badc818d3f35a1764df22,2026-08-02NDH24:35:00Z,1785681433389,1785681600000,0.410000,0.400000,0.600000,0.590000,423.98,45.66
0x13b803f73923d2078be04fcb264f1db96f89bdef575badc818d3f35a1764df22,2026-08-02NDH24:35:00Z,1785681433889,1785681600000,0.380000,0.370000,0.630000,0.620000,355.64,40
0x13b803f73923d2078be04fcb264f1db96f89bdef575badc818d3f35a1764df22,2026-08-02NDH24:35:00Z,1785681434388,1785681600000,0.370000,0.360000,0.640000,0.630000,75.15,19.68
0x13b803f73923d2078be04fcb264f1db96f89bdef575badc818d3f35a1764df22,2026-08-02NDH24:35:00Z,1785681434888,1785681600000,0.370000,0.360000,0.640000,0.630000,44.44,51
0x13b803f73923d2078be04fcb264f1db96f89bdef575badc818d3f35a1764df22,2026-08-02NDH24:35:00Z,1785681435388,1785681600000,0.370000,0.360000,0.640000,0.630000,161.82,15
0x13b803f73923d2078be04fcb264f1db96f89bdef575badc818d3f35a1764df22,2026-08-02NDH24:35:00Z,1785681435889,1785681600000,0.340000,0.330000,0.670000,0.660000,46.25,71.75
0x13b803f73923d2078be04fcb264f1db96f89bdef575badc818d3f35a1764df22,2026-08-02NDH24:35:00Z,1785681436389,1785681600000,0.340000,0.330000,0.670000,0.660000,304.54,46.3
0x13b803f73923d2078be04fcb264f1db96f89bdef575badc818d3f35a1764df22,2026-08-02NDH24:35:00Z,1785681436889,1785681600000,0.340000,0.330000,0.670000,0.660000,426.01,30.3
0x13b803f73923d2078be04fcb264f1db96f89bdef575badc818d3f35a1764df22,2026-08-02NDH24:35:00Z,1785681437389,1785681600000,0.340000,0.330000,0.670000,0.660000,357.48,30.3
0x13b803f73923d2078be04fcb264f1db96f89bdef575badc818d3f35a1764df22,2026-08-02NDH24:35:00Z,1785681437887,1785681600000,0.320000,0.310000,0.690000,0.680000,84.58,8.39
0x13b803f73923d2078be04fcb264f1db96f89bdef575badc818d3f35a1764df22,2026-08-02NDH24:35:00Z,1785681438389,1785681600000,0.320000,0.240000,0.760000,0.680000,157.86,22.05
0x13b803f73923d2078be04fcb264f1db96f89bdef575badc818d3f35a1764df22,2026-08-02NDH24:35:00Z,1785681438888,1785681600000,0.310000,0.300000,0.700000,0.690000,10,303.12
0x13b803f73923d2078be04fcb264f1db96f89bdef575badc818d3f35a1764df22,2026-08-02NDH24:35:00Z,1785681439389,1785681600000,0.320000,0.310000,0.690000,0.680000,92.5,20.65
0x13b803f73923d2078be04fcb264f1db96f89bdef575badc818d3f35a1764df22,2026-08-02NDH24:35:00Z,1785681439888,1785681600000,0.360000,0.350000,0.650000,0.640000,418.31,36.25
0x13b803f73923d2078be04fcb264f1db96f89bdef575badc818d3f35a1764df22,2026-08-02NDH24:35:00Z,1785681440389,1785681600000,0.360000,0.350000,0.650000,0.640000,409.78,24.25
0x13b803f73923d2078be04fcb264f1db96f89bdef575badc818d3f35a1764df22,2026-08-02NDH24:35:00Z,1785681440888,1785681600000,0.360000,0.350000,0.650000,0.640000,434.78,17.71
0x13b803f73923d2078be04fcb264f1db96f89bdef575badc818d3f35a1764df22,2026-08-02NDH24:35:00Z,1785681441389,1785681600000,0.340000,0.320000,0.680000,0.660000,31.25,29.34
0x13b803f73923d2078be04fcb264f1db96f89bdef575badc818d3f35a1764df22,2026-08-02NDH24:35:00Z,1785681441887,1785681600000,0.330000,0.320000,0.680000,0.670000,6.96,91.31
0x13b803f73923d2078be04fcb264f1db96f89bdef575badc818d3f35a1764df22,2026-08-02NDH24:35:00Z,1785681442388,1785681600000,0.350000,0.340000,0.660000,0.650000,15,205
0x13b803f73923d2078be04fcb264f1db96f89bdef575badc818d3f35a1764df22,2026-08-02NDH24:35:00Z,1785681442889,1785681600000,0.370000,0.360000,0.640000,0.630000,372.37,56.87
0x13b803f73923d2078be04fcb264f1db96f89bdef575badc818d3f35a1764df22,2026-08-02NDH24:35:00Z,1785681443387,1785681600000,0.370000,0.360000,0.640000,0.630000,347.37,39.05
0x13b803f73923d2078be04fcb264f1db96f89bdef575badc818d3f35a1764df22,2026-08-02NDH24:35:00Z,1785681443890,1785681600000,0.370000,0.360000,0.640000,0.630000,392.37,28.7
0x13b803f73923d2078be04fcb264f1db96f89bdef575badc818d3f35a1764df22,2026-08-02NDH24:35:00Z,1785681444387,1785681600000,0.370000,0.360000,0.640000,0.630000,397.37,28.7
0x13b803f73923d2078be04fcb264f1db96f89bdef575badc818d3f35a1764df22,2026-08-02NDH24:35:00Z,1785681444888,1785681600000,0.370000,0.360000,0.640000,0.630000,362.6,27.13
0x13b803f73923d2078be04fcb264f1db96f89bdef575badc818d3f35a1764df22,2026-08-02NDH24:35:00Z,1785681445388,1785681600000,0.370000,0.360000,0.640000,0.630000,360.84,14.62
0x13b803f73923d2078be04fcb264f1db96f89bdef575badc818d3f35a1764df22,2026-08-02NDH24:35:00Z,1785681445889,1785681600000,0.370000,0.360000,0.640000,0.630000,360.84,14.62
0x13b803f73923d2078be04fcb264f1db96f89bdef575badc818d3f35a1764df22,2026-08-02NDH24:35:00Z,1785681446388,1785681600000,0.440000,0.430000,0.570000,0.560000,154.79,23.95
0x13b803f73923d2078be04fcb264f1db96f89bdef575badc818d3f35a1764df22,2026-08-02NDH24:35:00Z,1785681446888,1785681600000,0.440000,0.430000,0.570000,0.560000,165.51,10
0x13b803f73923d2078be04fcb264f1db96f89bdef575badc818d3f35a1764df22,2026-08-02NDH24:35:00Z,1785681447389,1785681600000,0.420000,0.410000,0.590000,0.580000,134.5,50
0x13b803f73923d2078be04fcb264f1db96f89bdef575badc818d3f35a1764df22,2026-08-02NDH24:35:00Z,1785681447888,1785681600000,0.420000,0.410000,0.590000,0.580000,34.75,59.06
0x13b803f73923d2078be04fcb264f1db96f89bdef575badc818d3f35a1764df22,2026-08-02NDH24:35:00Z,1785681448388,1785681600000,0.430000,0.420000,0.580000,0.570000,5.34,223.5
0x13b803f73923d2078be04fcb264f1db96f89bdef575badc818d3f35a1764df22,2026-08-02NDH24:35:00Z,1785681448887,1785681600000,0.440000,0.430000,0.570000,0.560000,128.64,82.24
0x13b803f73923d2078be04fcb264f1db96f89bdef575badc818d3f35a1764df22,2026-08-02NDH24:35:00Z,1785681449389,1785681600000,0.440000,0.430000,0.570000,0.560000,133.64,71.45
0x13b803f73923d2078be04fcb264f1db96f89bdef575badc818d3f35a1764df22,2026-08-02NDH24:35:00Z,1785681449888,1785681600000,0.450000,0.440000,0.560000,0.550000,29.07,163.51
0x13b803f73923d2078be04fcb264f1db96f89bdef575badc818d3f35a1764df22,2026-08-02NDH24:35:00Z,1785681450389,1785681600000,0.450000,0.440000,0.560000,0.550000,11.97,166.61
0x13b803f73923d2078be04fcb264f1db96f89bdef575badc818d3f35a1764df22,2026-08-02NDH24:35:00Z,1785681450889,1785681600000,0.450000,0.440000,0.560000,0.550000,0.85,212.3
0x13b803f73923d2078be04fcb264f1db96f89bdef575badc818d3f35a1764df22,2026-08-02NDH24:35:00Z,1785681451388,1785681600000,0.450000,0.440000,0.560000,0.550000,78.34,51.99
0x13b803f73923d2078be04fcb264f1db96f89bdef575badc818d3f35a1764df22,2026-08-02NDH24:35:00Z,1785681451888,1785681600000,0.450000,0.440000,0.560000,0.550000,67.59,48.05
0x13b803f73923d2078be04fcb264f1db96f89bdef575badc818d3f35a1764df22,2026-08-02NDH24:35:00Z,1785681452388,1785681600000,0.450000,0.440000,0.560000,0.550000,42.67,83.05
0x13b803f73923d2078be04fcb264f1db96f89bdef575badc818d3f35a1764df22,2026-08-02NDH24:35:00Z,1785681452888,1785681600000,0.530000,0.450000,0.550000,0.470000,2152.86,65
0x13b803f73923d2078be04fcb264f1db96f89bdef575badc818d3f35a1764df22,2026-08-02NDH24:35:00Z,1785681453388,1785681600000,0.510000,0.500000,0.500000,0.490000,36.3,20
0x13b803f73923d2078be04fcb264f1db96f89bdef575badc818d3f35a1764df22,2026-08-02NDH24:35:00Z,1785681453888,1785681600000,0.510000,0.500000,0.500000,0.490000,429.06,146.88
0x13b803f73923d2078be04fcb264f1db96f89bdef575badc818d3f35a1764df22,2026-08-02NDH24:35:00Z,1785681454388,1785681600000,0.510000,0.500000,0.500000,0.490000,466.43,12.56
0x13b803f73923d2078be04fcb264f1db96f89bdef575badc818d3f35a1764df22,2026-08-02NDH24:35:00Z,1785681454888,1785681600000,0.500000,0.490000,0.510000,0.500000,757.25,35.84
0x13b803f73923d2078be04fcb264f1db96f89bdef575badc818d3f35a1764df22,2026-08-02NDH24:35:00Z,1785681455389,1785681600000,0.480000,0.470000,0.530000,0.520000,153,110.73
0x13b803f73923d2078be04fcb264f1db96f89bdef575badc818d3f35a1764df22,2026-08-02NDH24:35:00Z,1785681455888,1785681600000,0.480000,0.470000,0.530000,0.520000,188.3,90
0x13b803f73923d2078be04fcb264f1db96f89bdef575badc818d3f35a1764df22,2026-08-02NDH24:35:00Z,1785681456389,1785681600000,0.480000,0.470000,0.530000,0.520000,186.21,85.35
0x13b803f73923d2078be04fcb264f1db96f89bdef575badc818d3f35a1764df22,2026-08-02NDH24:35:00Z,1785681456888,1785681600000,0.480000,0.470000,0.530000,0.520000,201.07,30
0x13b803f73923d2078be04fcb264f1db96f89bdef575badc818d3f35a1764df22,2026-08-02NDH24:35:00Z,1785681457388,1785681600000,0.470000,0.460000,0.540000,0.530000,212.8,85.15
0x13b803f73923d2078be04fcb264f1db96f89bdef575badc818d3f35a1764df22,2026-08-02NDH24:35:00Z,1785681457888,1785681600000,0.470000,0.460000,0.540000,0.530000,201.84,74.49
0x13b803f73923d2078be04fcb264f1db96f89bdef575badc818d3f35a1764df22,2026-08-02NDH24:35:00Z,1785681458388,1785681600000,0.450000,0.440000,0.560000,0.550000,141.82,51.11
0x13b803f73923d2078be04fcb264f1db96f89bdef575badc818d3f35a1764df22,2026-08-02NDH24:35:00Z,1785681458888,1785681600000,0.450000,0.440000,0.560000,0.550000,203.95,24.04
0x13b803f73923d2078be04fcb264f1db96f89bdef575badc818d3f35a1764df22,2026-08-02NDH24:35:00Z,1785681459388,1785681600000,0.450000,0.440000,0.560000,0.550000,259.4,24.04
0x13b803f73923d2078be04fcb264f1db96f89bdef575badc818d3f35a1764df22,2026-08-02NDH24:35:00Z,1785681459889,1785681600000,0.430000,0.420000,0.580000,0.570000,216.48,229.27
0x13b803f73923d2078be04fcb264f1db96f89bdef575badc818d3f35a1764df22,2026-08-02NDH24:35:00Z,1785681460388,1785681600000,0.430000,0.420000,0.580000,0.570000,5,283.27
0x13b803f73923d2078be04fcb264f1db96f89bdef575badc818d3f35a1764df22,2026-08-02NDH24:35:00Z,1785681460889,1785681600000,0.470000,0.460000,0.540000,0.530000,102.04,46.25
0x13b803f73923d2078be04fcb264f1db96f89bdef575badc818d3f35a1764df22,2026-08-02NDH24:35:00Z,1785681461387,1785681600000,0.470000,0.460000,0.540000,0.530000,175.49,35.02
0x13b803f73923d2078be04fcb264f1db96f89bdef575badc818d3f35a1764df22,2026-08-02NDH24:35:00Z,1785681461888,1785681600000,0.420000,0.410000,0.590000,0.580000,228.15,7.97
0x13b803f73923d2078be04fcb264f1db96f89bdef575badc818d3f35a1764df22,2026-08-02NDH24:35:00Z,1785681462388,1785681600000,0.390000,0.360000,0.640000,0.610000,93.2,59.15
0x13b803f73923d2078be04fcb264f1db96f89bdef575badc818d3f35a1764df22,2026-08-02NDH24:35:00Z,1785681462888,1785681600000,0.410000,0.400000,0.600000,0.590000,10,214.27
0x13b803f73923d2078be04fcb264f1db96f89bdef575badc818d3f35a1764df22,2026-08-02NDH24:35:00Z,1785681463388,1785681600000,0.430000,0.420000,0.580000,0.570000,5,224.38
0x13b803f73923d2078be04fcb264f1db96f89bdef575badc818d3f35a1764df22,2026-08-02NDH24:35:00Z,1785681463888,1785681600000,0.440000,0.430000,0.570000,0.560000,304.8,61.25
0x13b803f73923d2078be04fcb264f1db96f89bdef575badc818d3f35a1764df22,2026-08-02NDH24:35:00Z,1785681464388,1785681600000,0.440000,0.430000,0.570000,0.560000,346.61,13.69
0x13b803f73923d2078be04fcb264f1db96f89bdef575badc818d3f35a1764df22,2026-08-02NDH24:35:00Z,1785681464888,1785681600000,0.420000,0.400000,0.600000,0.580000,66.1,62.69
0x13b803f73923d2078be04fcb264f1db96f89bdef575badc818d3f35a1764df22,2026-08-02NDH24:35:00Z,1785681465388,1785681600000,0.420000,0.410000,0.590000,0.580000,149.81,101.36
0x13b803f73923d2078be04fcb264f1db96f89bdef575badc818d3f35a1764df22,2026-08-02NDH24:35:00Z,1785681465889,1785681600000,0.420000,0.410000,0.590000,0.580000,147.42,101.36
0x13b803f73923d2078be04fcb264f1db96f89bdef575badc818d3f35a1764df22,2026-08-02NDH24:35:00Z,1785681466389,1785681600000,0.430000,0.420000,0.580000,0.570000,35.68,115.23
0x13b803f73923d2078be04fcb264f1db96f89bdef575badc818d3f35a1764df22,2026-08-02NDH24:35:00Z,1785681466888,1785681600000,0.430000,0.420000,0.580000,0.570000,29.09,115.23
0x13b803f73923d2078be04fcb264f1db96f89bdef575badc818d3f35a1764df22,2026-08-02NDH24:35:00Z,1785681467388,1785681600000,0.430000,0.420000,0.580000,0.570000,23,90.51
0x13b803f73923d2078be04fcb264f1db96f89bdef575badc818d3f35a1764df22,2026-08-02NDH24:35:00Z,1785681467889,1785681600000,0.430000,0.420000,0.580000,0.570000,2.67,151.51
0x13b803f73923d2078be04fcb264f1db96f89bdef575badc818d3f35a1764df22,2026-08-02NDH24:35:00Z,1785681468388,1785681600000,0.470000,0.460000,0.540000,0.530000,581.03,10
0x13b803f73923d2078be04fcb264f1db96f89bdef575badc818d3f35a1764df22,2026-08-02NDH24:35:00Z,1785681468889,1785681600000,0.470000,0.460000,0.540000,0.530000,586.03,26
0x13b803f73923d2078be04fcb264f1db96f89bdef575badc818d3f35a1764df22,2026-08-02NDH24:35:00Z,1785681469387,1785681600000,0.470000,0.460000,0.540000,0.530000,641.52,26
0x13b803f73923d2078be04fcb264f1db96f89bdef575badc818d3f35a1764df22,2026-08-02NDH24:35:00Z,1785681469888,1785681600000,0.450000,0.440000,0.560000,0.550000,50.59,22.44
0x13b803f73923d2078be04fcb264f1db96f89bdef575badc818d3f35a1764df22,2026-08-02NDH24:35:00Z,1785681470388,1785681600000,0.440000,0.430000,0.570000,0.560000,123.47,36.22
0x13b803f73923d2078be04fcb264f1db96f89bdef575badc818d3f35a1764df22,2026-08-02NDH24:35:00Z,1785681470889,1785681600000,0.440000,0.430000,0.570000,0.560000,112.19,5
0x13b803f73923d2078be04fcb264f1db96f89bdef575badc818d3f35a1764df22,2026-08-02NDH24:35:00Z,1785681471389,1785681600000,0.430000,0.420000,0.580000,0.570000,124.74,14
0x13b803f73923d2078be04fcb264f1db96f89bdef575badc818d3f35a1764df22,2026-08-02NDH24:35:00Z,1785681471888,1785681600000,0.420000,0.330000,0.670000,0.580000,51.25,107
0x13b803f73923d2078be04fcb264f1db96f89bdef575badc818d3f35a1764df22,2026-08-02NDH24:35:00Z,1785681472389,1785681600000,0.410000,0.400000,0.600000,0.590000,34.5,181.08
0x13b803f73923d2078be04fcb264f1db96f89bdef575badc818d3f35a1764df22,2026-08-02NDH24:35:00Z,1785681472889,1785681600000,0.410000,0.400000,0.600000,0.590000,14.5,184.58
0x13b803f73923d2078be04fcb264f1db96f89bdef575badc818d3f35a1764df22,2026-08-02NDH24:35:00Z,1785681473388,1785681600000,0.410000,0.400000,0.600000,0.590000,9.5,223.58
0x13b803f73923d2078be04fcb264f1db96f89bdef575badc818d3f35a1764df22,2026-08-02NDH24:35:00Z,1785681473889,1785681600000,0.410000,0.400000,0.600000,0.590000,9.5,165.46
0x13b803f73923d2078be04fcb264f1db96f89bdef575badc818d3f35a1764df22,2026-08-02NDH24:35:00Z,1785681474387,1785681600000,0.450000,0.440000,0.560000,0.550000,139,26.36
0x13b803f73923d2078be04fcb264f1db96f89bdef575badc818d3f35a1764df22,2026-08-02NDH24:35:00Z,1785681474888,1785681600000,0.450000,0.440000,0.560000,0.550000,133.91,26.36
0x13b803f73923d2078be04fcb264f1db96f89bdef575badc818d3f35a1764df22,2026-08-02NDH24:35:00Z,1785681475389,1785681600000,0.450000,0.440000,0.560000,0.550000,89.91,49.19
0x13b803f73923d2078be04fcb264f1db96f89bdef575badc818d3f35a1764df22,2026-08-02NDH24:35:00Z,1785681475888,1785681600000,0.450000,0.440000,0.560000,0.550000,291.05,27.72
0x13b803f73923d2078be04fcb264f1db96f89bdef575badc818d3f35a1764df22,2026-08-02NDH24:35:00Z,1785681476388,1785681600000,0.450000,0.440000,0.560000,0.550000,261.44,27.72
0x13b803f73923d2078be04fcb264f1db96f89bdef575badc818d3f35a1764df22,2026-08-02NDH24:35:00Z,1785681476888,1785681600000,0.450000,0.440000,0.560000,0.550000,248.09,27.72
0x13b803f73923d2078be04fcb264f1db96f89bdef575badc818d3f35a1764df22,2026-08-02NDH24:35:00Z,1785681477388,1785681600000,0.450000,0.440000,0.560000,0.550000,225.86,25.02
0x13b803f73923d2078be04fcb264f1db96f89bdef575badc818d3f35a1764df22,2026-08-02NDH24:35:00Z,1785681477888,1785681600000,0.450000,0.440000,0.560000,0.550000,5,180.46
0x13b803f73923d2078be04fcb264f1db96f89bdef575badc818d3f35a1764df22,2026-08-02NDH24:35:00Z,1785681478387,1785681600000,0.470000,0.460000,0.540000,0.530000,131.15,122.4
0x13b803f73923d2078be04fcb264f1db96f89bdef575badc818d3f35a1764df22,2026-08-02NDH24:35:00Z,1785681478889,1785681600000,0.480000,0.470000,0.530000,0.520000,414.14,25
0x13b803f73923d2078be04fcb264f1db96f89bdef575badc818d3f35a1764df22,2026-08-02NDH24:35:00Z,1785681479387,1785681600000,0.480000,0.470000,0.530000,0.520000,373.23,20
0x13b803f73923d2078be04fcb264f1db96f89bdef575badc818d3f35a1764df22,2026-08-02NDH24:35:00Z,1785681479888,1785681600000,0.490000,0.480000,0.520000,0.510000,21.1,408.99
0x13b803f73923d2078be04fcb264f1db96f89bdef575badc818d3f35a1764df22,2026-08-02NDH24:35:00Z,1785681480388,1785681600000,0.490000,0.480000,0.520000,0.510000,165.66,158
0x13b803f73923d2078be04fcb264f1db96f89bdef575badc818d3f35a1764df22,2026-08-02NDH24:35:00Z,1785681480890,1785681600000,0.490000,0.480000,0.520000,0.510000,42,360.69
0x13b803f73923d2078be04fcb264f1db96f89bdef575badc818d3f35a1764df22,2026-08-02NDH24:35:00Z,1785681481388,1785681600000,0.490000,0.480000,0.520000,0.510000,20,365.69
0x13b803f73923d2078be04fcb264f1db96f89bdef575badc818d3f35a1764df22,2026-08-02NDH24:35:00Z,1785681481889,1785681600000,0.490000,0.480000,0.520000,0.510000,14.08,463.69
0x13b803f73923d2078be04fcb264f1db96f89bdef575badc818d3f35a1764df22,2026-08-02NDH24:35:00Z,1785681482387,1785681600000,0.490000,0.480000,0.520000,0.510000,14.08,463.05
0x13b803f73923d2078be04fcb264f1db96f89bdef575badc818d3f35a1764df22,2026-08-02NDH24:35:00Z,1785681482888,1785681600000,0.490000,0.480000,0.520000,0.510000,186.9,34
0x13b803f73923d2078be04fcb264f1db96f89bdef575badc818d3f35a1764df22,2026-08-02NDH24:35:00Z,1785681483388,1785681600000,0.490000,0.480000,0.520000,0.510000,33.78,44.8
0x13b803f73923d2078be04fcb264f1db96f89bdef575badc818d3f35a1764df22,2026-08-02NDH24:35:00Z,1785681483889,1785681600000,0.490000,0.470000,0.530000,0.510000,8.25,39.82
0x13b803f73923d2078be04fcb264f1db96f89bdef575badc818d3f35a1764df22,2026-08-02NDH24:35:00Z,1785681484388,1785681600000,0.530000,0.520000,0.480000,0.470000,1993.99,226.16
0x13b803f73923d2078be04fcb264f1db96f89bdef575badc818d3f35a1764df22,2026-08-02NDH24:35:00Z,1785681484888,1785681600000,0.530000,0.520000,0.480000,0.470000,1795.66,449.81
0x13b803f73923d2078be04fcb264f1db96f89bdef575badc818d3f35a1764df22,2026-08-02NDH24:35:00Z,1785681485389,1785681600000,0.530000,0.520000,0.480000,0.470000,1021.94,274.24
0x13b803f73923d2078be04fcb264f1db96f89bdef575badc818d3f35a1764df22,2026-08-02NDH24:35:00Z,1785681485887,1785681600000,0.530000,0.520000,0.480000,0.470000,745.93,311.56
0x13b803f73923d2078be04fcb264f1db96f89bdef575badc818d3f35a1764df22,2026-08-02NDH24:35:00Z,1785681486389,1785681600000,0.670000,0.660000,0.340000,0.330000,406.01,140.8
0x13b803f73923d2078be04fcb264f1db96f89bdef575badc818d3f35a1764df22,2026-08-02NDH24:35:00Z,1785681486888,1785681600000,0.630000,0.620000,0.380000,0.370000,74,38.67
0x13b803f73923d2078be04fcb264f1db96f89bdef575badc818d3f35a1764df22,2026-08-02NDH24:35:00Z,1785681487387,1785681600000,0.570000,0.560000,0.440000,0.430000,247.76,145.69
0x13b803f73923d2078be04fcb264f1db96f89bdef575badc818d3f35a1764df22,2026-08-02NDH24:35:00Z,1785681487888,1785681600000,0.570000,0.560000,0.440000,0.430000,2605.02,195.77
0x13b803f73923d2078be04fcb264f1db96f89bdef575badc818d3f35a1764df22,2026-08-02NDH24:35:00Z,1785681488388,1785681600000,0.570000,0.560000,0.440000,0.430000,2157.31,153.06
0x13b803f73923d2078be04fcb264f1db96f89bdef575badc818d3f35a1764df22,2026-08-02NDH24:35:00Z,1785681488888,1785681600000,0.570000,0.560000,0.440000,0.430000,2034.94,88.35
0x13b803f73923d2078be04fcb264f1db96f89bdef575badc818d3f35a1764df22,2026-08-02NDH24:35:00Z,1785681489388,1785681600000,0.550000,0.540000,0.460000,0.450000,184.71,42.19
0x13b803f73923d2078be04fcb264f1db96f89bdef575badc818d3f35a1764df22,2026-08-02NDH24:35:00Z,1785681489889,1785681600000,0.550000,0.540000,0.460000,0.450000,90.16,166.89
0x13b803f73923d2078be04fcb264f1db96f89bdef575badc818d3f35a1764df22,2026-08-02NDH24:35:00Z,1785681490388,1785681600000,0.540000,0.530000,0.470000,0.460000,50.07,414.65
0x13b803f73923d2078be04fcb264f1db96f89bdef575badc818d3f35a1764df22,2026-08-02NDH24:35:00Z,1785681490888,1785681600000,0.560000,0.550000,0.450000,0.440000,1192.58,566.73
0x13b803f73923d2078be04fcb264f1db96f89bdef575badc818d3f35a1764df22,2026-08-02NDH24:35:00Z,1785681491388,1785681600000,0.690000,0.680000,0.320000,0.310000,66.38,184.42
0x13b803f73923d2078be04fcb264f1db96f89bdef575badc818d3f35a1764df22,2026-08-02NDH24:35:00Z,1785681491888,1785681600000,0.560000,0.550000,0.450000,0.440000,297.82,69.49
0x13b803f73923d2078be04fcb264f1db96f89bdef575badc818d3f35a1764df22,2026-08-02NDH24:35:00Z,1785681492389,1785681600000,0.550000,0.540000,0.460000,0.450000,13.7,19.22
0x13b803f73923d2078be04fcb264f1db96f89bdef575badc818d3f35a1764df22,2026-08-02NDH24:35:00Z,1785681492889,1785681600000,0.430000,0.420000,0.580000,0.570000,1197.8,2.88
0x13b803f73923d2078be04fcb264f1db96f89bdef575badc818d3f35a1764df22,2026-08-02NDH24:35:00Z,1785681493388,1785681600000,0.430000,0.420000,0.580000,0.570000,60.74,165.45
0x13b803f73923d2078be04fcb264f1db96f89bdef575badc818d3f35a1764df22,2026-08-02NDH24:35:00Z,1785681493888,1785681600000,0.370000,0.350000,0.650000,0.630000,188.95,26
0x13b803f73923d2078be04fcb264f1db96f89bdef575badc818d3f35a1764df22,2026-08-02NDH24:35:00Z,1785681494388,1785681600000,0.360000,0.350000,0.650000,0.640000,131.83,184.84
0x13b803f73923d2078be04fcb264f1db96f89bdef575badc818d3f35a1764df22,2026-08-02NDH24:35:00Z,1785681494888,1785681600000,0.430000,0.420000,0.580000,0.570000,130,10
0x13b803f73923d2078be04fcb264f1db96f89bdef575badc818d3f35a1764df22,2026-08-02NDH24:35:00Z,1785681495388,1785681600000,0.410000,0.400000,0.600000,0.590000,23.8,116.67
0x13b803f73923d2078be04fcb264f1db96f89bdef575badc818d3f35a1764df22,2026-08-02NDH24:35:00Z,1785681495888,1785681600000,0.410000,0.400000,0.600000,0.590000,10,50.66
0x13b803f73923d2078be04fcb264f1db96f89bdef575badc818d3f35a1764df22,2026-08-02NDH24:35:00Z,1785681496388,1785681600000,0.440000,0.430000,0.570000,0.560000,440.75,0.48
0x13b803f73923d2078be04fcb264f1db96f89bdef575badc818d3f35a1764df22,2026-08-02NDH24:35:00Z,1785681496889,1785681600000,0.430000,0.420000,0.580000,0.570000,12.74,188.5
0x13b803f73923d2078be04fcb264f1db96f89bdef575badc818d3f35a1764df22,2026-08-02NDH24:35:00Z,1785681497388,1785681600000,0.450000,0.440000,0.560000,0.550000,34,74.01
0x13b803f73923d2078be04fcb264f1db96f89bdef575badc818d3f35a1764df22,2026-08-02NDH24:35:00Z,1785681497888,1785681600000,0.500000,0.450000,0.550000,0.500000,113.56,391
0x13b803f73923d2078be04fcb264f1db96f89bdef575badc818d3f35a1764df22,2026-08-02NDH24:35:00Z,1785681498389,1785681600000,0.490000,0.480000,0.520000,0.510000,368.86,15.8
0x13b803f73923d2078be04fcb264f1db96f89bdef575badc818d3f35a1764df22,2026-08-02NDH24:35:00Z,1785681498888,1785681600000,0.460000,0.450000,0.550000,0.540000,20,66.1
0x13b803f73923d2078be04fcb264f1db96f89bdef575badc818d3f35a1764df22,2026-08-02NDH24:35:00Z,1785681499388,1785681600000,0.480000,0.470000,0.530000,0.520000,105,8.58
0x13b803f73923d2078be04fcb264f1db96f89bdef575badc818d3f35a1764df22,2026-08-02NDH24:35:00Z,1785681499888,1785681600000,0.430000,0.420000,0.580000,0.570000,141.58,27
0x13b803f73923d2078be04fcb264f1db96f89bdef575badc818d3f35a1764df22,2026-08-02NDH24:35:00Z,1785681500389,1785681600000,0.390000,0.380000,0.620000,0.610000,54.63,125
0x13b803f73923d2078be04fcb264f1db96f89bdef575badc818d3f35a1764df22,2026-08-02NDH24:35:00Z,1785681500889,1785681600000,0.430000,0.420000,0.580000,0.570000,18.48,48.07
0x13b803f73923d2078be04fcb264f1db96f89bdef575badc818d3f35a1764df22,2026-08-02NDH24:35:00Z,1785681501388,1785681600000,0.440000,0.430000,0.570000,0.560000,89.75,20
0x13b803f73923d2078be04fcb264f1db96f89bdef575badc818d3f35a1764df22,2026-08-02NDH24:35:00Z,1785681501888,1785681600000,0.400000,0.370000,0.630000,0.600000,85.29,5
0x13b803f73923d2078be04fcb264f1db96f89bdef575badc818d3f35a1764df22,2026-08-02NDH24:35:00Z,1785681502388,1785681600000,0.410000,0.400000,0.600000,0.590000,51.56,168.83
0x13b803f73923d2078be04fcb264f1db96f89bdef575badc818d3f35a1764df22,2026-08-02NDH24:35:00Z,1785681502887,1785681600000,0.410000,0.400000,0.600000,0.590000,60.56,93.99
0x13b803f73923d2078be04fcb264f1db96f89bdef575badc818d3f35a1764df22,2026-08-02NDH24:35:00Z,1785681503388,1785681600000,0.410000,0.400000,0.600000,0.590000,10,454.04
0x13b803f73923d2078be04fcb264f1db96f89bdef575badc818d3f35a1764df22,2026-08-02NDH24:35:00Z,1785681503888,1785681600000,0.440000,0.430000,0.570000,0.560000,163.03,40
0x13b803f73923d2078be04fcb264f1db96f89bdef575badc818d3f35a1764df22,2026-08-02NDH24:35:00Z,1785681504389,1785681600000,0.430000,0.420000,0.580000,0.570000,43.69,55
0x13b803f73923d2078be04fcb264f1db96f89bdef575badc818d3f35a1764df22,2026-08-02NDH24:35:00Z,1785681504887,1785681600000,0.430000,0.420000,0.580000,0.570000,69.69,4.04
0x13b803f73923d2078be04fcb264f1db96f89bdef575badc818d3f35a1764df22,2026-08-02NDH24:35:00Z,1785681505388,1785681600000,0.430000,0.420000,0.580000,0.570000,74.69,20
0x13b803f73923d2078be04fcb264f1db96f89bdef575badc818d3f35a1764df22,2026-08-02NDH24:35:00Z,1785681505888,1785681600000,0.430000,0.420000,0.580000,0.570000,78.44,20
0x13b803f73923d2078be04fcb264f1db96f89bdef575badc818d3f35a1764df22,2026-08-02NDH24:35:00Z,1785681506389,1785681600000,0.410000,0.400000,0.600000,0.590000,92.86,26.38
0x13b803f73923d2078be04fcb264f1db96f89bdef575badc818d3f35a1764df22,2026-08-02NDH24:35:00Z,1785681506890,1785681600000,0.400000,0.330000,0.670000,0.600000,24,28.68
0x13b803f73923d2078be04fcb264f1db96f89bdef575badc818d3f35a1764df22,2026-08-02NDH24:35:00Z,1785681507388,1785681600000,0.340000,0.330000,0.670000,0.660000,60.02,169.72
0x13b803f73923d2078be04fcb264f1db96f89bdef575badc818d3f35a1764df22,2026-08-02NDH24:35:00Z,1785681507888,1785681600000,0.340000,0.330000,0.670000,0.660000,110.72,164.02
0x13b803f73923d2078be04fcb264f1db96f89bdef575badc818d3f35a1764df22,2026-08-02NDH24:35:00Z,1785681508388,1785681600000,0.420000,0.340000,0.660000,0.580000,34.04,49
0x13b803f73923d2078be04fcb264f1db96f89bdef575badc818d3f35a1764df22,2026-08-02NDH24:35:00Z,1785681508888,1785681600000,0.360000,0.350000,0.650000,0.640000,30,50
0x13b803f73923d2078be04fcb264f1db96f89bdef575badc818d3f35a1764df22,2026-08-02NDH24:35:00Z,1785681509388,1785681600000,0.360000,0.350000,0.650000,0.640000,1.11,113.98
0x13b803f73923d2078be04fcb264f1db96f89bdef575badc818d3f35a1764df22,2026-08-02NDH24:35:00Z,1785681509889,1785681600000,0.400000,0.390000,0.610000,0.600000,134.05,50
0x13b803f73923d2078be04fcb264f1db96f89bdef575badc818d3f35a1764df22,2026-08-02NDH24:35:00Z,1785681510388,1785681600000,0.400000,0.390000,0.610000,0.600000,106.55,40
0x13b803f73923d2078be04fcb264f1db96f89bdef575badc818d3f35a1764df22,2026-08-02NDH24:35:00Z,1785681510888,1785681600000,0.390000,0.380000,0.620000,0.610000,475.59,30
0x13b803f73923d2078be04fcb264f1db96f89bdef575badc818d3f35a1764df22,2026-08-02NDH24:35:00Z,1785681511389,1785681600000,0.360000,0.350000,0.650000,0.640000,10,5
0x13b803f73923d2078be04fcb264f1db96f89bdef575badc818d3f35a1764df22,2026-08-02NDH24:35:00Z,1785681511887,1785681600000,0.350000,0.340000,0.660000,0.650000,46.65,5
0x13b803f73923d2078be04fcb264f1db96f89bdef575badc818d3f35a1764df22,2026-08-02NDH24:35:00Z,1785681512388,1785681600000,0.320000,0.310000,0.690000,0.680000,75,47.03
0x13b803f73923d2078be04fcb264f1db96f89bdef575badc818d3f35a1764df22,2026-08-02NDH24:35:00Z,1785681512889,1785681600000,0.340000,0.330000,0.670000,0.660000,401,81.02
0x13b803f73923d2078be04fcb264f1db96f89bdef575badc818d3f35a1764df22,2026-08-02NDH24:35:00Z,1785681513387,1785681600000,0.340000,0.330000,0.670000,0.660000,361.15,81.02
0x13b803f73923d2078be04fcb264f1db96f89bdef575badc818d3f35a1764df22,2026-08-02NDH24:35:00Z,1785681513890,1785681600000,0.340000,0.330000,0.670000,0.660000,324.47,45.71
0x13b803f73923d2078be04fcb264f1db96f89bdef575badc818d3f35a1764df22,2026-08-02NDH24:35:00Z,1785681514388,1785681600000,0.320000,0.310000,0.690000,0.680000,15,45
0x13b803f73923d2078be04fcb264f1db96f89bdef575badc818d3f35a1764df22,2026-08-02NDH24:35:00Z,1785681514887,1785681600000,0.350000,0.340000,0.660000,0.650000,80,25
0x13b803f73923d2078be04fcb264f1db96f89bdef575badc818d3f35a1764df22,2026-08-02NDH24:35:00Z,1785681515388,1785681600000,0.310000,0.300000,0.700000,0.690000,67.46,810.29
0x13b803f73923d2078be04fcb264f1db96f89bdef575badc818d3f35a1764df22,2026-08-02NDH24:35:00Z,1785681515889,1785681600000,0.330000,0.320000,0.680000,0.670000,64.19,85.35
0x13b803f73923d2078be04fcb264f1db96f89bdef575badc818d3f35a1764df22,2026-08-02NDH24:35:00Z,1785681516388,1785681600000,0.330000,0.320000,0.680000,0.670000,92.77,15.3
0x13b803f73923d2078be04fcb264f1db96f89bdef575badc818d3f35a1764df22,2026-08-02NDH24:35:00Z,1785681516888,1785681600000,0.370000,0.360000,0.640000,0.630000,603.92,5
0x13b803f73923d2078be04fcb264f1db96f89bdef575badc818d3f35a1764df22,2026-08-02NDH24:35:00Z,1785681517387,1785681600000,0.350000,0.340000,0.660000,0.650000,73,32.27
0x13b803f73923d2078be04fcb264f1db96f89bdef575badc818d3f35a1764df22,2026-08-02NDH24:35:00Z,1785681517888,1785681600000,0.350000,0.340000,0.660000,0.650000,26.14,8.96
0x13b803f73923d2078be04fcb264f1db96f89bdef575badc818d3f35a1764df22,2026-08-02NDH24:35:00Z,1785681518389,1785681600000,0.330000,0.320000,0.680000,0.670000,36.64,84
0x13b803f73923d2078be04fcb264f1db96f89bdef575badc818d3f35a1764df22,2026-08-02NDH24:35:00Z,1785681518887,1785681600000,0.330000,0.320000,0.680000,0.670000,18.44,162.64
0x13b803f73923d2078be04fcb264f1db96f89bdef575badc818d3f35a1764df22,2026-08-02NDH24:35:00Z,1785681519389,1785681600000,0.330000,0.320000,0.680000,0.670000,114.24,98.23
0x13b803f73923d2078be04fcb264f1db96f89bdef575badc818d3f35a1764df22,2026-08-02NDH24:35:00Z,1785681519887,1785681600000,0.350000,0.330000,0.670000,0.650000,20.13,75
0x13b803f73923d2078be04fcb264f1db96f89bdef575badc818d3f35a1764df22,2026-08-02NDH24:35:00Z,1785681520389,1785681600000,0.370000,0.360000,0.640000,0.630000,132.58,5
0x13b803f73923d2078be04fcb264f1db96f89bdef575badc818d3f35a1764df22,2026-08-02NDH24:35:00Z,1785681520888,1785681600000,0.360000,0.350000,0.650000,0.640000,124,40
0x13b803f73923d2078be04fcb264f1db96f89bdef575badc818d3f35a1764df22,2026-08-02NDH24:35:00Z,1785681521389,1785681600000,0.360000,0.350000,0.650000,0.640000,60,53.22
0x13b803f73923d2078be04fcb264f1db96f89bdef575badc818d3f35a1764df22,2026-08-02NDH24:35:00Z,1785681521887,1785681600000,0.360000,0.350000,0.650000,0.640000,20,13.22
0x13b803f73923d2078be04fcb264f1db96f89bdef575badc818d3f35a1764df22,2026-08-02NDH24:35:00Z,1785681522388,1785681600000,0.350000,0.340000,0.660000,0.650000,90,7.34
0x13b803f73923d2078be04fcb264f1db96f89bdef575badc818d3f35a1764df22,2026-08-02NDH24:35:00Z,1785681522887,1785681600000,0.350000,0.340000,0.660000,0.650000,45,6.61
0x13b803f73923d2078be04fcb264f1db96f89bdef575badc818d3f35a1764df22,2026-08-02NDH24:35:00Z,1785681523389,1785681600000,0.350000,0.340000,0.660000,0.650000,37.14,29
0x13b803f73923d2078be04fcb264f1db96f89bdef575badc818d3f35a1764df22,2026-08-02NDH24:35:00Z,1785681523889,1785681600000,0.350000,0.340000,0.660000,0.650000,62.14,10.8
0x13b803f73923d2078be04fcb264f1db96f89bdef575badc818d3f35a1764df22,2026-08-02NDH24:35:00Z,1785681524387,1785681600000,0.350000,0.340000,0.660000,0.650000,67.14,10.8
0x13b803f73923d2078be04fcb264f1db96f89bdef575badc818d3f35a1764df22,2026-08-02NDH24:35:00Z,1785681524888,1785681600000,0.350000,0.340000,0.660000,0.650000,44.99,15.8
0x13b803f73923d2078be04fcb264f1db96f89bdef575badc818d3f35a1764df22,2026-08-02NDH24:35:00Z,1785681525389,1785681600000,0.350000,0.340000,0.660000,0.650000,24.99,10.8
0x13b803f73923d2078be04fcb264f1db96f89bdef575badc818d3f35a1764df22,2026-08-02NDH24:35:00Z,1785681525889,1785681600000,0.350000,0.340000,0.660000,0.650000,2.14,14.5
0x13b803f73923d2078be04fcb264f1db96f89bdef575badc818d3f35a1764df22,2026-08-02NDH24:35:00Z,1785681526388,1785681600000,0.320000,0.310000,0.690000,0.680000,168.71,75.01
0x13b803f73923d2078be04fcb264f1db96f89bdef575badc818d3f35a1764df22,2026-08-02NDH24:35:00Z,1785681526888,1785681600000,0.320000,0.310000,0.690000,0.680000,193.65,104.01
0x13b803f73923d2078be04fcb264f1db96f89bdef575badc818d3f35a1764df22,2026-08-02NDH24:35:00Z,1785681527388,1785681600000,0.320000,0.310000,0.690000,0.680000,176.27,167.65
0x13b803f73923d2078be04fcb264f1db96f89bdef575badc818d3f35a1764df22,2026-08-02NDH24:35:00Z,1785681527888,1785681600000,0.320000,0.310000,0.690000,0.680000,150.08,164.48
0x13b803f73923d2078be04fcb264f1db96f89bdef575badc818d3f35a1764df22,2026-08-02NDH24:35:00Z,1785681528388,1785681600000,0.320000,0.310000,0.690000,0.680000,75.08,155.68
0x13b803f73923d2078be04fcb264f1db96f89bdef575badc818d3f35a1764df22,2026-08-02NDH24:35:00Z,1785681528888,1785681600000,0.310000,0.300000,0.700000,0.690000,34.3,828.46
0x13b803f73923d2078be04fcb264f1db96f89bdef575badc818d3f35a1764df22,2026-08-02NDH24:35:00Z,1785681529389,1785681600000,0.320000,0.310000,0.690000,0.680000,103.01,191.51
0x13b803f73923d2078be04fcb264f1db96f89bdef575badc818d3f35a1764df22,2026-08-02NDH24:35:00Z,1785681529889,1785681600000,0.320000,0.310000,0.690000,0.680000,208.11,5
0x13b803f73923d2078be04fcb264f1db96f89bdef575badc818d3f35a1764df22,2026-08-02NDH24:35:00Z,1785681530389,1785681600000,0.310000,0.300000,0.700000,0.690000,85.49,670.95
0x13b803f73923d2078be04fcb264f1db96f89bdef575badc818d3f35a1764df22,2026-08-02NDH24:35:00Z,1785681530889,1785681600000,0.310000,0.300000,0.700000,0.690000,77.26,601.95
0x13b803f73923d2078be04fcb264f1db96f89bdef575badc818d3f35a1764df22,2026-08-02NDH24:35:00Z,1785681531388,1785681600000,0.310000,0.300000,0.700000,0.690000,21.74,593.37
0x13b803f73923d2078be04fcb264f1db96f89bdef575badc818d3f35a1764df22,2026-08-02NDH24:35:00Z,1785681531888,1785681600000,0.310000,0.300000,0.700000,0.690000,101.01,408.93
0x13b803f73923d2078be04fcb264f1db96f89bdef575badc818d3f35a1764df22,2026-08-02NDH24:35:00Z,1785681532388,1785681600000,0.310000,0.300000,0.700000,0.690000,101.01,357.58
0x13b803f73923d2078be04fcb264f1db96f89bdef575badc818d3f35a1764df22,2026-08-02NDH24:35:00Z,1785681532888,1785681600000,0.270000,0.250000,0.750000,0.730000,70.73,5
0x13b803f73923d2078be04fcb264f1db96f89bdef575badc818d3f35a1764df22,2026-08-02NDH24:35:00Z,1785681533388,1785681600000,0.260000,0.250000,0.750000,0.740000,5.91,178.25
0x13b803f73923d2078be04fcb264f1db96f89bdef575badc818d3f35a1764df22,2026-08-02NDH24:35:00Z,1785681533888,1785681600000,0.270000,0.260000,0.740000,0.730000,73.61,34.67
0x13b803f73923d2078be04fcb264f1db96f89bdef575badc818d3f35a1764df22,2026-08-02NDH24:35:00Z,1785681534388,1785681600000,0.250000,0.240000,0.760000,0.750000,22.5,239.08
0x13b803f73923d2078be04fcb264f1db96f89bdef575badc818d3f35a1764df22,2026-08-02NDH24:35:00Z,1785681534889,1785681600000,0.250000,0.240000,0.760000,0.750000,3.05,242.76
0x13b803f73923d2078be04fcb264f1db96f89bdef575badc818d3f35a1764df22,2026-08-02NDH24:35:00Z,1785681535388,1785681600000,0.260000,0.250000,0.750000,0.740000,91.66,50.15
0x13b803f73923d2078be04fcb264f1db96f89bdef575badc818d3f35a1764df22,2026-08-02NDH24:35:00Z,1785681535888,1785681600000,0.260000,0.250000,0.750000,0.740000,87.81,31.49
0x13b803f73923d2078be04fcb264f1db96f89bdef575badc818d3f35a1764df22,2026-08-02NDH24:35:00Z,1785681536388,1785681600000,0.270000,0.260000,0.740000,0.730000,198.49,15
0x13b803f73923d2078be04fcb264f1db96f89bdef575badc818d3f35a1764df22,2026-08-02NDH24:35:00Z,1785681536889,1785681600000,0.260000,0.250000,0.750000,0.740000,67.2,1.09
0x13b803f73923d2078be04fcb264f1db96f89bdef575badc818d3f35a1764df22,2026-08-02NDH24:35:00Z,1785681537387,1785681600000,0.250000,0.240000,0.760000,0.750000,20,277.78
0x13b803f73923d2078be04fcb264f1db96f89bdef575badc818d3f35a1764df22,2026-08-02NDH24:35:00Z,1785681537888,1785681600000,0.210000,0.200000,0.800000,0.790000,48.6,199.52
0x13b803f73923d2078be04fcb264f1db96f89bdef575badc818d3f35a1764df22,2026-08-02NDH24:35:00Z,1785681538388,1785681600000,0.220000,0.210000,0.790000,0.780000,58.11,151
0x13b803f73923d2078be04fcb264f1db96f89bdef575badc818d3f35a1764df22,2026-08-02NDH24:35:00Z,1785681538888,1785681600000,0.250000,0.230000,0.770000,0.750000,45,70
0x13b803f73923d2078be04fcb264f1db96f89bdef575badc818d3f35a1764df22,2026-08-02NDH24:35:00Z,1785681539389,1785681600000,0.260000,0.250000,0.750000,0.740000,43.99,46.57
0x13b803f73923d2078be04fcb264f1db96f89bdef575badc818d3f35a1764df22,2026-08-02NDH24:35:00Z,1785681539887,1785681600000,0.250000,0.240000,0.760000,0.750000,183.47,20.42
0x13b803f73923d2078be04fcb264f1db96f89bdef575badc818d3f35a1764df22,2026-08-02NDH24:35:00Z,1785681540388,1785681600000,0.220000,0.210000,0.790000,0.780000,24.99,5.15
0x13b803f73923d2078be04fcb264f1db96f89bdef575badc818d3f35a1764df22,2026-08-02NDH24:35:00Z,1785681540888,1785681600000,0.210000,0.200000,0.800000,0.790000,50.04,481.12
0x13b803f73923d2078be04fcb264f1db96f89bdef575badc818d3f35a1764df22,2026-08-02NDH24:35:00Z,1785681541388,1785681600000,0.230000,0.220000,0.780000,0.770000,58,22.03
0x13b803f73923d2078be04fcb264f1db96f89bdef575badc818d3f35a1764df22,2026-08-02NDH24:35:00Z,1785681541888,1785681600000,0.220000,0.210000,0.790000,0.780000,0.45,175.16
0x13b803f73923d2078be04fcb264f1db96f89bdef575badc818d3f35a1764df22,2026-08-02NDH24:35:00Z,1785681542388,1785681600000,0.220000,0.210000,0.790000,0.780000,152.94,20
0x13b803f73923d2078be04fcb264f1db96f89bdef575badc818d3f35a1764df22,2026-08-02NDH24:35:00Z,1785681542888,1785681600000,0.210000,0.200000,0.800000,0.790000,90,65.31
0x13b803f73923d2078be04fcb264f1db96f89bdef575badc818d3f35a1764df22,2026-08-02NDH24:35:00Z,1785681543389,1785681600000,0.200000,0.190000,0.810000,0.800000,140,45.89
0x13b803f73923d2078be04fcb264f1db96f89bdef575badc818d3f35a1764df22,2026-08-02NDH24:35:00Z,1785681543888,1785681600000,0.190000,0.180000,0.820000,0.810000,17.36,125.3
0x13b803f73923d2078be04fcb264f1db96f89bdef575badc818d3f35a1764df22,2026-08-02NDH24:35:00Z,1785681544388,1785681600000,0.190000,0.180000,0.820000,0.810000,264.61,12.87
0x13b803f73923d2078be04fcb264f1db96f89bdef575badc818d3f35a1764df22,2026-08-02NDH24:35:00Z,1785681544888,1785681600000,0.160000,0.150000,0.850000,0.840000,20,155.6
0x13b803f73923d2078be04fcb264f1db96f89bdef575badc818d3f35a1764df22,2026-08-02NDH24:35:00Z,1785681545388,1785681600000,0.150000,0.140000,0.860000,0.850000,29.53,91.01
0x13b803f73923d2078be04fcb264f1db96f89bdef575badc818d3f35a1764df22,2026-08-02NDH24:35:00Z,1785681545888,1785681600000,0.140000,0.130000,0.870000,0.860000,126.8,86.88
0x13b803f73923d2078be04fcb264f1db96f89bdef575badc818d3f35a1764df22,2026-08-02NDH24:35:00Z,1785681546388,1785681600000,0.150000,0.140000,0.860000,0.850000,37.36,59.2
0x13b803f73923d2078be04fcb264f1db96f89bdef575badc818d3f35a1764df22,2026-08-02NDH24:35:00Z,1785681546889,1785681600000,0.160000,0.150000,0.850000,0.840000,213.05,9
0x13b803f73923d2078be04fcb264f1db96f89bdef575badc818d3f35a1764df22,2026-08-02NDH24:35:00Z,1785681547387,1785681600000,0.140000,0.130000,0.870000,0.860000,778.15,16.75
0x13b803f73923d2078be04fcb264f1db96f89bdef575badc818d3f35a1764df22,2026-08-02NDH24:35:00Z,1785681547888,1785681600000,0.110000,0.100000,0.900000,0.890000,154,364.72
0x13b803f73923d2078be04fcb264f1db96f89bdef575badc818d3f35a1764df22,2026-08-02NDH24:35:00Z,1785681548388,1785681600000,0.110000,0.100000,0.900000,0.890000,150,298.41
0x13b803f73923d2078be04fcb264f1db96f89bdef575badc818d3f35a1764df22,2026-08-02NDH24:35:00Z,1785681548888,1785681600000,0.150000,0.140000,0.860000,0.850000,212.55,49
0x13b803f73923d2078be04fcb264f1db96f89bdef575badc818d3f35a1764df22,2026-08-02NDH24:35:00Z,1785681549388,1785681600000,0.120000,0.110000,0.890000,0.880000,7.41,33.51
0x13b803f73923d2078be04fcb264f1db96f89bdef575badc818d3f35a1764df22,2026-08-02NDH24:35:00Z,1785681549889,1785681600000,0.150000,0.130000,0.870000,0.850000,289.98,3.84
0x13b803f73923d2078be04fcb264f1db96f89bdef575badc818d3f35a1764df22,2026-08-02NDH24:35:00Z,1785681550388,1785681600000,0.150000,0.140000,0.860000,0.850000,379.86,121.14
0x13b803f73923d2078be04fcb264f1db96f89bdef575badc818d3f35a1764df22,2026-08-02NDH24:35:00Z,1785681550888,1785681600000,0.130000,0.120000,0.880000,0.870000,5,73.25
0x13b803f73923d2078be04fcb264f1db96f89bdef575badc818d3f35a1764df22,2026-08-02NDH24:35:00Z,1785681551388,1785681600000,0.180000,0.150000,0.850000,0.820000,10,293
0x13b803f73923d2078be04fcb264f1db96f89bdef575badc818d3f35a1764df22,2026-08-02NDH24:35:00Z,1785681551888,1785681600000,0.220000,0.210000,0.790000,0.780000,87.69,34
0x13b803f73923d2078be04fcb264f1db96f89bdef575badc818d3f35a1764df22,2026-08-02NDH24:35:00Z,1785681552389,1785681600000,0.190000,0.180000,0.820000,0.810000,47,97.48
0x13b803f73923d2078be04fcb264f1db96f89bdef575badc818d3f35a1764df22,2026-08-02NDH24:35:00Z,1785681552887,1785681600000,0.180000,0.170000,0.830000,0.820000,5,51.23
0x13b803f73923d2078be04fcb264f1db96f89bdef575badc818d3f35a1764df22,2026-08-02NDH24:35:00Z,1785681553388,1785681600000,0.170000,0.160000,0.840000,0.830000,34.99,20.57
0x13b803f73923d2078be04fcb264f1db96f89bdef575badc818d3f35a1764df22,2026-08-02NDH24:35:00Z,1785681553887,1785681600000,0.150000,0.140000,0.860000,0.850000,10,75.59
0x13b803f73923d2078be04fcb264f1db96f89bdef575badc818d3f35a1764df22,2026-08-02NDH24:35:00Z,1785681554388,1785681600000,0.190000,0.180000,0.820000,0.810000,297.93,15
0x13b803f73923d2078be04fcb264f1db96f89bdef575badc818d3f35a1764df22,2026-08-02NDH24:35:00Z,1785681554889,1785681600000,0.170000,0.160000,0.840000,0.830000,20.92,249.28
0x13b803f73923d2078be04fcb264f1db96f89bdef575badc818d3f35a1764df22,2026-08-02NDH24:35:00Z,1785681555387,1785681600000,0.180000,0.170000,0.830000,0.820000,13.92,29.97
0x13b803f73923d2078be04fcb264f1db96f89bdef575badc818d3f35a1764df22,2026-08-02NDH24:35:00Z,1785681555888,1785681600000,0.190000,0.180000,0.820000,0.810000,352.16,25
0x13b803f73923d2078be04fcb264f1db96f89bdef575badc818d3f35a1764df22,2026-08-02NDH24:35:00Z,1785681556388,1785681600000,0.180000,0.170000,0.830000,0.820000,127,25
0x13b803f73923d2078be04fcb264f1db96f89bdef575badc818d3f35a1764df22,2026-08-02NDH24:35:00Z,1785681556888,1785681600000,0.180000,0.170000,0.830000,0.820000,152.09,9.62
0x13b803f73923d2078be04fcb264f1db96f89bdef575badc818d3f35a1764df22,2026-08-02NDH24:35:00Z,1785681557388,1785681600000,0.180000,0.170000,0.830000,0.820000,24.55,0.29
0x13b803f73923d2078be04fcb264f1db96f89bdef575badc818d3f35a1764df22,2026-08-02NDH24:35:00Z,1785681557888,1785681600000,0.190000,0.170000,0.830000,0.810000,400.32,10.29
0x13b803f73923d2078be04fcb264f1db96f89bdef575badc818d3f35a1764df22,2026-08-02NDH24:35:00Z,1785681558388,1785681600000,0.160000,0.150000,0.850000,0.840000,5,44.55
0x13b803f73923d2078be04fcb264f1db96f89bdef575badc818d3f35a1764df22,2026-08-02NDH24:35:00Z,1785681558888,1785681600000,0.180000,0.170000,0.830000,0.820000,119.02,18.02
0x13b803f73923d2078be04fcb264f1db96f89bdef575badc818d3f35a1764df22,2026-08-02NDH24:35:00Z,1785681559388,1785681600000,0.170000,0.160000,0.840000,0.830000,47.83,20.39
0x13b803f73923d2078be04fcb264f1db96f89bdef575badc818d3f35a1764df22,2026-08-02NDH24:35:00Z,1785681559889,1785681600000,0.160000,0.150000,0.850000,0.840000,24.18,36.86
0x13b803f73923d2078be04fcb264f1db96f89bdef575badc818d3f35a1764df22,2026-08-02NDH24:35:00Z,1785681560388,1785681600000,0.160000,0.150000,0.850000,0.840000,27.93,17.44
0x13b803f73923d2078be04fcb264f1db96f89bdef575badc818d3f35a1764df22,2026-08-02NDH24:35:00Z,1785681560888,1785681600000,0.150000,0.140000,0.860000,0.850000,105.55,15
0x13b803f73923d2078be04fcb264f1db96f89bdef575badc818d3f35a1764df22,2026-08-02NDH24:35:00Z,1785681561388,1785681600000,0.140000,0.130000,0.870000,0.860000,10,93.48
0x13b803f73923d2078be04fcb264f1db96f89bdef575badc818d3f35a1764df22,2026-08-02NDH24:35:00Z,1785681561889,1785681600000,0.130000,0.120000,0.880000,0.870000,5,49.51
0x13b803f73923d2078be04fcb264f1db96f89bdef575badc818d3f35a1764df22,2026-08-02NDH24:35:00Z,1785681562389,1785681600000,0.140000,0.130000,0.870000,0.860000,46.41,16.2
0x13b803f73923d2078be04fcb264f1db96f89bdef575badc818d3f35a1764df22,2026-08-02NDH24:35:00Z,1785681562888,1785681600000,0.140000,0.130000,0.870000,0.860000,40,2.31
0x13b803f73923d2078be04fcb264f1db96f89bdef575badc818d3f35a1764df22,2026-08-02NDH24:35:00Z,1785681563387,1785681600000,0.130000,0.110000,0.890000,0.870000,10,25
0x13b803f73923d2078be04fcb264f1db96f89bdef575badc818d3f35a1764df22,2026-08-02NDH24:35:00Z,1785681563888,1785681600000,0.130000,0.120000,0.880000,0.870000,2.55,24
0x13b803f73923d2078be04fcb264f1db96f89bdef575badc818d3f35a1764df22,2026-08-02NDH24:35:00Z,1785681564388,1785681600000,0.170000,0.160000,0.840000,0.830000,635.29,9.04
0x13b803f73923d2078be04fcb264f1db96f89bdef575badc818d3f35a1764df22,2026-08-02NDH24:35:00Z,1785681564889,1785681600000,0.160000,0.150000,0.850000,0.840000,30.35,297.12
0x13b803f73923d2078be04fcb264f1db96f89bdef575badc818d3f35a1764df22,2026-08-02NDH24:35:00Z,1785681565388,1785681600000,0.170000,0.160000,0.840000,0.830000,97.55,15
0x13b803f73923d2078be04fcb264f1db96f89bdef575badc818d3f35a1764df22,2026-08-02NDH24:35:00Z,1785681565888,1785681600000,0.170000,0.160000,0.840000,0.830000,28.77,15.81
0x13b803f73923d2078be04fcb264f1db96f89bdef575badc818d3f35a1764df22,2026-08-02NDH24:35:00Z,1785681566388,1785681600000,0.160000,0.150000,0.850000,0.840000,248.41,95.19
0x13b803f73923d2078be04fcb264f1db96f89bdef575badc818d3f35a1764df22,2026-08-02NDH24:35:00Z,1785681566888,1785681600000,0.160000,0.150000,0.850000,0.840000,338.41,296.76
0x13b803f73923d2078be04fcb264f1db96f89bdef575badc818d3f35a1764df22,2026-08-02NDH24:35:00Z,1785681567388,1785681600000,0.160000,0.150000,0.850000,0.840000,182.53,133.46
0x13b803f73923d2078be04fcb264f1db96f89bdef575badc818d3f35a1764df22,2026-08-02NDH24:35:00Z,1785681567887,1785681600000,0.150000,0.140000,0.860000,0.850000,25,41.38
0x13b803f73923d2078be04fcb264f1db96f89bdef575badc818d3f35a1764df22,2026-08-02NDH24:35:00Z,1785681568388,1785681600000,0.140000,0.130000,0.870000,0.860000,64.13,153.03
0x13b803f73923d2078be04fcb264f1db96f89bdef575badc818d3f35a1764df22,2026-08-02NDH24:35:00Z,1785681568888,1785681600000,0.160000,0.150000,0.850000,0.840000,65.96,15
0x13b803f73923d2078be04fcb264f1db96f89bdef575badc818d3f35a1764df22,2026-08-02NDH24:35:00Z,1785681569388,1785681600000,0.160000,0.150000,0.850000,0.840000,57.96,3.23
0x13b803f73923d2078be04fcb264f1db96f89bdef575badc818d3f35a1764df22,2026-08-02NDH24:35:00Z,1785681569888,1785681600000,0.150000,0.140000,0.860000,0.850000,26,3.37
0x13b803f73923d2078be04fcb264f1db96f89bdef575badc818d3f35a1764df22,2026-08-02NDH24:35:00Z,1785681570388,1785681600000,0.150000,0.140000,0.860000,0.850000,15,5
0x13b803f73923d2078be04fcb264f1db96f89bdef575badc818d3f35a1764df22,2026-08-02NDH24:35:00Z,1785681570889,1785681600000,0.150000,0.140000,0.860000,0.850000,18.83,5
0x13b803f73923d2078be04fcb264f1db96f89bdef575badc818d3f35a1764df22,2026-08-02NDH24:35:00Z,1785681571388,1785681600000,0.160000,0.150000,0.850000,0.840000,33.78,6.7
0x13b803f73923d2078be04fcb264f1db96f89bdef575badc818d3f35a1764df22,2026-08-02NDH24:35:00Z,1785681571888,1785681600000,0.160000,0.150000,0.850000,0.840000,442.96,4.11
0x13b803f73923d2078be04fcb264f1db96f89bdef575badc818d3f35a1764df22,2026-08-02NDH24:35:00Z,1785681572388,1785681600000,0.140000,0.130000,0.870000,0.860000,189.31,26
0x13b803f73923d2078be04fcb264f1db96f89bdef575badc818d3f35a1764df22,2026-08-02NDH24:35:00Z,1785681572888,1785681600000,0.130000,0.120000,0.880000,0.870000,238.45,895.2
0x13b803f73923d2078be04fcb264f1db96f89bdef575badc818d3f35a1764df22,2026-08-02NDH24:35:00Z,1785681573388,1785681600000,0.160000,0.150000,0.850000,0.840000,3.43,5
0x13b803f73923d2078be04fcb264f1db96f89bdef575badc818d3f35a1764df22,2026-08-02NDH24:35:00Z,1785681573889,1785681600000,0.160000,0.150000,0.850000,0.840000,3.43,5
0x13b803f73923d2078be04fcb264f1db96f89bdef575badc818d3f35a1764df22,2026-08-02NDH24:35:00Z,1785681574388,1785681600000,0.140000,0.130000,0.870000,0.860000,30,8
0x13b803f73923d2078be04fcb264f1db96f89bdef575badc818d3f35a1764df22,2026-08-02NDH24:35:00Z,1785681574888,1785681600000,0.150000,0.140000,0.860000,0.850000,20.01,7.67
0x13b803f73923d2078be04fcb264f1db96f89bdef575badc818d3f35a1764df22,2026-08-02NDH24:35:00Z,1785681575389,1785681600000,0.160000,0.150000,0.850000,0.840000,446.58,62.62
0x13b803f73923d2078be04fcb264f1db96f89bdef575badc818d3f35a1764df22,2026-08-02NDH24:35:00Z,1785681575888,1785681600000,0.160000,0.150000,0.850000,0.840000,377.58,76.62
0x13b803f73923d2078be04fcb264f1db96f89bdef575badc818d3f35a1764df22,2026-08-02NDH24:35:00Z,1785681576390,1785681600000,0.160000,0.150000,0.850000,0.840000,195.33,58.61
0x13b803f73923d2078be04fcb264f1db96f89bdef575badc818d3f35a1764df22,2026-08-02NDH24:35:00Z,1785681576887,1785681600000,0.160000,0.150000,0.850000,0.840000,200.33,51.72
0x13b803f73923d2078be04fcb264f1db96f89bdef575badc818d3f35a1764df22,2026-08-02NDH24:35:00Z,1785681577388,1785681600000,0.160000,0.150000,0.850000,0.840000,424.58,38.41
0x13b803f73923d2078be04fcb264f1db96f89bdef575badc818d3f35a1764df22,2026-08-02NDH24:35:00Z,1785681577889,1785681600000,0.160000,0.150000,0.850000,0.840000,326.58,38.41
0x13b803f73923d2078be04fcb264f1db96f89bdef575badc818d3f35a1764df22,2026-08-02NDH24:35:00Z,1785681578387,1785681600000,0.200000,0.190000,0.810000,0.800000,15,10
0x13b803f73923d2078be04fcb264f1db96f89bdef575badc818d3f35a1764df22,2026-08-02NDH24:35:00Z,1785681578889,1785681600000,0.220000,0.210000,0.790000,0.780000,190.18,3.67
0x13b803f73923d2078be04fcb264f1db96f89bdef575badc818d3f35a1764df22,2026-08-02NDH24:35:00Z,1785681579388,1785681600000,0.130000,0.120000,0.880000,0.870000,407.12,1111.35
0x13b803f73923d2078be04fcb264f1db96f89bdef575badc818d3f35a1764df22,2026-08-02NDH24:35:00Z,1785681579889,1785681600000,0.130000,0.120000,0.880000,0.870000,280.72,1174.52
0x13b803f73923d2078be04fcb264f1db96f89bdef575badc818d3f35a1764df22,2026-08-02NDH24:35:00Z,1785681580389,1785681600000,0.130000,0.120000,0.880000,0.870000,158.98,1193.43
0x13b803f73923d2078be04fcb264f1db96f89bdef575badc818d3f35a1764df22,2026-08-02NDH24:35:00Z,1785681580887,1785681600000,0.130000,0.120000,0.880000,0.870000,88.34,1172.88
0x13b803f73923d2078be04fcb264f1db96f89bdef575badc818d3f35a1764df22,2026-08-02NDH24:35:00Z,1785681581388,1785681600000,0.130000,0.120000,0.880000,0.870000,222.64,1170.83
0x13b803f73923d2078be04fcb264f1db96f89bdef575badc818d3f35a1764df22,2026-08-02NDH24:35:00Z,1785681581889,1785681600000,0.130000,0.120000,0.880000,0.870000,222.64,1169.69
0x13b803f73923d2078be04fcb264f1db96f89bdef575badc818d3f35a1764df22,2026-08-02NDH24:35:00Z,1785681582388,1785681600000,0.130000,0.120000,0.880000,0.870000,239.85,990.72
0x13b803f73923d2078be04fcb264f1db96f89bdef575badc818d3f35a1764df22,2026-08-02NDH24:35:00Z,1785681582887,1785681600000,0.130000,0.120000,0.880000,0.870000,135.68,981.62
0x13b803f73923d2078be04fcb264f1db96f89bdef575badc818d3f35a1764df22,2026-08-02NDH24:35:00Z,1785681583388,1785681600000,0.160000,0.150000,0.850000,0.840000,393.6,21.84
0x13b803f73923d2078be04fcb264f1db96f89bdef575badc818d3f35a1764df22,2026-08-02NDH24:35:00Z,1785681583888,1785681600000,0.160000,0.150000,0.850000,0.840000,352.97,1.13
0x13b803f73923d2078be04fcb264f1db96f89bdef575badc818d3f35a1764df22,2026-08-02NDH24:35:00Z,1785681584388,1785681600000,0.150000,0.140000,0.860000,0.850000,50,23.14
0x13b803f73923d2078be04fcb264f1db96f89bdef575badc818d3f35a1764df22,2026-08-02NDH24:35:00Z,1785681584887,1785681600000,0.150000,0.140000,0.860000,0.850000,50,21.97
0x13b803f73923d2078be04fcb264f1db96f89bdef575badc818d3f35a1764df22,2026-08-02NDH24:35:00Z,1785681585389,1785681600000,0.160000,0.150000,0.850000,0.840000,339.65,16.73
0x13b803f73923d2078be04fcb264f1db96f89bdef575badc818d3f35a1764df22,2026-08-02NDH24:35:00Z,1785681585888,1785681600000,0.130000,0.120000,0.880000,0.870000,2.3,981.96
0x13b803f73923d2078be04fcb264f1db96f89bdef575badc818d3f35a1764df22,2026-08-02NDH24:35:00Z,1785681586388,1785681600000,0.140000,0.120000,0.880000,0.860000,30,882.96
0x13b803f73923d2078be04fcb264f1db96f89bdef575badc818d3f35a1764df22,2026-08-02NDH24:35:00Z,1785681586888,1785681600000,0.150000,0.130000,0.870000,0.850000,8.86,4.19
0x13b803f73923d2078be04fcb264f1db96f89bdef575badc818d3f35a1764df22,2026-08-02NDH24:35:00Z,1785681587388,1785681600000,0.140000,0.130000,0.870000,0.860000,40,10
0x13b803f73923d2078be04fcb264f1db96f89bdef575badc818d3f35a1764df22,2026-08-02NDH24:35:00Z,1785681587888,1785681600000,0.140000,0.130000,0.870000,0.860000,32.85,10
0x13b803f73923d2078be04fcb264f1db96f89bdef575badc818d3f35a1764df22,2026-08-02NDH24:35:00Z,1785681588388,1785681600000,0.150000,0.140000,0.860000,0.850000,50,5
0x13b803f73923d2078be04fcb264f1db96f89bdef575badc818d3f35a1764df22,2026-08-02NDH24:35:00Z,1785681588888,1785681600000,0.150000,0.140000,0.860000,0.850000,24.2,10
0x13b803f73923d2078be04fcb264f1db96f89bdef575badc818d3f35a1764df22,2026-08-02NDH24:35:00Z,1785681589388,1785681600000,0.140000,0.130000,0.870000,0.860000,24.28,15
0x13b803f73923d2078be04fcb264f1db96f89bdef575badc818d3f35a1764df22,2026-08-02NDH24:35:00Z,1785681589888,1785681600000,0.150000,0.140000,0.860000,0.850000,8.36,9.18
0x13b803f73923d2078be04fcb264f1db96f89bdef575badc818d3f35a1764df22,2026-08-02NDH24:35:00Z,1785681590388,1785681600000,0.140000,0.130000,0.870000,0.860000,9.35,15
0x13b803f73923d2078be04fcb264f1db96f89bdef575badc818d3f35a1764df22,2026-08-02NDH24:35:00Z,1785681590888,1785681600000,0.160000,0.150000,0.850000,0.840000,394.74,10.57
0x13b803f73923d2078be04fcb264f1db96f89bdef575badc818d3f35a1764df22,2026-08-02NDH24:35:00Z,1785681591389,1785681600000,0.160000,0.150000,0.850000,0.840000,364.74,20.57
0x13b803f73923d2078be04fcb264f1db96f89bdef575badc818d3f35a1764df22,2026-08-02NDH24:35:00Z,1785681591888,1785681600000,0.160000,0.150000,0.850000,0.840000,364.55,4.68
0x13b803f73923d2078be04fcb264f1db96f89bdef575badc818d3f35a1764df22,2026-08-02NDH24:35:00Z,1785681592387,1785681600000,0.160000,0.150000,0.850000,0.840000,327.11,17.61
0x13b803f73923d2078be04fcb264f1db96f89bdef575badc818d3f35a1764df22,2026-08-02NDH24:35:00Z,1785681592889,1785681600000,0.160000,0.150000,0.850000,0.840000,78.75,39.61
0x13b803f73923d2078be04fcb264f1db96f89bdef575badc818d3f35a1764df22,2026-08-02NDH24:35:00Z,1785681593388,1785681600000,0.160000,0.150000,0.850000,0.840000,40.62,67.05
0x13b803f73923d2078be04fcb264f1db96f89bdef575badc818d3f35a1764df22,2026-08-02NDH24:35:00Z,1785681593888,1785681600000,0.160000,0.150000,0.850000,0.840000,205.07,58.81
0x13b803f73923d2078be04fcb264f1db96f89bdef575badc818d3f35a1764df22,2026-08-02NDH24:35:00Z,1785681594388,1785681600000,0.130000,0.120000,0.880000,0.870000,30,701.52
0x13b803f73923d2078be04fcb264f1db96f89bdef575badc818d3f35a1764df22,2026-08-02NDH24:35:00Z,1785681594888,1785681600000,0.210000,0.200000,0.800000,0.790000,26.43,2.5
0x13b803f73923d2078be04fcb264f1db96f89bdef575badc818d3f35a1764df22,2026-08-02NDH24:35:00Z,1785681595388,1785681600000,0.240000,0.230000,0.770000,0.760000,6.68,13.62
0x13b803f73923d2078be04fcb264f1db96f89bdef575badc818d3f35a1764df22,2026-08-02NDH24:35:00Z,1785681595889,1785681600000,0.340000,0.330000,0.670000,0.660000,297.95,19.29
0x13b803f73923d2078be04fcb264f1db96f89bdef575badc818d3f35a1764df22,2026-08-02NDH24:35:00Z,1785681596389,1785681600000,0.310000,0.300000,0.700000,0.690000,22.86,72.78
0x13b803f73923d2078be04fcb264f1db96f89bdef575badc818d3f35a1764df22,2026-08-02NDH24:35:00Z,1785681596888,1785681600000,0.330000,0.320000,0.680000,0.670000,25,20
0x13b803f73923d2078be04fcb264f1db96f89bdef575badc818d3f35a1764df22,2026-08-02NDH24:35:00Z,1785681597388,1785681600000,0.340000,0.320000,0.680000,0.660000,87.59,120.1
0x13b803f73923d2078be04fcb264f1db96f89bdef575badc818d3f35a1764df22,2026-08-02NDH24:35:00Z,1785681597888,1785681600000,0.400000,0.340000,0.660000,0.600000,42.03,20
0x13b803f73923d2078be04fcb264f1db96f89bdef575badc818d3f35a1764df22,2026-08-02NDH24:35:00Z,1785681598387,1785681600000,0.450000,0.440000,0.560000,0.550000,193.68,117.9
0x13b803f73923d2078be04fcb264f1db96f89bdef575badc818d3f35a1764df22,2026-08-02NDH24:35:00Z,1785681598889,1785681600000,0.500000,0.490000,0.510000,0.500000,11.75,145.12
0x13b803f73923d2078be04fcb264f1db96f89bdef575badc818d3f35a1764df22,2026-08-02NDH24:35:00Z,1785681599388,1785681600000,0.850000,0.840000,0.160000,0.150000,8.5,86.04
0x13b803f73923d2078be04fcb264f1db96f89bdef575badc818d3f35a1764df22,2026-08-02NDH24:35:00Z,1785681599888,1785681600000,0.910000,0.880000,0.120000,0.090000,198.5,16
0x4482771e878bd5faa6839c3f245d860749de6651fddb5404bca14e4ba15056ad,2026-08-02NDH24:25:00Z,1785680700391,1785681000000,,,,,,
0x4482771e878bd5faa6839c3f245d860749de6651fddb5404bca14e4ba15056ad,2026-08-02NDH24:25:00Z,1785680700889,1785681000000,0.680000,0.670000,0.330000,0.320000,109.1,239.74
0x4482771e878bd5faa6839c3f245d860749de6651fddb5404bca14e4ba15056ad,2026-08-02NDH24:25:00Z,1785680701390,1785681000000,0.680000,0.670000,0.330000,0.320000,414.04,11.12
0x4482771e878bd5faa6839c3f245d860749de6651fddb5404bca14e4ba15056ad,2026-08-02NDH24:25:00Z,1785680701891,1785681000000,0.680000,0.670000,0.330000,0.320000,137.69,32.01
0x4482771e878bd5faa6839c3f245d860749de6651fddb5404bca14e4ba15056ad,2026-08-02NDH24:25:00Z,1785680702389,1785681000000,0.700000,0.690000,0.310000,0.300000,30,76.1
0x4482771e878bd5faa6839c3f245d860749de6651fddb5404bca14e4ba15056ad,2026-08-02NDH24:25:00Z,1785680702889,1785681000000,0.700000,0.690000,0.310000,0.300000,26.18,93.74
0x4482771e878bd5faa6839c3f245d860749de6651fddb5404bca14e4ba15056ad,2026-08-02NDH24:25:00Z,1785680703390,1785681000000,0.690000,0.680000,0.320000,0.310000,18.55,64.42
0x4482771e878bd5faa6839c3f245d860749de6651fddb5404bca14e4ba15056ad,2026-08-02NDH24:25:00Z,1785680703891,1785681000000,0.700000,0.690000,0.310000,0.300000,29.63,36.5
0x4482771e878bd5faa6839c3f245d860749de6651fddb5404bca14e4ba15056ad,2026-08-02NDH24:25:00Z,1785680704390,1785681000000,0.690000,0.680000,0.320000,0.310000,65,27.5
0x4482771e878bd5faa6839c3f245d860749de6651fddb5404bca14e4ba15056ad,2026-08-02NDH24:25:00Z,1785680704890,1785681000000,0.680000,0.670000,0.330000,0.320000,287.81,40
0x4482771e878bd5faa6839c3f245d860749de6651fddb5404bca14e4ba15056ad,2026-08-02NDH24:25:00Z,1785680705391,1785681000000,0.680000,0.670000,0.330000,0.320000,303.24,40
0x4482771e878bd5faa6839c3f245d860749de6651fddb5404bca14e4ba15056ad,2026-08-02NDH24:25:00Z,1785680705890,1785681000000,0.680000,0.670000,0.330000,0.320000,282.48,50
0x4482771e878bd5faa6839c3f245d860749de6651fddb5404bca14e4ba15056ad,2026-08-02NDH24:25:00Z,1785680706390,1785681000000,0.680000,0.670000,0.330000,0.320000,292.48,39
0x4482771e878bd5faa6839c3f245d860749de6651fddb5404bca14e4ba15056ad,2026-08-02NDH24:25:00Z,1785680706890,1785681000000,0.680000,0.670000,0.330000,0.320000,296.45,95.96
0x4482771e878bd5faa6839c3f245d860749de6651fddb5404bca14e4ba15056ad,2026-08-02NDH24:25:00Z,1785680707390,1785681000000,0.680000,0.670000,0.330000,0.320000,306.45,104.2
0x4482771e878bd5faa6839c3f245d860749de6651fddb5404bca14e4ba15056ad,2026-08-02NDH24:25:00Z,1785680707889,1785681000000,0.680000,0.670000,0.330000,0.320000,157.41,240.74
0x4482771e878bd5faa6839c3f245d860749de6651fddb5404bca14e4ba15056ad,2026-08-02NDH24:25:00Z,1785680708391,1785681000000,0.680000,0.670000,0.330000,0.320000,43.89,260.99
0x4482771e878bd5faa6839c3f245d860749de6651fddb5404bca14e4ba15056ad,2026-08-02NDH24:25:00Z,1785680708889,1785681000000,0.690000,0.680000,0.320000,0.310000,389.05,84.85
0x4482771e878bd5faa6839c3f245d860749de6651fddb5404bca14e4ba15056ad,2026-08-02NDH24:25:00Z,1785680709390,1785681000000,0.690000,0.680000,0.320000,0.310000,393.25,106.98
0x4482771e878bd5faa6839c3f245d860749de6651fddb5404bca14e4ba15056ad,2026-08-02NDH24:25:00Z,1785680709891,1785681000000,0.690000,0.680000,0.320000,0.310000,376.4,38.85
0x4482771e878bd5faa6839c3f245d860749de6651fddb5404bca14e4ba15056ad,2026-08-02NDH24:25:00Z,1785680710390,1785681000000,0.690000,0.680000,0.320000,0.310000,441.6,206.55
0x4482771e878bd5faa6839c3f245d860749de6651fddb5404bca14e4ba15056ad,2026-08-02NDH24:25:00Z,1785680710890,1785681000000,0.690000,0.680000,0.320000,0.310000,324.41,184.55
0x4482771e878bd5faa6839c3f245d860749de6651fddb5404bca14e4ba15056ad,2026-08-02NDH24:25:00Z,1785680711390,1785681000000,0.690000,0.680000,0.320000,0.310000,253.91,184.11
0x4482771e878bd5faa6839c3f245d860749de6651fddb5404bca14e4ba15056ad,2026-08-02NDH24:25:00Z,1785680711889,1785681000000,0.690000,0.680000,0.320000,0.310000,212.46,267.48
0x4482771e878bd5faa6839c3f245d860749de6651fddb5404bca14e4ba15056ad,2026-08-02NDH24:25:00Z,1785680712390,1785681000000,0.690000,0.680000,0.320000,0.310000,203.51,251.85
0x4482771e878bd5faa6839c3f245d860749de6651fddb5404bca14e4ba15056ad,2026-08-02NDH24:25:00Z,1785680712891,1785681000000,0.690000,0.680000,0.320000,0.310000,81.68,599.24
0x4482771e878bd5faa6839c3f245d860749de6651fddb5404bca14e4ba15056ad,2026-08-02NDH24:25:00Z,1785680713389,1785681000000,0.700000,0.690000,0.310000,0.300000,103.93,376.36
0x4482771e878bd5faa6839c3f245d860749de6651fddb5404bca14e4ba15056ad,2026-08-02NDH24:25:00Z,1785680713890,1785681000000,0.700000,0.690000,0.310000,0.300000,154.35,254.96
0x4482771e878bd5faa6839c3f245d860749de6651fddb5404bca14e4ba15056ad,2026-08-02NDH24:25:00Z,1785680714390,1785681000000,0.710000,0.700000,0.300000,0.290000,39.76,416.41
0x4482771e878bd5faa6839c3f245d860749de6651fddb5404bca14e4ba15056ad,2026-08-02NDH24:25:00Z,1785680714890,1785681000000,0.710000,0.700000,0.300000,0.290000,21.76,405.38
0x4482771e878bd5faa6839c3f245d860749de6651fddb5404bca14e4ba15056ad,2026-08-02NDH24:25:00Z,1785680715391,1785681000000,0.710000,0.700000,0.300000,0.290000,42.44,380.37
0x4482771e878bd5faa6839c3f245d860749de6651fddb5404bca14e4ba15056ad,2026-08-02NDH24:25:00Z,1785680715888,1785681000000,0.720000,0.710000,0.290000,0.280000,279.15,202
0x4482771e878bd5faa6839c3f245d860749de6651fddb5404bca14e4ba15056ad,2026-08-02NDH24:25:00Z,1785680716389,1785681000000,0.680000,0.670000,0.330000,0.320000,232.64,35.72
0x4482771e878bd5faa6839c3f245d860749de6651fddb5404bca14e4ba15056ad,2026-08-02NDH24:25:00Z,1785680716890,1785681000000,0.660000,0.650000,0.350000,0.340000,193.12,294.92
0x4482771e878bd5faa6839c3f245d860749de6651fddb5404bca14e4ba15056ad,2026-08-02NDH24:25:00Z,1785680717390,1785681000000,0.660000,0.650000,0.350000,0.340000,192.74,296.34
0x4482771e878bd5faa6839c3f245d860749de6651fddb5404bca14e4ba15056ad,2026-08-02NDH24:25:00Z,1785680717890,1785681000000,0.660000,0.650000,0.350000,0.340000,232.88,287.76
0x4482771e878bd5faa6839c3f245d860749de6651fddb5404bca14e4ba15056ad,2026-08-02NDH24:25:00Z,1785680718390,1785681000000,0.660000,0.650000,0.350000,0.340000,158.78,156.42
0x4482771e878bd5faa6839c3f245d860749de6651fddb5404bca14e4ba15056ad,2026-08-02NDH24:25:00Z,1785680718890,1785681000000,0.660000,0.650000,0.350000,0.340000,153.26,325.06
0x4482771e878bd5faa6839c3f245d860749de6651fddb5404bca14e4ba15056ad,2026-08-02NDH24:25:00Z,1785680719391,1785681000000,0.660000,0.650000,0.350000,0.340000,107.71,264.5
0x4482771e878bd5faa6839c3f245d860749de6651fddb5404bca14e4ba15056ad,2026-08-02NDH24:25:00Z,1785680719890,1785681000000,0.660000,0.650000,0.350000,0.340000,79.94,259.5
0x4482771e878bd5faa6839c3f245d860749de6651fddb5404bca14e4ba15056ad,2026-08-02NDH24:25:00Z,1785680720391,1785681000000,0.650000,0.640000,0.360000,0.350000,96.5,242.89
0x4482771e878bd5faa6839c3f245d860749de6651fddb5404bca14e4ba15056ad,2026-08-02NDH24:25:00Z,1785680720889,1785681000000,0.650000,0.640000,0.360000,0.350000,321.3,68.39
0x4482771e878bd5faa6839c3f245d860749de6651fddb5404bca14e4ba15056ad,2026-08-02NDH24:25:00Z,1785680721391,1785681000000,0.660000,0.640000,0.360000,0.340000,128.58,75.61
0x4482771e878bd5faa6839c3f245d860749de6651fddb5404bca14e4ba15056ad,2026-08-02NDH24:25:00Z,1785680721889,1785681000000,0.640000,0.630000,0.370000,0.360000,46.25,156.74
0x4482771e878bd5faa6839c3f245d860749de6651fddb5404bca14e4ba15056ad,2026-08-02NDH24:25:00Z,1785680722390,1785681000000,0.620000,0.610000,0.390000,0.380000,475.58,83.37
0x4482771e878bd5faa6839c3f245d860749de6651fddb5404bca14e4ba15056ad,2026-08-02NDH24:25:00Z,1785680722891,1785681000000,0.620000,0.610000,0.390000,0.380000,510.17,39.38
0x4482771e878bd5faa6839c3f245d860749de6651fddb5404bca14e4ba15056ad,2026-08-02NDH24:25:00Z,1785680723389,1785681000000,0.620000,0.610000,0.390000,0.380000,115.47,54.93
0x4482771e878bd5faa6839c3f245d860749de6651fddb5404bca14e4ba15056ad,2026-08-02NDH24:25:00Z,1785680723891,1785681000000,0.620000,0.610000,0.390000,0.380000,30.47,80.93
0x4482771e878bd5faa6839c3f245d860749de6651fddb5404bca14e4ba15056ad,2026-08-02NDH24:25:00Z,1785680724390,1785681000000,0.620000,0.610000,0.390000,0.380000,72,91.82
0x4482771e878bd5faa6839c3f245d860749de6651fddb5404bca14e4ba15056ad,2026-08-02NDH24:25:00Z,1785680724890,1785681000000,0.630000,0.620000,0.380000,0.370000,70.02,45
0x4482771e878bd5faa6839c3f245d860749de6651fddb5404bca14e4ba15056ad,2026-08-02NDH24:25:00Z,1785680725391,1785681000000,0.630000,0.620000,0.380000,0.370000,4.48,106.04
0x4482771e878bd5faa6839c3f245d860749de6651fddb5404bca14e4ba15056ad,2026-08-02NDH24:25:00Z,1785680725890,1785681000000,0.630000,0.620000,0.380000,0.370000,77.72,81.26
0x4482771e878bd5faa6839c3f245d860749de6651fddb5404bca14e4ba15056ad,2026-08-02NDH24:25:00Z,1785680726390,1785681000000,0.630000,0.620000,0.380000,0.370000,58.66,62.17
0x4482771e878bd5faa6839c3f245d860749de6651fddb5404bca14e4ba15056ad,2026-08-02NDH24:25:00Z,1785680726891,1785681000000,0.630000,0.620000,0.380000,0.370000,52.56,55
0x4482771e878bd5faa6839c3f245d860749de6651fddb5404bca14e4ba15056ad,2026-08-02NDH24:25:00Z,1785680727389,1785681000000,0.630000,0.620000,0.380000,0.370000,35,55
0x4482771e878bd5faa6839c3f245d860749de6651fddb5404bca14e4ba15056ad,2026-08-02NDH24:25:00Z,1785680727891,1785681000000,0.630000,0.620000,0.380000,0.370000,5,464.95
0x4482771e878bd5faa6839c3f245d860749de6651fddb5404bca14e4ba15056ad,2026-08-02NDH24:25:00Z,1785680728389,1785681000000,0.700000,0.690000,0.310000,0.300000,19,10
0x4482771e878bd5faa6839c3f245d860749de6651fddb5404bca14e4ba15056ad,2026-08-02NDH24:25:00Z,1785680728891,1785681000000,0.630000,0.620000,0.380000,0.370000,80,62.36
0x4482771e878bd5faa6839c3f245d860749de6651fddb5404bca14e4ba15056ad,2026-08-02NDH24:25:00Z,1785680729390,1785681000000,0.630000,0.620000,0.380000,0.370000,88.94,496.81
0x4482771e878bd5faa6839c3f245d860749de6651fddb5404bca14e4ba15056ad,2026-08-02NDH24:25:00Z,1785680729890,1785681000000,0.630000,0.620000,0.380000,0.370000,80.76,484.22
0x4482771e878bd5faa6839c3f245d860749de6651fddb5404bca14e4ba15056ad,2026-08-02NDH24:25:00Z,1785680730390,1785681000000,0.630000,0.620000,0.380000,0.370000,102.58,301.41
0x4482771e878bd5faa6839c3f245d860749de6651fddb5404bca14e4ba15056ad,2026-08-02NDH24:25:00Z,1785680730890,1785681000000,0.610000,0.600000,0.400000,0.390000,62.06,402.51
0x4482771e878bd5faa6839c3f245d860749de6651fddb5404bca14e4ba15056ad,2026-08-02NDH24:25:00Z,1785680731390,1785681000000,0.610000,0.600000,0.400000,0.390000,259.18,294.57
0x4482771e878bd5faa6839c3f245d860749de6651fddb5404bca14e4ba15056ad,2026-08-02NDH24:25:00Z,1785680731891,1785681000000,0.610000,0.600000,0.400000,0.390000,339.34,215.34
0x4482771e878bd5faa6839c3f245d860749de6651fddb5404bca14e4ba15056ad,2026-08-02NDH24:25:00Z,1785680732391,1785681000000,0.570000,0.560000,0.440000,0.430000,85,228.25
0x4482771e878bd5faa6839c3f245d860749de6651fddb5404bca14e4ba15056ad,2026-08-02NDH24:25:00Z,1785680732890,1785681000000,0.570000,0.560000,0.440000,0.430000,33.95,254.35
0x4482771e878bd5faa6839c3f245d860749de6651fddb5404bca14e4ba15056ad,2026-08-02NDH24:25:00Z,1785680733389,1785681000000,0.580000,0.570000,0.430000,0.420000,89.63,537.25
0x4482771e878bd5faa6839c3f245d860749de6651fddb5404bca14e4ba15056ad,2026-08-02NDH24:25:00Z,1785680733890,1785681000000,0.580000,0.570000,0.430000,0.420000,27.04,544.14
0x4482771e878bd5faa6839c3f245d860749de6651fddb5404bca14e4ba15056ad,2026-08-02NDH24:25:00Z,1785680734391,1785681000000,0.600000,0.590000,0.410000,0.400000,110.52,242.06
0x4482771e878bd5faa6839c3f245d860749de6651fddb5404bca14e4ba15056ad,2026-08-02NDH24:25:00Z,1785680734890,1785681000000,0.610000,0.600000,0.400000,0.390000,142.68,75
0x4482771e878bd5faa6839c3f245d860749de6651fddb5404bca14e4ba15056ad,2026-08-02NDH24:25:00Z,1785680735391,1785681000000,0.610000,0.600000,0.400000,0.390000,244.92,90.69
0x4482771e878bd5faa6839c3f245d860749de6651fddb5404bca14e4ba15056ad,2026-08-02NDH24:25:00Z,1785680735890,1785681000000,0.600000,0.590000,0.410000,0.400000,155.06,92.32
0x4482771e878bd5faa6839c3f245d860749de6651fddb5404bca14e4ba15056ad,2026-08-02NDH24:25:00Z,1785680736390,1785681000000,0.600000,0.590000,0.410000,0.400000,150.92,102.32
0x4482771e878bd5faa6839c3f245d860749de6651fddb5404bca14e4ba15056ad,2026-08-02NDH24:25:00Z,1785680736890,1785681000000,0.600000,0.590000,0.410000,0.400000,83.2,185.45
0x4482771e878bd5faa6839c3f245d860749de6651fddb5404bca14e4ba15056ad,2026-08-02NDH24:25:00Z,1785680737389,1785681000000,0.600000,0.590000,0.410000,0.400000,349.88,7.08
0x4482771e878bd5faa6839c3f245d860749de6651fddb5404bca14e4ba15056ad,2026-08-02NDH24:25:00Z,1785680737890,1785681000000,0.600000,0.590000,0.410000,0.400000,322.49,28.01
0x4482771e878bd5faa6839c3f245d860749de6651fddb5404bca14e4ba15056ad,2026-08-02NDH24:25:00Z,1785680738390,1785681000000,0.600000,0.590000,0.410000,0.400000,317.49,33.01
0x4482771e878bd5faa6839c3f245d860749de6651fddb5404bca14e4ba15056ad,2026-08-02NDH24:25:00Z,1785680738891,1785681000000,0.600000,0.590000,0.410000,0.400000,274.29,33.01
0x4482771e878bd5faa6839c3f245d860749de6651fddb5404bca14e4ba15056ad,2026-08-02NDH24:25:00Z,1785680739390,1785681000000,0.590000,0.580000,0.420000,0.410000,154.48,63.82
0x4482771e878bd5faa6839c3f245d860749de6651fddb5404bca14e4ba15056ad,2026-08-02NDH24:25:00Z,1785680739890,1785681000000,0.590000,0.580000,0.420000,0.410000,154.48,93.32
0x4482771e878bd5faa6839c3f245d860749de6651fddb5404bca14e4ba15056ad,2026-08-02NDH24:25:00Z,1785680740390,1785681000000,0.590000,0.580000,0.420000,0.410000,38.41,203.68
0x4482771e878bd5faa6839c3f245d860749de6651fddb5404bca14e4ba15056ad,2026-08-02NDH24:25:00Z,1785680740891,1785681000000,0.590000,0.580000,0.420000,0.410000,38.41,221.18
0x4482771e878bd5faa6839c3f245d860749de6651fddb5404bca14e4ba15056ad,2026-08-02NDH24:25:00Z,1785680741389,1785681000000,0.560000,0.550000,0.450000,0.440000,54.3,484.17
0x4482771e878bd5faa6839c3f245d860749de6651fddb5404bca14e4ba15056ad,2026-08-02NDH24:25:00Z,1785680741890,1785681000000,0.630000,0.620000,0.380000,0.370000,61.36,234.96
0x4482771e878bd5faa6839c3f245d860749de6651fddb5404bca14e4ba15056ad,2026-08-02NDH24:25:00Z,1785680742390,1785681000000,0.640000,0.630000,0.370000,0.360000,59.08,151.62
0x4482771e878bd5faa6839c3f245d860749de6651fddb5404bca14e4ba15056ad,2026-08-02NDH24:25:00Z,1785680742891,1785681000000,0.640000,0.630000,0.370000,0.360000,308.65,54.1
0x4482771e878bd5faa6839c3f245d860749de6651fddb5404bca14e4ba15056ad,2026-08-02NDH24:25:00Z,1785680743390,1785681000000,0.640000,0.630000,0.370000,0.360000,335.92,54.1
0x4482771e878bd5faa6839c3f245d860749de6651fddb5404bca14e4ba15056ad,2026-08-02NDH24:25:00Z,1785680743891,1785681000000,0.640000,0.630000,0.370000,0.360000,366.73,54.1
0x4482771e878bd5faa6839c3f245d860749de6651fddb5404bca14e4ba15056ad,2026-08-02NDH24:25:00Z,1785680744389,1785681000000,0.640000,0.630000,0.370000,0.360000,371.73,54.1
0x4482771e878bd5faa6839c3f245d860749de6651fddb5404bca14e4ba15056ad,2026-08-02NDH24:25:00Z,1785680744891,1785681000000,0.640000,0.630000,0.370000,0.360000,374.02,49.1
0x4482771e878bd5faa6839c3f245d860749de6651fddb5404bca14e4ba15056ad,2026-08-02NDH24:25:00Z,1785680745389,1785681000000,0.640000,0.630000,0.370000,0.360000,341.38,49.1
0x4482771e878bd5faa6839c3f245d860749de6651fddb5404bca14e4ba15056ad,2026-08-02NDH24:25:00Z,1785680745891,1785681000000,0.640000,0.630000,0.370000,0.360000,385.33,53.69
0x4482771e878bd5faa6839c3f245d860749de6651fddb5404bca14e4ba15056ad,2026-08-02NDH24:25:00Z,1785680746389,1785681000000,0.640000,0.630000,0.370000,0.360000,631.99,35.03
0x4482771e878bd5faa6839c3f245d860749de6651fddb5404bca14e4ba15056ad,2026-08-02NDH24:25:00Z,1785680746890,1785681000000,0.640000,0.630000,0.370000,0.360000,580.55,57.03
0x4482771e878bd5faa6839c3f245d860749de6651fddb5404bca14e4ba15056ad,2026-08-02NDH24:25:00Z,1785680747390,1785681000000,0.640000,0.630000,0.370000,0.360000,541.48,52.03
0x4482771e878bd5faa6839c3f245d860749de6651fddb5404bca14e4ba15056ad,2026-08-02NDH24:25:00Z,1785680747891,1785681000000,0.640000,0.630000,0.370000,0.360000,530.88,52.03
0x4482771e878bd5faa6839c3f245d860749de6651fddb5404bca14e4ba15056ad,2026-08-02NDH24:25:00Z,1785680748389,1785681000000,0.640000,0.630000,0.370000,0.360000,563.38,52.03
0x4482771e878bd5faa6839c3f245d860749de6651fddb5404bca14e4ba15056ad,2026-08-02NDH24:25:00Z,1785680748890,1785681000000,0.640000,0.630000,0.370000,0.360000,167.67,283.86
0x4482771e878bd5faa6839c3f245d860749de6651fddb5404bca14e4ba15056ad,2026-08-02NDH24:25:00Z,1785680749390,1785681000000,0.640000,0.630000,0.370000,0.360000,79.67,291.26
0x4482771e878bd5faa6839c3f245d860749de6651fddb5404bca14e4ba15056ad,2026-08-02NDH24:25:00Z,1785680749890,1785681000000,0.640000,0.630000,0.370000,0.360000,196.88,66.72
0x4482771e878bd5faa6839c3f245d860749de6651fddb5404bca14e4ba15056ad,2026-08-02NDH24:25:00Z,1785680750391,1785681000000,0.640000,0.630000,0.370000,0.360000,196.88,56.72
0x4482771e878bd5faa6839c3f245d860749de6651fddb5404bca14e4ba15056ad,2026-08-02NDH24:25:00Z,1785680750890,1785681000000,0.640000,0.630000,0.370000,0.360000,113.52,111.72
0x4482771e878bd5faa6839c3f245d860749de6651fddb5404bca14e4ba15056ad,2026-08-02NDH24:25:00Z,1785680751391,1785681000000,0.640000,0.630000,0.370000,0.360000,62.86,101.42
0x4482771e878bd5faa6839c3f245d860749de6651fddb5404bca14e4ba15056ad,2026-08-02NDH24:25:00Z,1785680751890,1785681000000,0.640000,0.630000,0.370000,0.360000,278.01,10
0x4482771e878bd5faa6839c3f245d860749de6651fddb5404bca14e4ba15056ad,2026-08-02NDH24:25:00Z,1785680752391,1785681000000,0.640000,0.630000,0.370000,0.360000,340.44,10
0x4482771e878bd5faa6839c3f245d860749de6651fddb5404bca14e4ba15056ad,2026-08-02NDH24:25:00Z,1785680752891,1785681000000,0.640000,0.630000,0.370000,0.360000,340.44,10
0x4482771e878bd5faa6839c3f245d860749de6651fddb5404bca14e4ba15056ad,2026-08-02NDH24:25:00Z,1785680753391,1785681000000,0.650000,0.640000,0.360000,0.350000,169.1,203.46
0x4482771e878bd5faa6839c3f245d860749de6651fddb5404bca14e4ba15056ad,2026-08-02NDH24:25:00Z,1785680753890,1785681000000,0.670000,0.660000,0.340000,0.330000,5,404.57
0x4482771e878bd5faa6839c3f245d860749de6651fddb5404bca14e4ba15056ad,2026-08-02NDH24:25:00Z,1785680754390,1785681000000,0.690000,0.680000,0.320000,0.310000,354.16,33.21
0x4482771e878bd5faa6839c3f245d860749de6651fddb5404bca14e4ba15056ad,2026-08-02NDH24:25:00Z,1785680754891,1785681000000,0.660000,0.650000,0.350000,0.340000,237.05,61.98
0x4482771e878bd5faa6839c3f245d860749de6651fddb5404bca14e4ba15056ad,2026-08-02NDH24:25:00Z,1785680755391,1785681000000,0.660000,0.650000,0.350000,0.340000,281.15,73.98
0x4482771e878bd5faa6839c3f245d860749de6651fddb5404bca14e4ba15056ad,2026-08-02NDH24:25:00Z,1785680755891,1785681000000,0.650000,0.640000,0.360000,0.350000,309.61,43.24
0x4482771e878bd5faa6839c3f245d860749de6651fddb5404bca14e4ba15056ad,2026-08-02NDH24:25:00Z,1785680756389,1785681000000,0.640000,0.630000,0.370000,0.360000,337.87,69.29
0x4482771e878bd5faa6839c3f245d860749de6651fddb5404bca14e4ba15056ad,2026-08-02NDH24:25:00Z,1785680756890,1785681000000,0.640000,0.630000,0.370000,0.360000,407.43,108.57
0x4482771e878bd5faa6839c3f245d860749de6651fddb5404bca14e4ba15056ad,2026-08-02NDH24:25:00Z,1785680757391,1785681000000,0.640000,0.630000,0.370000,0.360000,371.06,108.57
0x4482771e878bd5faa6839c3f245d860749de6651fddb5404bca14e4ba15056ad,2026-08-02NDH24:25:00Z,1785680757890,1785681000000,0.640000,0.630000,0.370000,0.360000,87.11,264.56
0x4482771e878bd5faa6839c3f245d860749de6651fddb5404bca14e4ba15056ad,2026-08-02NDH24:25:00Z,1785680758391,1785681000000,0.640000,0.630000,0.370000,0.360000,67.11,261.85
0x4482771e878bd5faa6839c3f245d860749de6651fddb5404bca14e4ba15056ad,2026-08-02NDH24:25:00Z,1785680758889,1785681000000,0.650000,0.640000,0.360000,0.350000,96.07,324.99
0x4482771e878bd5faa6839c3f245d860749de6651fddb5404bca14e4ba15056ad,2026-08-02NDH24:25:00Z,1785680759390,1785681000000,0.650000,0.640000,0.360000,0.350000,174.2,32.21
0x4482771e878bd5faa6839c3f245d860749de6651fddb5404bca14e4ba15056ad,2026-08-02NDH24:25:00Z,1785680759891,1785681000000,0.620000,0.610000,0.390000,0.380000,218.48,89.32
0x4482771e878bd5faa6839c3f245d860749de6651fddb5404bca14e4ba15056ad,2026-08-02NDH24:25:00Z,1785680760390,1785681000000,0.620000,0.610000,0.390000,0.380000,218.48,100.32
0x4482771e878bd5faa6839c3f245d860749de6651fddb5404bca14e4ba15056ad,2026-08-02NDH24:25:00Z,1785680760892,1785681000000,0.620000,0.610000,0.390000,0.380000,28.33,231.47
0x4482771e878bd5faa6839c3f245d860749de6651fddb5404bca14e4ba15056ad,2026-08-02NDH24:25:00Z,1785680761390,1785681000000,0.640000,0.630000,0.370000,0.360000,21.39,236.99
0x4482771e878bd5faa6839c3f245d860749de6651fddb5404bca14e4ba15056ad,2026-08-02NDH24:25:00Z,1785680761890,1785681000000,0.640000,0.630000,0.370000,0.360000,16.39,236.99
0x4482771e878bd5faa6839c3f245d860749de6651fddb5404bca14e4ba15056ad,2026-08-02NDH24:25:00Z,1785680762390,1785681000000,0.650000,0.640000,0.360000,0.350000,23.28,559.16
0x4482771e878bd5faa6839c3f245d860749de6651fddb5404bca14e4ba15056ad,2026-08-02NDH24:25:00Z,1785680762890,1785681000000,0.650000,0.640000,0.360000,0.350000,84.2,605.17
0x4482771e878bd5faa6839c3f245d860749de6651fddb5404bca14e4ba15056ad,2026-08-02NDH24:25:00Z,1785680763390,1785681000000,0.660000,0.650000,0.350000,0.340000,109.17,699.37
0x4482771e878bd5faa6839c3f245d860749de6651fddb5404bca14e4ba15056ad,2026-08-02NDH24:25:00Z,1785680763891,1785681000000,0.660000,0.650000,0.350000,0.340000,106.13,585.08
0x4482771e878bd5faa6839c3f245d860749de6651fddb5404bca14e4ba15056ad,2026-08-02NDH24:25:00Z,1785680764389,1785681000000,0.660000,0.650000,0.350000,0.340000,104.61,590.08
0x4482771e878bd5faa6839c3f245d860749de6651fddb5404bca14e4ba15056ad,2026-08-02NDH24:25:00Z,1785680764890,1785681000000,0.660000,0.650000,0.350000,0.340000,103.09,605.08
0x4482771e878bd5faa6839c3f245d860749de6651fddb5404bca14e4ba15056ad,2026-08-02NDH24:25:00Z,1785680765391,1785681000000,0.660000,0.650000,0.350000,0.340000,85.73,626.56
0x4482771e878bd5faa6839c3f245d860749de6651fddb5404bca14e4ba15056ad,2026-08-02NDH24:25:00Z,1785680765889,1785681000000,0.660000,0.650000,0.350000,0.340000,85.73,591.56
0x4482771e878bd5faa6839c3f245d860749de6651fddb5404bca14e4ba15056ad,2026-08-02NDH24:25:00Z,1785680766391,1785681000000,0.660000,0.650000,0.350000,0.340000,88.65,591.56
0x4482771e878bd5faa6839c3f245d860749de6651fddb5404bca14e4ba15056ad,2026-08-02NDH24:25:00Z,1785680766890,1785681000000,0.660000,0.650000,0.350000,0.340000,106.22,582.71
0x4482771e878bd5faa6839c3f245d860749de6651fddb5404bca14e4ba15056ad,2026-08-02NDH24:25:00Z,1785680767391,1785681000000,0.660000,0.650000,0.350000,0.340000,87.12,672.71
0x4482771e878bd5faa6839c3f245d860749de6651fddb5404bca14e4ba15056ad,2026-08-02NDH24:25:00Z,1785680767890,1785681000000,0.660000,0.650000,0.350000,0.340000,49.84,672.71
0x4482771e878bd5faa6839c3f245d860749de6651fddb5404bca14e4ba15056ad,2026-08-02NDH24:25:00Z,1785680768389,1785681000000,0.660000,0.650000,0.350000,0.340000,37.03,677.71
0x4482771e878bd5faa6839c3f245d860749de6651fddb5404bca14e4ba15056ad,2026-08-02NDH24:25:00Z,1785680768890,1785681000000,0.660000,0.650000,0.350000,0.340000,35,652.14
0x4482771e878bd5faa6839c3f245d860749de6651fddb5404bca14e4ba15056ad,2026-08-02NDH24:25:00Z,1785680769391,1785681000000,0.660000,0.650000,0.350000,0.340000,44.92,687.14
0x4482771e878bd5faa6839c3f245d860749de6651fddb5404bca14e4ba15056ad,2026-08-02NDH24:25:00Z,1785680769890,1785681000000,0.660000,0.650000,0.350000,0.340000,47.5,687.14
0x4482771e878bd5faa6839c3f245d860749de6651fddb5404bca14e4ba15056ad,2026-08-02NDH24:25:00Z,1785680770389,1785681000000,0.660000,0.650000,0.350000,0.340000,44.46,687.14
0x4482771e878bd5faa6839c3f245d860749de6651fddb5404bca14e4ba15056ad,2026-08-02NDH24:25:00Z,1785680770890,1785681000000,0.690000,0.680000,0.320000,0.310000,38.88,209.37
0x4482771e878bd5faa6839c3f245d860749de6651fddb5404bca14e4ba15056ad,2026-08-02NDH24:25:00Z,1785680771389,1785681000000,0.690000,0.680000,0.320000,0.310000,47,503.97
0x4482771e878bd5faa6839c3f245d860749de6651fddb5404bca14e4ba15056ad,2026-08-02NDH24:25:00Z,1785680771890,1785681000000,0.700000,0.690000,0.310000,0.300000,156.55,220.32
0x4482771e878bd5faa6839c3f245d860749de6651fddb5404bca14e4ba15056ad,2026-08-02NDH24:25:00Z,1785680772391,1785681000000,0.700000,0.690000,0.310000,0.300000,116.04,275.19
0x4482771e878bd5faa6839c3f245d860749de6651fddb5404bca14e4ba15056ad,2026-08-02NDH24:25:00Z,1785680772889,1785681000000,0.700000,0.690000,0.310000,0.300000,116.04,299.8
0x4482771e878bd5faa6839c3f245d860749de6651fddb5404bca14e4ba15056ad,2026-08-02NDH24:25:00Z,1785680773390,1785681000000,0.700000,0.690000,0.310000,0.300000,106,310.45
0x4482771e878bd5faa6839c3f245d860749de6651fddb5404bca14e4ba15056ad,2026-08-02NDH24:25:00Z,1785680773890,1785681000000,0.700000,0.690000,0.310000,0.300000,109.21,318.36
0x4482771e878bd5faa6839c3f245d860749de6651fddb5404bca14e4ba15056ad,2026-08-02NDH24:25:00Z,1785680774390,1785681000000,0.680000,0.670000,0.330000,0.320000,125.43,12.97
0x4482771e878bd5faa6839c3f245d860749de6651fddb5404bca14e4ba15056ad,2026-08-02NDH24:25:00Z,1785680774890,1785681000000,0.670000,0.660000,0.340000,0.330000,76.97,531.62
0x4482771e878bd5faa6839c3f245d860749de6651fddb5404bca14e4ba15056ad,2026-08-02NDH24:25:00Z,1785680775390,1785681000000,0.670000,0.660000,0.340000,0.330000,77.94,563.42
0x4482771e878bd5faa6839c3f245d860749de6651fddb5404bca14e4ba15056ad,2026-08-02NDH24:25:00Z,1785680775891,1785681000000,0.670000,0.660000,0.340000,0.330000,47.94,506.39
0x4482771e878bd5faa6839c3f245d860749de6651fddb5404bca14e4ba15056ad,2026-08-02NDH24:25:00Z,1785680776390,1785681000000,0.670000,0.660000,0.340000,0.330000,77.94,478.79
0x4482771e878bd5faa6839c3f245d860749de6651fddb5404bca14e4ba15056ad,2026-08-02NDH24:25:00Z,1785680776890,1785681000000,0.670000,0.660000,0.340000,0.330000,40.47,484.31
0x4482771e878bd5faa6839c3f245d860749de6651fddb5404bca14e4ba15056ad,2026-08-02NDH24:25:00Z,1785680777391,1785681000000,0.670000,0.660000,0.340000,0.330000,10.61,512.85
0x4482771e878bd5faa6839c3f245d860749de6651fddb5404bca14e4ba15056ad,2026-08-02NDH24:25:00Z,1785680777889,1785681000000,0.680000,0.670000,0.330000,0.320000,83.07,468.84
0x4482771e878bd5faa6839c3f245d860749de6651fddb5404bca14e4ba15056ad,2026-08-02NDH24:25:00Z,1785680778390,1785681000000,0.680000,0.670000,0.330000,0.320000,83.07,468.84
0x4482771e878bd5faa6839c3f245d860749de6651fddb5404bca14e4ba15056ad,2026-08-02NDH24:25:00Z,1785680778891,1785681000000,0.680000,0.670000,0.330000,0.320000,73.63,457.77
0x4482771e878bd5faa6839c3f245d860749de6651fddb5404bca14e4ba15056ad,2026-08-02NDH24:25:00Z,1785680779389,1785681000000,0.680000,0.670000,0.330000,0.320000,73.63,462.77
0x4482771e878bd5faa6839c3f245d860749de6651fddb5404bca14e4ba15056ad,2026-08-02NDH24:25:00Z,1785680779891,1785681000000,0.680000,0.670000,0.330000,0.320000,48.63,136.76
0x4482771e878bd5faa6839c3f245d860749de6651fddb5404bca14e4ba15056ad,2026-08-02NDH24:25:00Z,1785680780390,1785681000000,0.680000,0.670000,0.330000,0.320000,52.15,69
0x4482771e878bd5faa6839c3f245d860749de6651fddb5404bca14e4ba15056ad,2026-08-02NDH24:25:00Z,1785680780889,1785681000000,0.680000,0.670000,0.330000,0.320000,52.15,60.29
0x4482771e878bd5faa6839c3f245d860749de6651fddb5404bca14e4ba15056ad,2026-08-02NDH24:25:00Z,1785680781391,1785681000000,0.670000,0.660000,0.340000,0.330000,37.4,426.58
0x4482771e878bd5faa6839c3f245d860749de6651fddb5404bca14e4ba15056ad,2026-08-02NDH24:25:00Z,1785680781889,1785681000000,0.670000,0.660000,0.340000,0.330000,15,434.1
0x4482771e878bd5faa6839c3f245d860749de6651fddb5404bca14e4ba15056ad,2026-08-02NDH24:25:00Z,1785680782390,1785681000000,0.680000,0.670000,0.330000,0.320000,38.5,656.81
0x4482771e878bd5faa6839c3f245d860749de6651fddb5404bca14e4ba15056ad,2026-08-02NDH24:25:00Z,1785680782890,1785681000000,0.700000,0.690000,0.310000,0.300000,30.21,348.91
0x4482771e878bd5faa6839c3f245d860749de6651fddb5404bca14e4ba15056ad,2026-08-02NDH24:25:00Z,1785680783390,1785681000000,0.700000,0.690000,0.310000,0.300000,14.12,344.91
0x4482771e878bd5faa6839c3f245d860749de6651fddb5404bca14e4ba15056ad,2026-08-02NDH24:25:00Z,1785680783891,1785681000000,0.700000,0.690000,0.310000,0.300000,14.12,386.43
0x4482771e878bd5faa6839c3f245d860749de6651fddb5404bca14e4ba15056ad,2026-08-02NDH24:25:00Z,1785680784389,1785681000000,0.700000,0.690000,0.310000,0.300000,48.12,285.35
0x4482771e878bd5faa6839c3f245d860749de6651fddb5404bca14e4ba15056ad,2026-08-02NDH24:25:00Z,1785680784891,1785681000000,0.700000,0.690000,0.310000,0.300000,35.97,243.34
0x4482771e878bd5faa6839c3f245d860749de6651fddb5404bca14e4ba15056ad,2026-08-02NDH24:25:00Z,1785680785391,1785681000000,0.700000,0.690000,0.310000,0.300000,6.97,254.7
0x4482771e878bd5faa6839c3f245d860749de6651fddb5404bca14e4ba15056ad,2026-08-02NDH24:25:00Z,1785680785889,1785681000000,0.710000,0.700000,0.300000,0.290000,63.25,164.66
0x4482771e878bd5faa6839c3f245d860749de6651fddb5404bca14e4ba15056ad,2026-08-02NDH24:25:00Z,1785680786390,1785681000000,0.710000,0.700000,0.300000,0.290000,56.2,213.25
0x4482771e878bd5faa6839c3f245d860749de6651fddb5404bca14e4ba15056ad,2026-08-02NDH24:25:00Z,1785680786891,1785681000000,0.710000,0.700000,0.300000,0.290000,57.97,223.72
0x4482771e878bd5faa6839c3f245d860749de6651fddb5404bca14e4ba15056ad,2026-08-02NDH24:25:00Z,1785680787389,1785681000000,0.710000,0.700000,0.300000,0.290000,49.51,223.72
0x4482771e878bd5faa6839c3f245d860749de6651fddb5404bca14e4ba15056ad,2026-08-02NDH24:25:00Z,1785680787890,1785681000000,0.710000,0.700000,0.300000,0.290000,63.1,228.72
0x4482771e878bd5faa6839c3f245d860749de6651fddb5404bca14e4ba15056ad,2026-08-02NDH24:25:00Z,1785680788392,1785681000000,0.710000,0.700000,0.300000,0.290000,8.37,228.72
0x4482771e878bd5faa6839c3f245d860749de6651fddb5404bca14e4ba15056ad,2026-08-02NDH24:25:00Z,1785680788890,1785681000000,0.720000,0.710000,0.290000,0.280000,127.57,39.1
0x4482771e878bd5faa6839c3f245d860749de6651fddb5404bca14e4ba15056ad,2026-08-02NDH24:25:00Z,1785680789391,1785681000000,0.720000,0.710000,0.290000,0.280000,241.73,16.47
0x4482771e878bd5faa6839c3f245d860749de6651fddb5404bca14e4ba15056ad,2026-08-02NDH24:25:00Z,1785680789890,1785681000000,0.720000,0.710000,0.290000,0.280000,231.84,16.47
0x4482771e878bd5faa6839c3f245d860749de6651fddb5404bca14e4ba15056ad,2026-08-02NDH24:25:00Z,1785680790390,1785681000000,0.680000,0.670000,0.330000,0.320000,160.17,55.31
0x4482771e878bd5faa6839c3f245d860749de6651fddb5404bca14e4ba15056ad,2026-08-02NDH24:25:00Z,1785680790890,1785681000000,0.670000,0.660000,0.340000,0.330000,217.63,49.53
0x4482771e878bd5faa6839c3f245d860749de6651fddb5404bca14e4ba15056ad,2026-08-02NDH24:25:00Z,1785680791391,1785681000000,0.670000,0.660000,0.340000,0.330000,149.64,125.93
0x4482771e878bd5faa6839c3f245d860749de6651fddb5404bca14e4ba15056ad,2026-08-02NDH24:25:00Z,1785680791889,1785681000000,0.670000,0.660000,0.340000,0.330000,210.6,42.11
0x4482771e878bd5faa6839c3f245d860749de6651fddb5404bca14e4ba15056ad,2026-08-02NDH24:25:00Z,1785680792391,1785681000000,0.680000,0.670000,0.330000,0.320000,59.73,223.12
0x4482771e878bd5faa6839c3f245d860749de6651fddb5404bca14e4ba15056ad,2026-08-02NDH24:25:00Z,1785680792889,1785681000000,0.680000,0.670000,0.330000,0.320000,186.12,155
0x4482771e878bd5faa6839c3f245d860749de6651fddb5404bca14e4ba15056ad,2026-08-02NDH24:25:00Z,1785680793391,1785681000000,0.680000,0.670000,0.330000,0.320000,238.71,131
0x4482771e878bd5faa6839c3f245d860749de6651fddb5404bca14e4ba15056ad,2026-08-02NDH24:25:00Z,1785680793891,1785681000000,0.680000,0.670000,0.330000,0.320000,219.71,131
0x4482771e878bd5faa6839c3f245d860749de6651fddb5404bca14e4ba15056ad,2026-08-02NDH24:25:00Z,1785680794390,1785681000000,0.680000,0.670000,0.330000,0.320000,224.71,130.93
0x4482771e878bd5faa6839c3f245d860749de6651fddb5404bca14e4ba15056ad,2026-08-02NDH24:25:00Z,1785680794890,1785681000000,0.680000,0.670000,0.330000,0.320000,159.71,115.77
0x4482771e878bd5faa6839c3f245d860749de6651fddb5404bca14e4ba15056ad,2026-08-02NDH24:25:00Z,1785680795390,1785681000000,0.680000,0.670000,0.330000,0.320000,214.71,115.77
0x4482771e878bd5faa6839c3f245d860749de6651fddb5404bca14e4ba15056ad,2026-08-02NDH24:25:00Z,1785680795890,1785681000000,0.680000,0.670000,0.330000,0.320000,214.71,115.77
0x4482771e878bd5faa6839c3f245d860749de6651fddb5404bca14e4ba15056ad,2026-08-02NDH24:25:00Z,1785680796391,1785681000000,0.680000,0.670000,0.330000,0.320000,227.08,115.77
0x4482771e878bd5faa6839c3f245d860749de6651fddb5404bca14e4ba15056ad,2026-08-02NDH24:25:00Z,1785680796889,1785681000000,0.760000,0.720000,0.280000,0.240000,160.16,31.25
0x4482771e878bd5faa6839c3f245d860749de6651fddb5404bca14e4ba15056ad,2026-08-02NDH24:25:00Z,1785680797391,1785681000000,0.700000,0.690000,0.310000,0.300000,12.63,14
0x4482771e878bd5faa6839c3f245d860749de6651fddb5404bca14e4ba15056ad,2026-08-02NDH24:25:00Z,1785680797889,1785681000000,0.680000,0.650000,0.350000,0.320000,100,500.82
0x4482771e878bd5faa6839c3f245d860749de6651fddb5404bca14e4ba15056ad,2026-08-02NDH24:25:00Z,1785680798389,1785681000000,0.670000,0.660000,0.340000,0.330000,5.11,111.93
0x4482771e878bd5faa6839c3f245d860749de6651fddb5404bca14e4ba15056ad,2026-08-02NDH24:25:00Z,1785680798891,1785681000000,0.690000,0.680000,0.320000,0.310000,494.35,50.73
0x4482771e878bd5faa6839c3f245d860749de6651fddb5404bca14e4ba15056ad,2026-08-02NDH24:25:00Z,1785680799389,1785681000000,0.690000,0.680000,0.320000,0.310000,372.42,55.73
0x4482771e878bd5faa6839c3f245d860749de6651fddb5404bca14e4ba15056ad,2026-08-02NDH24:25:00Z,1785680799890,1785681000000,0.690000,0.680000,0.320000,0.310000,213.04,55.73
0x4482771e878bd5faa6839c3f245d860749de6651fddb5404bca14e4ba15056ad,2026-08-02NDH24:25:00Z,1785680800390,1785681000000,0.690000,0.680000,0.320000,0.310000,245.64,55.73
0x4482771e878bd5faa6839c3f245d860749de6651fddb5404bca14e4ba15056ad,2026-08-02NDH24:25:00Z,1785680800890,1785681000000,0.690000,0.680000,0.320000,0.310000,240.64,55.73
0x4482771e878bd5faa6839c3f245d860749de6651fddb5404bca14e4ba15056ad,2026-08-02NDH24:25:00Z,1785680801390,1785681000000,0.690000,0.680000,0.320000,0.310000,40.64,222.02
0x4482771e878bd5faa6839c3f245d860749de6651fddb5404bca14e4ba15056ad,2026-08-02NDH24:25:00Z,1785680801890,1785681000000,0.690000,0.680000,0.320000,0.310000,25.64,246.02
0x4482771e878bd5faa6839c3f245d860749de6651fddb5404bca14e4ba15056ad,2026-08-02NDH24:25:00Z,1785680802390,1785681000000,0.710000,0.700000,0.300000,0.290000,73.96,175.35
0x4482771e878bd5faa6839c3f245d860749de6651fddb5404bca14e4ba15056ad,2026-08-02NDH24:25:00Z,1785680802890,1785681000000,0.710000,0.700000,0.300000,0.290000,68.96,207.06
0x4482771e878bd5faa6839c3f245d860749de6651fddb5404bca14e4ba15056ad,2026-08-02NDH24:25:00Z,1785680803390,1785681000000,0.710000,0.700000,0.300000,0.290000,62.18,172.85
0x4482771e878bd5faa6839c3f245d860749de6651fddb5404bca14e4ba15056ad,2026-08-02NDH24:25:00Z,1785680803890,1785681000000,0.710000,0.700000,0.300000,0.290000,45.11,219.49
0x4482771e878bd5faa6839c3f245d860749de6651fddb5404bca14e4ba15056ad,2026-08-02NDH24:25:00Z,1785680804391,1785681000000,0.710000,0.700000,0.300000,0.290000,66.28,258.83
0x4482771e878bd5faa6839c3f245d860749de6651fddb5404bca14e4ba15056ad,2026-08-02NDH24:25:00Z,1785680804891,1785681000000,0.710000,0.700000,0.300000,0.290000,61.28,258.83
0x4482771e878bd5faa6839c3f245d860749de6651fddb5404bca14e4ba15056ad,2026-08-02NDH24:25:00Z,1785680805389,1785681000000,0.710000,0.700000,0.300000,0.290000,56.28,171.97
0x4482771e878bd5faa6839c3f245d860749de6651fddb5404bca14e4ba15056ad,2026-08-02NDH24:25:00Z,1785680805890,1785681000000,0.710000,0.700000,0.300000,0.290000,40.19,544.98
0x4482771e878bd5faa6839c3f245d860749de6651fddb5404bca14e4ba15056ad,2026-08-02NDH24:25:00Z,1785680806390,1785681000000,0.710000,0.700000,0.300000,0.290000,40.19,511.64
0x4482771e878bd5faa6839c3f245d860749de6651fddb5404bca14e4ba15056ad,2026-08-02NDH24:25:00Z,1785680806890,1785681000000,0.710000,0.700000,0.300000,0.290000,33.14,522.9
0x4482771e878bd5faa6839c3f245d860749de6651fddb5404bca14e4ba15056ad,2026-08-02NDH24:25:00Z,1785680807391,1785681000000,0.710000,0.700000,0.300000,0.290000,36.09,149.41
0x4482771e878bd5faa6839c3f245d860749de6651fddb5404bca14e4ba15056ad,2026-08-02NDH24:25:00Z,1785680807890,1785681000000,0.720000,0.710000,0.290000,0.280000,94.78,154.37
0x4482771e878bd5faa6839c3f245d860749de6651fddb5404bca14e4ba15056ad,2026-08-02NDH24:25:00Z,1785680808391,1785681000000,0.720000,0.710000,0.290000,0.280000,94.78,202.82
0x4482771e878bd5faa6839c3f245d860749de6651fddb5404bca14e4ba15056ad,2026-08-02NDH24:25:00Z,1785680808889,1785681000000,0.720000,0.710000,0.290000,0.280000,102.78,156.88
0x4482771e878bd5faa6839c3f245d860749de6651fddb5404bca14e4ba15056ad,2026-08-02NDH24:25:00Z,1785680809391,1785681000000,0.670000,0.660000,0.340000,0.330000,78.87,37.57
0x4482771e878bd5faa6839c3f245d860749de6651fddb5404bca14e4ba15056ad,2026-08-02NDH24:25:00Z,1785680809889,1785681000000,0.670000,0.660000,0.340000,0.330000,29.58,527.47
0x4482771e878bd5faa6839c3f245d860749de6651fddb5404bca14e4ba15056ad,2026-08-02NDH24:25:00Z,1785680810390,1785681000000,0.670000,0.660000,0.340000,0.330000,28.58,510.96
0x4482771e878bd5faa6839c3f245d860749de6651fddb5404bca14e4ba15056ad,2026-08-02NDH24:25:00Z,1785680810890,1785681000000,0.680000,0.670000,0.330000,0.320000,40.91,458.86
0x4482771e878bd5faa6839c3f245d860749de6651fddb5404bca14e4ba15056ad,2026-08-02NDH24:25:00Z,1785680811390,1785681000000,0.680000,0.670000,0.330000,0.320000,45.91,474.54
0x4482771e878bd5faa6839c3f245d860749de6651fddb5404bca14e4ba15056ad,2026-08-02NDH24:25:00Z,1785680811891,1785681000000,0.680000,0.670000,0.330000,0.320000,39.43,467.95
0x4482771e878bd5faa6839c3f245d860749de6651fddb5404bca14e4ba15056ad,2026-08-02NDH24:25:00Z,1785680812391,1785681000000,0.680000,0.670000,0.330000,0.320000,68.62,417.84
0x4482771e878bd5faa6839c3f245d860749de6651fddb5404bca14e4ba15056ad,2026-08-02NDH24:25:00Z,1785680812890,1785681000000,0.680000,0.670000,0.330000,0.320000,73.62,422.95
0x4482771e878bd5faa6839c3f245d860749de6651fddb5404bca14e4ba15056ad,2026-08-02NDH24:25:00Z,1785680813391,1785681000000,0.680000,0.670000,0.330000,0.320000,73.62,428.11
0x4482771e878bd5faa6839c3f245d860749de6651fddb5404bca14e4ba15056ad,2026-08-02NDH24:25:00Z,1785680813891,1785681000000,0.680000,0.670000,0.330000,0.320000,32.43,507.51
0x4482771e878bd5faa6839c3f245d860749de6651fddb5404bca14e4ba15056ad,2026-08-02NDH24:25:00Z,1785680814390,1785681000000,0.700000,0.690000,0.310000,0.300000,65.03,244.55
0x4482771e878bd5faa6839c3f245d860749de6651fddb5404bca14e4ba15056ad,2026-08-02NDH24:25:00Z,1785680814891,1785681000000,0.700000,0.690000,0.310000,0.300000,421.9,11.81
0x4482771e878bd5faa6839c3f245d860749de6651fddb5404bca14e4ba15056ad,2026-08-02NDH24:25:00Z,1785680815391,1785681000000,0.700000,0.690000,0.310000,0.300000,377.84,31.83
0x4482771e878bd5faa6839c3f245d860749de6651fddb5404bca14e4ba15056ad,2026-08-02NDH24:25:00Z,1785680815889,1785681000000,0.700000,0.690000,0.310000,0.300000,286.26,86.85
0x4482771e878bd5faa6839c3f245d860749de6651fddb5404bca14e4ba15056ad,2026-08-02NDH24:25:00Z,1785680816390,1785681000000,0.760000,0.750000,0.250000,0.240000,373.21,35.42
0x4482771e878bd5faa6839c3f245d860749de6651fddb5404bca14e4ba15056ad,2026-08-02NDH24:25:00Z,1785680816891,1785681000000,0.760000,0.750000,0.250000,0.240000,320.15,19.78
0x4482771e878bd5faa6839c3f245d860749de6651fddb5404bca14e4ba15056ad,2026-08-02NDH24:25:00Z,1785680817390,1785681000000,0.750000,0.740000,0.260000,0.250000,545.81,46.66
0x4482771e878bd5faa6839c3f245d860749de6651fddb5404bca14e4ba15056ad,2026-08-02NDH24:25:00Z,1785680817890,1785681000000,0.750000,0.740000,0.260000,0.250000,504.29,11.78
0x4482771e878bd5faa6839c3f245d860749de6651fddb5404bca14e4ba15056ad,2026-08-02NDH24:25:00Z,1785680818390,1785681000000,0.750000,0.740000,0.260000,0.250000,426.08,36.59
0x4482771e878bd5faa6839c3f245d860749de6651fddb5404bca14e4ba15056ad,2026-08-02NDH24:25:00Z,1785680818892,1785681000000,0.750000,0.740000,0.260000,0.250000,408.55,28.59
0x4482771e878bd5faa6839c3f245d860749de6651fddb5404bca14e4ba15056ad,2026-08-02NDH24:25:00Z,1785680819390,1785681000000,0.750000,0.740000,0.260000,0.250000,459.35,28.59
0x4482771e878bd5faa6839c3f245d860749de6651fddb5404bca14e4ba15056ad,2026-08-02NDH24:25:00Z,1785680819889,1785681000000,0.730000,0.720000,0.280000,0.270000,73.24,170.67
0x4482771e878bd5faa6839c3f245d860749de6651fddb5404bca14e4ba15056ad,2026-08-02NDH24:25:00Z,1785680820390,1785681000000,0.730000,0.720000,0.280000,0.270000,277.13,55.6
0x4482771e878bd5faa6839c3f245d860749de6651fddb5404bca14e4ba15056ad,2026-08-02NDH24:25:00Z,1785680820890,1785681000000,0.740000,0.730000,0.270000,0.260000,330.19,355.31
0x4482771e878bd5faa6839c3f245d860749de6651fddb5404bca14e4ba15056ad,2026-08-02NDH24:25:00Z,1785680821390,1785681000000,0.740000,0.730000,0.270000,0.260000,302.19,277.76
0x4482771e878bd5faa6839c3f245d860749de6651fddb5404bca14e4ba15056ad,2026-08-02NDH24:25:00Z,1785680821889,1785681000000,0.740000,0.730000,0.270000,0.260000,352.19,301.86
0x4482771e878bd5faa6839c3f245d860749de6651fddb5404bca14e4ba15056ad,2026-08-02NDH24:25:00Z,1785680822391,1785681000000,0.740000,0.730000,0.270000,0.260000,329.39,292.88
0x4482771e878bd5faa6839c3f245d860749de6651fddb5404bca14e4ba15056ad,2026-08-02NDH24:25:00Z,1785680822891,1785681000000,0.740000,0.730000,0.270000,0.260000,287.12,268.67
0x4482771e878bd5faa6839c3f245d860749de6651fddb5404bca14e4ba15056ad,2026-08-02NDH24:25:00Z,1785680823391,1785681000000,0.740000,0.730000,0.270000,0.260000,218.65,268.67
0x4482771e878bd5faa6839c3f245d860749de6651fddb5404bca14e4ba15056ad,2026-08-02NDH24:25:00Z,1785680823891,1785681000000,0.740000,0.730000,0.270000,0.260000,216.69,258.67
0x4482771e878bd5faa6839c3f245d860749de6651fddb5404bca14e4ba15056ad,2026-08-02NDH24:25:00Z,1785680824390,1785681000000,0.740000,0.730000,0.270000,0.260000,216.69,258.67
0x4482771e878bd5faa6839c3f245d860749de6651fddb5404bca14e4ba15056ad,2026-08-02NDH24:25:00Z,1785680824891,1785681000000,0.740000,0.730000,0.270000,0.260000,271.69,258.67
0x4482771e878bd5faa6839c3f245d860749de6651fddb5404bca14e4ba15056ad,2026-08-02NDH24:25:00Z,1785680825391,1785681000000,0.730000,0.720000,0.280000,0.270000,436.22,49.11
0x4482771e878bd5faa6839c3f245d860749de6651fddb5404bca14e4ba15056ad,2026-08-02NDH24:25:00Z,1785680825891,1785681000000,0.720000,0.710000,0.290000,0.280000,201.91,64.22
0x4482771e878bd5faa6839c3f245d860749de6651fddb5404bca14e4ba15056ad,2026-08-02NDH24:25:00Z,1785680826389,1785681000000,0.720000,0.710000,0.290000,0.280000,228.02,57
0x4482771e878bd5faa6839c3f245d860749de6651fddb5404bca14e4ba15056ad,2026-08-02NDH24:25:00Z,1785680826891,1785681000000,0.720000,0.710000,0.290000,0.280000,228.02,57
0x4482771e878bd5faa6839c3f245d860749de6651fddb5404bca14e4ba15056ad,2026-08-02NDH24:25:00Z,1785680827389,1785681000000,0.710000,0.700000,0.300000,0.290000,226.38,30.93
0x4482771e878bd5faa6839c3f245d860749de6651fddb5404bca14e4ba15056ad,2026-08-02NDH24:25:00Z,1785680827890,1785681000000,0.710000,0.700000,0.300000,0.290000,251.02,2.53
0x4482771e878bd5faa6839c3f245d860749de6651fddb5404bca14e4ba15056ad,2026-08-02NDH24:25:00Z,1785680828390,1785681000000,0.710000,0.700000,0.300000,0.290000,211.23,37.53
0x4482771e878bd5faa6839c3f245d860749de6651fddb5404bca14e4ba15056ad,2026-08-02NDH24:25:00Z,1785680828891,1785681000000,0.710000,0.700000,0.300000,0.290000,195.33,37.53
0x4482771e878bd5faa6839c3f245d860749de6651fddb5404bca14e4ba15056ad,2026-08-02NDH24:25:00Z,1785680829390,1785681000000,0.710000,0.700000,0.300000,0.290000,200.33,34.19
0x4482771e878bd5faa6839c3f245d860749de6651fddb5404bca14e4ba15056ad,2026-08-02NDH24:25:00Z,1785680829890,1785681000000,0.710000,0.700000,0.300000,0.290000,200.33,34.19
0x4482771e878bd5faa6839c3f245d860749de6651fddb5404bca14e4ba15056ad,2026-08-02NDH24:25:00Z,1785680830389,1785681000000,0.710000,0.700000,0.300000,0.290000,200.33,34.19
0x4482771e878bd5faa6839c3f245d860749de6651fddb5404bca14e4ba15056ad,2026-08-02NDH24:25:00Z,1785680830891,1785681000000,0.710000,0.700000,0.300000,0.290000,29.8,164.77
0x4482771e878bd5faa6839c3f245d860749de6651fddb5404bca14e4ba15056ad,2026-08-02NDH24:25:00Z,1785680831389,1785681000000,0.710000,0.700000,0.300000,0.290000,24.16,210.22
0x4482771e878bd5faa6839c3f245d860749de6651fddb5404bca14e4ba15056ad,2026-08-02NDH24:25:00Z,1785680831891,1785681000000,0.710000,0.700000,0.300000,0.290000,24.16,199.85
0x4482771e878bd5faa6839c3f245d860749de6651fddb5404bca14e4ba15056ad,2026-08-02NDH24:25:00Z,1785680832389,1785681000000,0.710000,0.700000,0.300000,0.290000,45.29,112.81
0x4482771e878bd5faa6839c3f245d860749de6651fddb5404bca14e4ba15056ad,2026-08-02NDH24:25:00Z,1785680832890,1785681000000,0.710000,0.700000,0.300000,0.290000,16.62,277.79
0x4482771e878bd5faa6839c3f245d860749de6651fddb5404bca14e4ba15056ad,2026-08-02NDH24:25:00Z,1785680833391,1785681000000,0.710000,0.700000,0.300000,0.290000,11.62,208.3
0x4482771e878bd5faa6839c3f245d860749de6651fddb5404bca14e4ba15056ad,2026-08-02NDH24:25:00Z,1785680833889,1785681000000,0.710000,0.700000,0.300000,0.290000,11.62,202.39
0x4482771e878bd5faa6839c3f245d860749de6651fddb5404bca14e4ba15056ad,2026-08-02NDH24:25:00Z,1785680834389,1785681000000,0.710000,0.700000,0.300000,0.290000,11.62,255.03
0x4482771e878bd5faa6839c3f245d860749de6651fddb5404bca14e4ba15056ad,2026-08-02NDH24:25:00Z,1785680834891,1785681000000,0.710000,0.700000,0.300000,0.290000,35.56,126.74
0x4482771e878bd5faa6839c3f245d860749de6651fddb5404bca14e4ba15056ad,2026-08-02NDH24:25:00Z,1785680835390,1785681000000,0.710000,0.700000,0.300000,0.290000,35.62,132.02
0x4482771e878bd5faa6839c3f245d860749de6651fddb5404bca14e4ba15056ad,2026-08-02NDH24:25:00Z,1785680835891,1785681000000,0.710000,0.700000,0.300000,0.290000,25,267.07
0x4482771e878bd5faa6839c3f245d860749de6651fddb5404bca14e4ba15056ad,2026-08-02NDH24:25:00Z,1785680836392,1785681000000,0.710000,0.700000,0.300000,0.290000,23.59,279.9
0x4482771e878bd5faa6839c3f245d860749de6651fddb5404bca14e4ba15056ad,2026-08-02NDH24:25:00Z,1785680836891,1785681000000,0.710000,0.700000,0.300000,0.290000,15.77,280.12
0x4482771e878bd5faa6839c3f245d860749de6651fddb5404bca14e4ba15056ad,2026-08-02NDH24:25:00Z,1785680837390,1785681000000,0.710000,0.700000,0.300000,0.290000,15.77,233.28
0x4482771e878bd5faa6839c3f245d860749de6651fddb5404bca14e4ba15056ad,2026-08-02NDH24:25:00Z,1785680837889,1785681000000,0.710000,0.700000,0.300000,0.290000,15.77,112.75
0x4482771e878bd5faa6839c3f245d860749de6651fddb5404bca14e4ba15056ad,2026-08-02NDH24:25:00Z,1785680838391,1785681000000,0.710000,0.700000,0.300000,0.290000,14.36,139.4
0x4482771e878bd5faa6839c3f245d860749de6651fddb5404bca14e4ba15056ad,2026-08-02NDH24:25:00Z,1785680838890,1785681000000,0.710000,0.700000,0.300000,0.290000,14.36,190.4
0x4482771e878bd5faa6839c3f245d860749de6651fddb5404bca14e4ba15056ad,2026-08-02NDH24:25:00Z,1785680839391,1785681000000,0.710000,0.700000,0.300000,0.290000,14.36,190.4
0x4482771e878bd5faa6839c3f245d860749de6651fddb5404bca14e4ba15056ad,2026-08-02NDH24:25:00Z,1785680839891,1785681000000,0.710000,0.700000,0.300000,0.290000,7.31,296.46
0x4482771e878bd5faa6839c3f245d860749de6651fddb5404bca14e4ba15056ad,2026-08-02NDH24:25:00Z,1785680840391,1785681000000,0.710000,0.700000,0.300000,0.290000,5.9,296.46
0x4482771e878bd5faa6839c3f245d860749de6651fddb5404bca14e4ba15056ad,2026-08-02NDH24:25:00Z,1785680840890,1785681000000,0.710000,0.700000,0.300000,0.290000,5.9,296.46
0x4482771e878bd5faa6839c3f245d860749de6651fddb5404bca14e4ba15056ad,2026-08-02NDH24:25:00Z,1785680841390,1785681000000,0.710000,0.700000,0.300000,0.290000,5.9,296.45
0x4482771e878bd5faa6839c3f245d860749de6651fddb5404bca14e4ba15056ad,2026-08-02NDH24:25:00Z,1785680841891,1785681000000,0.710000,0.700000,0.300000,0.290000,4.49,297.41
0x4482771e878bd5faa6839c3f245d860749de6651fddb5404bca14e4ba15056ad,2026-08-02NDH24:25:00Z,1785680842391,1785681000000,0.710000,0.700000,0.300000,0.290000,3.08,289.23
0x4482771e878bd5faa6839c3f245d860749de6651fddb5404bca14e4ba15056ad,2026-08-02NDH24:25:00Z,1785680842890,1785681000000,0.700000,0.690000,0.310000,0.300000,321.55,175.42
0x4482771e878bd5faa6839c3f245d860749de6651fddb5404bca14e4ba15056ad,2026-08-02NDH24:25:00Z,1785680843391,1785681000000,0.690000,0.680000,0.320000,0.310000,192.79,204.99
0x4482771e878bd5faa6839c3f245d860749de6651fddb5404bca14e4ba15056ad,2026-08-02NDH24:25:00Z,1785680843891,1785681000000,0.690000,0.680000,0.320000,0.310000,177.06,190.49
0x4482771e878bd5faa6839c3f245d860749de6651fddb5404bca14e4ba15056ad,2026-08-02NDH24:25:00Z,1785680844391,1785681000000,0.690000,0.680000,0.320000,0.310000,182.06,217.9
0x4482771e878bd5faa6839c3f245d860749de6651fddb5404bca14e4ba15056ad,2026-08-02NDH24:25:00Z,1785680844890,1785681000000,0.690000,0.680000,0.320000,0.310000,248.67,5
0x4482771e878bd5faa6839c3f245d860749de6651fddb5404bca14e4ba15056ad,2026-08-02NDH24:25:00Z,1785680845391,1785681000000,0.690000,0.660000,0.340000,0.310000,262.66,57.5
0x4482771e878bd5faa6839c3f245d860749de6651fddb5404bca14e4ba15056ad,2026-08-02NDH24:25:00Z,1785680845890,1785681000000,0.670000,0.660000,0.340000,0.330000,357.84,60
0x4482771e878bd5faa6839c3f245d860749de6651fddb5404bca14e4ba15056ad,2026-08-02NDH24:25:00Z,1785680846390,1785681000000,0.670000,0.660000,0.340000,0.330000,352.84,60
0x4482771e878bd5faa6839c3f245d860749de6651fddb5404bca14e4ba15056ad,2026-08-02NDH24:25:00Z,1785680846891,1785681000000,0.670000,0.660000,0.340000,0.330000,367.84,60
0x4482771e878bd5faa6839c3f245d860749de6651fddb5404bca14e4ba15056ad,2026-08-02NDH24:25:00Z,1785680847391,1785681000000,0.670000,0.660000,0.340000,0.330000,362.84,91.77
0x4482771e878bd5faa6839c3f245d860749de6651fddb5404bca14e4ba15056ad,2026-08-02NDH24:25:00Z,1785680847890,1785681000000,0.670000,0.660000,0.340000,0.330000,347.84,91.77
0x4482771e878bd5faa6839c3f245d860749de6651fddb5404bca14e4ba15056ad,2026-08-02NDH24:25:00Z,1785680848390,1785681000000,0.670000,0.660000,0.340000,0.330000,347.84,86.77
0x4482771e878bd5faa6839c3f245d860749de6651fddb5404bca14e4ba15056ad,2026-08-02NDH24:25:00Z,1785680848890,1785681000000,0.670000,0.660000,0.340000,0.330000,347.84,91.77
0x4482771e878bd5faa6839c3f245d860749de6651fddb5404bca14e4ba15056ad,2026-08-02NDH24:25:00Z,1785680849389,1785681000000,0.670000,0.660000,0.340000,0.330000,342.84,91.77
0x4482771e878bd5faa6839c3f245d860749de6651fddb5404bca14e4ba15056ad,2026-08-02NDH24:25:00Z,1785680849891,1785681000000,0.670000,0.660000,0.340000,0.330000,347.84,91.77
0x4482771e878bd5faa6839c3f245d860749de6651fddb5404bca14e4ba15056ad,2026-08-02NDH24:25:00Z,1785680850390,1785681000000,0.670000,0.660000,0.340000,0.330000,30,412.05
0x4482771e878bd5faa6839c3f245d860749de6651fddb5404bca14e4ba15056ad,2026-08-02NDH24:25:00Z,1785680850891,1785681000000,0.690000,0.680000,0.320000,0.310000,199.73,50
0x4482771e878bd5faa6839c3f245d860749de6651fddb5404bca14e4ba15056ad,2026-08-02NDH24:25:00Z,1785680851390,1785681000000,0.690000,0.680000,0.320000,0.310000,269,72.24
0x4482771e878bd5faa6839c3f245d860749de6651fddb5404bca14e4ba15056ad,2026-08-02NDH24:25:00Z,1785680851891,1785681000000,0.690000,0.680000,0.320000,0.310000,257.5,72.24
0x4482771e878bd5faa6839c3f245d860749de6651fddb5404bca14e4ba15056ad,2026-08-02NDH24:25:00Z,1785680852391,1785681000000,0.690000,0.680000,0.320000,0.310000,204.7,72.24
0x4482771e878bd5faa6839c3f245d860749de6651fddb5404bca14e4ba15056ad,2026-08-02NDH24:25:00Z,1785680852890,1785681000000,0.690000,0.680000,0.320000,0.310000,204.7,72.24
0x4482771e878bd5faa6839c3f245d860749de6651fddb5404bca14e4ba15056ad,2026-08-02NDH24:25:00Z,1785680853391,1785681000000,0.690000,0.680000,0.320000,0.310000,221.4,62.86
0x4482771e878bd5faa6839c3f245d860749de6651fddb5404bca14e4ba15056ad,2026-08-02NDH24:25:00Z,1785680853889,1785681000000,0.680000,0.670000,0.330000,0.320000,87.92,167.58
0x4482771e878bd5faa6839c3f245d860749de6651fddb5404bca14e4ba15056ad,2026-08-02NDH24:25:00Z,1785680854391,1785681000000,0.690000,0.680000,0.320000,0.310000,146.45,109.99
0x4482771e878bd5faa6839c3f245d860749de6651fddb5404bca14e4ba15056ad,2026-08-02NDH24:25:00Z,1785680854890,1785681000000,0.690000,0.680000,0.320000,0.310000,165.45,124.99
0x4482771e878bd5faa6839c3f245d860749de6651fddb5404bca14e4ba15056ad,2026-08-02NDH24:25:00Z,1785680855391,1785681000000,0.700000,0.690000,0.310000,0.300000,194.04,35
0x4482771e878bd5faa6839c3f245d860749de6651fddb5404bca14e4ba15056ad,2026-08-02NDH24:25:00Z,1785680855890,1785681000000,0.700000,0.690000,0.310000,0.300000,452.61,35
0x4482771e878bd5faa6839c3f245d860749de6651fddb5404bca14e4ba15056ad,2026-08-02NDH24:25:00Z,1785680856391,1785681000000,0.700000,0.690000,0.310000,0.300000,457.61,35
0x4482771e878bd5faa6839c3f245d860749de6651fddb5404bca14e4ba15056ad,2026-08-02NDH24:25:00Z,1785680856889,1785681000000,0.700000,0.690000,0.310000,0.300000,496.18,33.54
0x4482771e878bd5faa6839c3f245d860749de6651fddb5404bca14e4ba15056ad,2026-08-02NDH24:25:00Z,1785680857391,1785681000000,0.700000,0.690000,0.310000,0.300000,484.62,1.87
0x4482771e878bd5faa6839c3f245d860749de6651fddb5404bca14e4ba15056ad,2026-08-02NDH24:25:00Z,1785680857890,1785681000000,0.690000,0.680000,0.320000,0.310000,250.22,105.65
0x4482771e878bd5faa6839c3f245d860749de6651fddb5404bca14e4ba15056ad,2026-08-02NDH24:25:00Z,1785680858390,1785681000000,0.690000,0.680000,0.320000,0.310000,15,796.16
0x4482771e878bd5faa6839c3f245d860749de6651fddb5404bca14e4ba15056ad,2026-08-02NDH24:25:00Z,1785680858891,1785681000000,0.740000,0.730000,0.270000,0.260000,48.93,133.51
0x4482771e878bd5faa6839c3f245d860749de6651fddb5404bca14e4ba15056ad,2026-08-02NDH24:25:00Z,1785680859391,1785681000000,0.740000,0.730000,0.270000,0.260000,60.11,192.97
0x4482771e878bd5faa6839c3f245d860749de6651fddb5404bca14e4ba15056ad,2026-08-02NDH24:25:00Z,1785680859889,1785681000000,0.740000,0.730000,0.270000,0.260000,60.11,192.55
0x4482771e878bd5faa6839c3f245d860749de6651fddb5404bca14e4ba15056ad,2026-08-02NDH24:25:00Z,1785680860391,1785681000000,0.740000,0.730000,0.270000,0.260000,60.11,192.55
0x4482771e878bd5faa6839c3f245d860749de6651fddb5404bca14e4ba15056ad,2026-08-02NDH24:25:00Z,1785680860890,1785681000000,0.740000,0.730000,0.270000,0.260000,44.5,143.55
0x4482771e878bd5faa6839c3f245d860749de6651fddb5404bca14e4ba15056ad,2026-08-02NDH24:25:00Z,1785680861391,1785681000000,0.740000,0.730000,0.270000,0.260000,62,133.55
0x4482771e878bd5faa6839c3f245d860749de6651fddb5404bca14e4ba15056ad,2026-08-02NDH24:25:00Z,1785680861890,1785681000000,0.710000,0.690000,0.310000,0.300000,68.6,25
0x4482771e878bd5faa6839c3f245d860749de6651fddb5404bca14e4ba15056ad,2026-08-02NDH24:25:00Z,1785680862391,1785681000000,0.700000,0.690000,0.310000,0.300000,234.68,25
0x4482771e878bd5faa6839c3f245d860749de6651fddb5404bca14e4ba15056ad,2026-08-02NDH24:25:00Z,1785680862890,1785681000000,0.710000,0.700000,0.300000,0.290000,55,47.9
0x4482771e878bd5faa6839c3f245d860749de6651fddb5404bca14e4ba15056ad,2026-08-02NDH24:25:00Z,1785680863391,1785681000000,0.710000,0.700000,0.300000,0.290000,69.5,117.99
0x4482771e878bd5faa6839c3f245d860749de6651fddb5404bca14e4ba15056ad,2026-08-02NDH24:25:00Z,1785680863889,1785681000000,0.710000,0.700000,0.300000,0.290000,48.64,112.99
0x4482771e878bd5faa6839c3f245d860749de6651fddb5404bca14e4ba15056ad,2026-08-02NDH24:25:00Z,1785680864391,1785681000000,0.710000,0.700000,0.300000,0.290000,48.64,140.83
0x4482771e878bd5faa6839c3f245d860749de6651fddb5404bca14e4ba15056ad,2026-08-02NDH24:25:00Z,1785680864889,1785681000000,0.710000,0.700000,0.300000,0.290000,178.9,37.84
0x4482771e878bd5faa6839c3f245d860749de6651fddb5404bca14e4ba15056ad,2026-08-02NDH24:25:00Z,1785680865391,1785681000000,0.710000,0.700000,0.300000,0.290000,155.57,37.84
0x4482771e878bd5faa6839c3f245d860749de6651fddb5404bca14e4ba15056ad,2026-08-02NDH24:25:00Z,1785680865890,1785681000000,0.710000,0.700000,0.300000,0.290000,150.29,37.84
0x4482771e878bd5faa6839c3f245d860749de6651fddb5404bca14e4ba15056ad,2026-08-02NDH24:25:00Z,1785680866391,1785681000000,0.710000,0.700000,0.300000,0.290000,171.58,37.84
0x4482771e878bd5faa6839c3f245d860749de6651fddb5404bca14e4ba15056ad,2026-08-02NDH24:25:00Z,1785680866890,1785681000000,0.710000,0.700000,0.300000,0.290000,32.66,248.58
0x4482771e878bd5faa6839c3f245d860749de6651fddb5404bca14e4ba15056ad,2026-08-02NDH24:25:00Z,1785680867390,1785681000000,0.710000,0.700000,0.300000,0.290000,32.66,248.58
0x4482771e878bd5faa6839c3f245d860749de6651fddb5404bca14e4ba15056ad,2026-08-02NDH24:25:00Z,1785680867891,1785681000000,0.710000,0.700000,0.300000,0.290000,32.66,248.58
0x4482771e878bd5faa6839c3f245d860749de6651fddb5404bca14e4ba15056ad,2026-08-02NDH24:25:00Z,1785680868389,1785681000000,0.710000,0.700000,0.300000,0.290000,10.59,279.4
0x4482771e878bd5faa6839c3f245d860749de6651fddb5404bca14e4ba15056ad,2026-08-02NDH24:25:00Z,1785680868891,1785681000000,0.710000,0.700000,0.300000,0.290000,10.59,268.58
0x4482771e878bd5faa6839c3f245d860749de6651fddb5404bca14e4ba15056ad,2026-08-02NDH24:25:00Z,1785680869391,1785681000000,0.710000,0.700000,0.300000,0.290000,9.18,268.58
0x4482771e878bd5faa6839c3f245d860749de6651fddb5404bca14e4ba15056ad,2026-08-02NDH24:25:00Z,1785680869890,1785681000000,0.710000,0.700000,0.300000,0.290000,9.18,292.58
0x4482771e878bd5faa6839c3f245d860749de6651fddb5404bca14e4ba15056ad,2026-08-02NDH24:25:00Z,1785680870391,1785681000000,0.720000,0.710000,0.290000,0.280000,34.32,187.98
0x4482771e878bd5faa6839c3f245d860749de6651fddb5404bca14e4ba15056ad,2026-08-02NDH24:25:00Z,1785680870889,1785681000000,0.720000,0.710000,0.290000,0.280000,46.32,211.19
0x4482771e878bd5faa6839c3f245d860749de6651fddb5404bca14e4ba15056ad,2026-08-02NDH24:25:00Z,1785680871390,1785681000000,0.720000,0.710000,0.290000,0.280000,61.32,188.29
0x4482771e878bd5faa6839c3f245d860749de6651fddb5404bca14e4ba15056ad,2026-08-02NDH24:25:00Z,1785680871891,1785681000000,0.710000,0.700000,0.300000,0.290000,80.6,229.2
0x4482771e878bd5faa6839c3f245d860749de6651fddb5404bca14e4ba15056ad,2026-08-02NDH24:25:00Z,1785680872390,1785681000000,0.710000,0.700000,0.300000,0.290000,135.27,39.36
0x4482771e878bd5faa6839c3f245d860749de6651fddb5404bca14e4ba15056ad,2026-08-02NDH24:25:00Z,1785680872890,1785681000000,0.710000,0.700000,0.300000,0.290000,9.33,39.36
0x4482771e878bd5faa6839c3f245d860749de6651fddb5404bca14e4ba15056ad,2026-08-02NDH24:25:00Z,1785680873390,1785681000000,0.710000,0.700000,0.300000,0.290000,25,105.19
0x4482771e878bd5faa6839c3f245d860749de6651fddb5404bca14e4ba15056ad,2026-08-02NDH24:25:00Z,1785680873890,1785681000000,0.720000,0.710000,0.290000,0.280000,74.44,59
0x4482771e878bd5faa6839c3f245d860749de6651fddb5404bca14e4ba15056ad,2026-08-02NDH24:25:00Z,1785680874391,1785681000000,0.720000,0.710000,0.290000,0.280000,59.64,29.51
0x4482771e878bd5faa6839c3f245d860749de6651fddb5404bca14e4ba15056ad,2026-08-02NDH24:25:00Z,1785680874889,1785681000000,0.720000,0.710000,0.290000,0.280000,54.64,51.68
0x4482771e878bd5faa6839c3f245d860749de6651fddb5404bca14e4ba15056ad,2026-08-02NDH24:25:00Z,1785680875391,1785681000000,0.720000,0.710000,0.290000,0.280000,37.14,27.17
0x4482771e878bd5faa6839c3f245d860749de6651fddb5404bca14e4ba15056ad,2026-08-02NDH24:25:00Z,1785680875891,1785681000000,0.710000,0.700000,0.300000,0.290000,50,99.81
0x4482771e878bd5faa6839c3f245d860749de6651fddb5404bca14e4ba15056ad,2026-08-02NDH24:25:00Z,1785680876391,1785681000000,0.710000,0.700000,0.300000,0.290000,73.78,40.19
0x4482771e878bd5faa6839c3f245d860749de6651fddb5404bca14e4ba15056ad,2026-08-02NDH24:25:00Z,1785680876890,1785681000000,0.710000,0.700000,0.300000,0.290000,59.62,105.52
0x4482771e878bd5faa6839c3f245d860749de6651fddb5404bca14e4ba15056ad,2026-08-02NDH24:25:00Z,1785680877391,1785681000000,0.710000,0.700000,0.300000,0.290000,30,105.52
0x4482771e878bd5faa6839c3f245d860749de6651fddb5404bca14e4ba15056ad,2026-08-02NDH24:25:00Z,1785680877889,1785681000000,0.710000,0.700000,0.300000,0.290000,30,164.52
0x4482771e878bd5faa6839c3f245d860749de6651fddb5404bca14e4ba15056ad,2026-08-02NDH24:25:00Z,1785680878390,1785681000000,0.710000,0.700000,0.300000,0.290000,35,164.52
0x4482771e878bd5faa6839c3f245d860749de6651fddb5404bca14e4ba15056ad,2026-08-02NDH24:25:00Z,1785680878889,1785681000000,0.710000,0.700000,0.300000,0.290000,30,164.52
0x4482771e878bd5faa6839c3f245d860749de6651fddb5404bca14e4ba15056ad,2026-08-02NDH24:25:00Z,1785680879390,1785681000000,0.710000,0.700000,0.300000,0.290000,28.59,164.52
0x4482771e878bd5faa6839c3f245d860749de6651fddb5404bca14e4ba15056ad,2026-08-02NDH24:25:00Z,1785680879891,1785681000000,0.720000,0.710000,0.290000,0.280000,30.14,226.27
0x4482771e878bd5faa6839c3f245d860749de6651fddb5404bca14e4ba15056ad,2026-08-02NDH24:25:00Z,1785680880390,1785681000000,0.720000,0.710000,0.290000,0.280000,12.63,222.47
0x4482771e878bd5faa6839c3f245d860749de6651fddb5404bca14e4ba15056ad,2026-08-02NDH24:25:00Z,1785680880890,1785681000000,0.730000,0.720000,0.280000,0.270000,5,260.09
0x4482771e878bd5faa6839c3f245d860749de6651fddb5404bca14e4ba15056ad,2026-08-02NDH24:25:00Z,1785680881390,1785681000000,0.730000,0.720000,0.280000,0.270000,2.12,257.08
0x4482771e878bd5faa6839c3f245d860749de6651fddb5404bca14e4ba15056ad,2026-08-02NDH24:25:00Z,1785680881889,1785681000000,0.740000,0.730000,0.270000,0.260000,26.52,226.27
0x4482771e878bd5faa6839c3f245d860749de6651fddb5404bca14e4ba15056ad,2026-08-02NDH24:25:00Z,1785680882391,1785681000000,0.740000,0.730000,0.270000,0.260000,18.52,237.54
0x4482771e878bd5faa6839c3f245d860749de6651fddb5404bca14e4ba15056ad,2026-08-02NDH24:25:00Z,1785680882889,1785681000000,0.750000,0.740000,0.260000,0.250000,10,231.27
0x4482771e878bd5faa6839c3f245d860749de6651fddb5404bca14e4ba15056ad,2026-08-02NDH24:25:00Z,1785680883391,1785681000000,0.770000,0.760000,0.240000,0.230000,37.24,182.97
0x4482771e878bd5faa6839c3f245d860749de6651fddb5404bca14e4ba15056ad,2026-08-02NDH24:25:00Z,1785680883890,1785681000000,0.770000,0.760000,0.240000,0.230000,133.48,157.27
0x4482771e878bd5faa6839c3f245d860749de6651fddb5404bca14e4ba15056ad,2026-08-02NDH24:25:00Z,1785680884390,1785681000000,0.770000,0.760000,0.240000,0.230000,128.48,157.27
0x4482771e878bd5faa6839c3f245d860749de6651fddb5404bca14e4ba15056ad,2026-08-02NDH24:25:00Z,1785680884890,1785681000000,0.730000,0.720000,0.280000,0.270000,44,57.9
0x4482771e878bd5faa6839c3f245d860749de6651fddb5404bca14e4ba15056ad,2026-08-02NDH24:25:00Z,1785680885391,1785681000000,0.720000,0.710000,0.290000,0.280000,8.33,39.49
0x4482771e878bd5faa6839c3f245d860749de6651fddb5404bca14e4ba15056ad,2026-08-02NDH24:25:00Z,1785680885890,1785681000000,0.720000,0.710000,0.290000,0.280000,8.05,52.34
0x4482771e878bd5faa6839c3f245d860749de6651fddb5404bca14e4ba15056ad,2026-08-02NDH24:25:00Z,1785680886389,1785681000000,0.690000,0.680000,0.320000,0.310000,270.82,39.65
0x4482771e878bd5faa6839c3f245d860749de6651fddb5404bca14e4ba15056ad,2026-08-02NDH24:25:00Z,1785680886890,1785681000000,0.690000,0.680000,0.320000,0.310000,293.96,35.52
0x4482771e878bd5faa6839c3f245d860749de6651fddb5404bca14e4ba15056ad,2026-08-02NDH24:25:00Z,1785680887390,1785681000000,0.690000,0.680000,0.320000,0.310000,237.96,35.52
0x4482771e878bd5faa6839c3f245d860749de6651fddb5404bca14e4ba15056ad,2026-08-02NDH24:25:00Z,1785680887890,1785681000000,0.690000,0.680000,0.320000,0.310000,230.5,14.15
0x4482771e878bd5faa6839c3f245d860749de6651fddb5404bca14e4ba15056ad,2026-08-02NDH24:25:00Z,1785680888391,1785681000000,0.680000,0.670000,0.330000,0.320000,258.8,38.16
0x4482771e878bd5faa6839c3f245d860749de6651fddb5404bca14e4ba15056ad,2026-08-02NDH24:25:00Z,1785680888891,1785681000000,0.680000,0.670000,0.330000,0.320000,208,43.16
0x4482771e878bd5faa6839c3f245d860749de6651fddb5404bca14e4ba15056ad,2026-08-02NDH24:25:00Z,1785680889390,1785681000000,0.680000,0.670000,0.330000,0.320000,213,43.16
0x4482771e878bd5faa6839c3f245d860749de6651fddb5404bca14e4ba15056ad,2026-08-02NDH24:25:00Z,1785680889891,1785681000000,0.680000,0.670000,0.330000,0.320000,184,43.16
0x4482771e878bd5faa6839c3f245d860749de6651fddb5404bca14e4ba15056ad,2026-08-02NDH24:25:00Z,1785680890389,1785681000000,0.680000,0.670000,0.330000,0.320000,284.56,43.16
0x4482771e878bd5faa6839c3f245d860749de6651fddb5404bca14e4ba15056ad,2026-08-02NDH24:25:00Z,1785680890892,1785681000000,0.640000,0.620000,0.380000,0.360000,78.12,25
0x4482771e878bd5faa6839c3f245d860749de6651fddb5404bca14e4ba15056ad,2026-08-02NDH24:25:00Z,1785680891389,1785681000000,0.620000,0.610000,0.390000,0.380000,445.38,465
0x4482771e878bd5faa6839c3f245d860749de6651fddb5404bca14e4ba15056ad,2026-08-02NDH24:25:00Z,1785680891891,1785681000000,0.640000,0.630000,0.370000,0.360000,73.06,55
0x4482771e878bd5faa6839c3f245d860749de6651fddb5404bca14e4ba15056ad,2026-08-02NDH24:25:00Z,1785680892389,1785681000000,0.620000,0.610000,0.390000,0.380000,138.35,285.28
0x4482771e878bd5faa6839c3f245d860749de6651fddb5404bca14e4ba15056ad,2026-08-02NDH24:25:00Z,1785680892890,1785681000000,0.620000,0.610000,0.390000,0.380000,173.29,252.44
0x4482771e878bd5faa6839c3f245d860749de6651fddb5404bca14e4ba15056ad,2026-08-02NDH24:25:00Z,1785680893392,1785681000000,0.620000,0.610000,0.390000,0.380000,57.84,284.38
0x4482771e878bd5faa6839c3f245d860749de6651fddb5404bca14e4ba15056ad,2026-08-02NDH24:25:00Z,1785680893891,1785681000000,0.650000,0.640000,0.360000,0.350000,8.2,778.56
0x4482771e878bd5faa6839c3f245d860749de6651fddb5404bca14e4ba15056ad,2026-08-02NDH24:25:00Z,1785680894390,1785681000000,0.660000,0.650000,0.350000,0.340000,9.79,497.53
0x4482771e878bd5faa6839c3f245d860749de6651fddb5404bca14e4ba15056ad,2026-08-02NDH24:25:00Z,1785680894890,1785681000000,0.670000,0.660000,0.340000,0.330000,111.11,235.37
0x4482771e878bd5faa6839c3f245d860749de6651fddb5404bca14e4ba15056ad,2026-08-02NDH24:25:00Z,1785680895390,1785681000000,0.670000,0.660000,0.340000,0.330000,115.9,225.37
0x4482771e878bd5faa6839c3f245d860749de6651fddb5404bca14e4ba15056ad,2026-08-02NDH24:25:00Z,1785680895890,1785681000000,0.680000,0.670000,0.330000,0.320000,24.97,231.17
0x4482771e878bd5faa6839c3f245d860749de6651fddb5404bca14e4ba15056ad,2026-08-02NDH24:25:00Z,1785680896390,1785681000000,0.680000,0.670000,0.330000,0.320000,22.61,162.28
0x4482771e878bd5faa6839c3f245d860749de6651fddb5404bca14e4ba15056ad,2026-08-02NDH24:25:00Z,1785680896890,1785681000000,0.680000,0.670000,0.330000,0.320000,15.89,170.61
0x4482771e878bd5faa6839c3f245d860749de6651fddb5404bca14e4ba15056ad,2026-08-02NDH24:25:00Z,1785680897391,1785681000000,0.680000,0.670000,0.330000,0.320000,20.89,169.05
0x4482771e878bd5faa6839c3f245d860749de6651fddb5404bca14e4ba15056ad,2026-08-02NDH24:25:00Z,1785680897890,1785681000000,0.680000,0.670000,0.330000,0.320000,65.89,348.01
0x4482771e878bd5faa6839c3f245d860749de6651fddb5404bca14e4ba15056ad,2026-08-02NDH24:25:00Z,1785680898390,1785681000000,0.680000,0.670000,0.330000,0.320000,70.89,333.01
0x4482771e878bd5faa6839c3f245d860749de6651fddb5404bca14e4ba15056ad,2026-08-02NDH24:25:00Z,1785680898890,1785681000000,0.680000,0.670000,0.330000,0.320000,63.53,329.97
0x4482771e878bd5faa6839c3f245d860749de6651fddb5404bca14e4ba15056ad,2026-08-02NDH24:25:00Z,1785680899391,1785681000000,0.680000,0.670000,0.330000,0.320000,58.53,329.97
0x4482771e878bd5faa6839c3f245d860749de6651fddb5404bca14e4ba15056ad,2026-08-02NDH24:25:00Z,1785680899889,1785681000000,0.680000,0.670000,0.330000,0.320000,63.53,326.93
0x4482771e878bd5faa6839c3f245d860749de6651fddb5404bca14e4ba15056ad,2026-08-02NDH24:25:00Z,1785680900391,1785681000000,0.680000,0.670000,0.330000,0.320000,177.71,6.23
0x4482771e878bd5faa6839c3f245d860749de6651fddb5404bca14e4ba15056ad,2026-08-02NDH24:25:00Z,1785680900889,1785681000000,0.670000,0.660000,0.340000,0.330000,533.08,21.69
0x4482771e878bd5faa6839c3f245d860749de6651fddb5404bca14e4ba15056ad,2026-08-02NDH24:25:00Z,1785680901391,1785681000000,0.670000,0.660000,0.340000,0.330000,538.08,6.84
0x4482771e878bd5faa6839c3f245d860749de6651fddb5404bca14e4ba15056ad,2026-08-02NDH24:25:00Z,1785680901891,1785681000000,0.660000,0.650000,0.350000,0.340000,318.82,21.54
0x4482771e878bd5faa6839c3f245d860749de6651fddb5404bca14e4ba15056ad,2026-08-02NDH24:25:00Z,1785680902390,1785681000000,0.660000,0.650000,0.350000,0.340000,297.6,21.54
0x4482771e878bd5faa6839c3f245d860749de6651fddb5404bca14e4ba15056ad,2026-08-02NDH24:25:00Z,1785680902890,1785681000000,0.660000,0.650000,0.350000,0.340000,5,528.43
0x4482771e878bd5faa6839c3f245d860749de6651fddb5404bca14e4ba15056ad,2026-08-02NDH24:25:00Z,1785680903389,1785681000000,0.680000,0.670000,0.330000,0.320000,50.78,222.72
0x4482771e878bd5faa6839c3f245d860749de6651fddb5404bca14e4ba15056ad,2026-08-02NDH24:25:00Z,1785680903891,1785681000000,0.700000,0.690000,0.310000,0.300000,72,218.37
0x4482771e878bd5faa6839c3f245d860749de6651fddb5404bca14e4ba15056ad,2026-08-02NDH24:25:00Z,1785680904389,1785681000000,0.700000,0.690000,0.310000,0.300000,72,207.58
0x4482771e878bd5faa6839c3f245d860749de6651fddb5404bca14e4ba15056ad,2026-08-02NDH24:25:00Z,1785680904890,1785681000000,0.740000,0.730000,0.270000,0.260000,76.48,86
0x4482771e878bd5faa6839c3f245d860749de6651fddb5404bca14e4ba15056ad,2026-08-02NDH24:25:00Z,1785680905391,1785681000000,0.740000,0.730000,0.270000,0.260000,76.48,91
0x4482771e878bd5faa6839c3f245d860749de6651fddb5404bca14e4ba15056ad,2026-08-02NDH24:25:00Z,1785680905891,1785681000000,0.740000,0.730000,0.270000,0.260000,80.12,91
0x4482771e878bd5faa6839c3f245d860749de6651fddb5404bca14e4ba15056ad,2026-08-02NDH24:25:00Z,1785680906390,1785681000000,0.740000,0.730000,0.270000,0.260000,70.16,58.99
0x4482771e878bd5faa6839c3f245d860749de6651fddb5404bca14e4ba15056ad,2026-08-02NDH24:25:00Z,1785680906891,1785681000000,0.720000,0.710000,0.290000,0.280000,5,71.24
0x4482771e878bd5faa6839c3f245d860749de6651fddb5404bca14e4ba15056ad,2026-08-02NDH24:25:00Z,1785680907389,1785681000000,0.720000,0.710000,0.290000,0.280000,10,56.24
0x4482771e878bd5faa6839c3f245d860749de6651fddb5404bca14e4ba15056ad,2026-08-02NDH24:25:00Z,1785680907891,1785681000000,0.720000,0.710000,0.290000,0.280000,10,8.61
0x4482771e878bd5faa6839c3f245d860749de6651fddb5404bca14e4ba15056ad,2026-08-02NDH24:25:00Z,1785680908390,1785681000000,0.720000,0.710000,0.290000,0.280000,15,8.61
0x4482771e878bd5faa6839c3f245d860749de6651fddb5404bca14e4ba15056ad,2026-08-02NDH24:25:00Z,1785680908891,1785681000000,0.720000,0.710000,0.290000,0.280000,15,13.61
0x4482771e878bd5faa6839c3f245d860749de6651fddb5404bca14e4ba15056ad,2026-08-02NDH24:25:00Z,1785680909391,1785681000000,0.710000,0.700000,0.300000,0.290000,39,11.82
0x4482771e878bd5faa6839c3f245d860749de6651fddb5404bca14e4ba15056ad,2026-08-02NDH24:25:00Z,1785680909890,1785681000000,0.710000,0.700000,0.300000,0.290000,36.95,11.82
0x4482771e878bd5faa6839c3f245d860749de6651fddb5404bca14e4ba15056ad,2026-08-02NDH24:25:00Z,1785680910390,1785681000000,0.710000,0.700000,0.300000,0.290000,153.95,11.82
0x4482771e878bd5faa6839c3f245d860749de6651fddb5404bca14e4ba15056ad,2026-08-02NDH24:25:00Z,1785680910891,1785681000000,0.710000,0.700000,0.300000,0.290000,213.86,11.82
0x4482771e878bd5faa6839c3f245d860749de6651fddb5404bca14e4ba15056ad,2026-08-02NDH24:25:00Z,1785680911389,1785681000000,0.700000,0.690000,0.310000,0.300000,15,22.18
0x4482771e878bd5faa6839c3f245d860749de6651fddb5404bca14e4ba15056ad,2026-08-02NDH24:25:00Z,1785680911890,1785681000000,0.700000,0.690000,0.310000,0.300000,8,41.43
0x4482771e878bd5faa6839c3f245d860749de6651fddb5404bca14e4ba15056ad,2026-08-02NDH24:25:00Z,1785680912390,1785681000000,0.700000,0.690000,0.310000,0.300000,6.57,41.43
0x4482771e878bd5faa6839c3f245d860749de6651fddb5404bca14e4ba15056ad,2026-08-02NDH24:25:00Z,1785680912891,1785681000000,0.700000,0.690000,0.310000,0.300000,6.57,41.43
0x4482771e878bd5faa6839c3f245d860749de6651fddb5404bca14e4ba15056ad,2026-08-02NDH24:25:00Z,1785680913389,1785681000000,0.700000,0.690000,0.310000,0.300000,6.57,41.43
0x4482771e878bd5faa6839c3f245d860749de6651fddb5404bca14e4ba15056ad,2026-08-02NDH24:25:00Z,1785680913890,1785681000000,0.740000,0.720000,0.280000,0.260000,6.48,26.3
0x4482771e878bd5faa6839c3f245d860749de6651fddb5404bca14e4ba15056ad,2026-08-02NDH24:25:00Z,1785680914391,1785681000000,0.750000,0.740000,0.260000,0.250000,65.74,111.67
0x4482771e878bd5faa6839c3f245d860749de6651fddb5404bca14e4ba15056ad,2026-08-02NDH24:25:00Z,1785680914891,1785681000000,0.750000,0.740000,0.260000,0.250000,58.07,118.92
0x4482771e878bd5faa6839c3f245d860749de6651fddb5404bca14e4ba15056ad,2026-08-02NDH24:25:00Z,1785680915389,1785681000000,0.750000,0.740000,0.260000,0.250000,33.07,117.56
0x4482771e878bd5faa6839c3f245d860749de6651fddb5404bca14e4ba15056ad,2026-08-02NDH24:25:00Z,1785680915891,1785681000000,0.750000,0.740000,0.260000,0.250000,53.06,8.5
0x4482771e878bd5faa6839c3f245d860749de6651fddb5404bca14e4ba15056ad,2026-08-02NDH24:25:00Z,1785680916389,1785681000000,0.730000,0.720000,0.280000,0.270000,15,105.55
0x4482771e878bd5faa6839c3f245d860749de6651fddb5404bca14e4ba15056ad,2026-08-02NDH24:25:00Z,1785680916890,1785681000000,0.730000,0.720000,0.280000,0.270000,34,37
0x4482771e878bd5faa6839c3f245d860749de6651fddb5404bca14e4ba15056ad,2026-08-02NDH24:25:00Z,1785680917390,1785681000000,0.730000,0.720000,0.280000,0.270000,63,14.85
0x4482771e878bd5faa6839c3f245d860749de6651fddb5404bca14e4ba15056ad,2026-08-02NDH24:25:00Z,1785680917891,1785681000000,0.710000,0.700000,0.300000,0.290000,45,25.72
0x4482771e878bd5faa6839c3f245d860749de6651fddb5404bca14e4ba15056ad,2026-08-02NDH24:25:00Z,1785680918391,1785681000000,0.710000,0.700000,0.300000,0.290000,51.95,27.97
0x4482771e878bd5faa6839c3f245d860749de6651fddb5404bca14e4ba15056ad,2026-08-02NDH24:25:00Z,1785680918889,1785681000000,0.710000,0.700000,0.300000,0.290000,48.76,27.97
0x4482771e878bd5faa6839c3f245d860749de6651fddb5404bca14e4ba15056ad,2026-08-02NDH24:25:00Z,1785680919390,1785681000000,0.710000,0.700000,0.300000,0.290000,45.94,12.82
0x4482771e878bd5faa6839c3f245d860749de6651fddb5404bca14e4ba15056ad,2026-08-02NDH24:25:00Z,1785680919891,1785681000000,0.700000,0.690000,0.310000,0.300000,36.85,27.68
0x4482771e878bd5faa6839c3f245d860749de6651fddb5404bca14e4ba15056ad,2026-08-02NDH24:25:00Z,1785680920389,1785681000000,0.700000,0.690000,0.310000,0.300000,20,22.68
0x4482771e878bd5faa6839c3f245d860749de6651fddb5404bca14e4ba15056ad,2026-08-02NDH24:25:00Z,1785680920890,1785681000000,0.700000,0.690000,0.310000,0.300000,14.4,18.02
0x4482771e878bd5faa6839c3f245d860749de6651fddb5404bca14e4ba15056ad,2026-08-02NDH24:25:00Z,1785680921390,1785681000000,0.720000,0.710000,0.290000,0.280000,13,25.2
0x4482771e878bd5faa6839c3f245d860749de6651fddb5404bca14e4ba15056ad,2026-08-02NDH24:25:00Z,1785680921890,1785681000000,0.740000,0.730000,0.270000,0.260000,22,45
0x4482771e878bd5faa6839c3f245d860749de6651fddb5404bca14e4ba15056ad,2026-08-02NDH24:25:00Z,1785680922391,1785681000000,0.730000,0.720000,0.280000,0.270000,116.02,344.31
0x4482771e878bd5faa6839c3f245d860749de6651fddb5404bca14e4ba15056ad,2026-08-02NDH24:25:00Z,1785680922889,1785681000000,0.730000,0.720000,0.280000,0.270000,52.26,343.73
0x4482771e878bd5faa6839c3f245d860749de6651fddb5404bca14e4ba15056ad,2026-08-02NDH24:25:00Z,1785680923390,1785681000000,0.730000,0.720000,0.280000,0.270000,66.26,326.15
0x4482771e878bd5faa6839c3f245d860749de6651fddb5404bca14e4ba15056ad,2026-08-02NDH24:25:00Z,1785680923891,1785681000000,0.730000,0.720000,0.280000,0.270000,71.26,326.15
0x4482771e878bd5faa6839c3f245d860749de6651fddb5404bca14e4ba15056ad,2026-08-02NDH24:25:00Z,1785680924391,1785681000000,0.730000,0.720000,0.280000,0.270000,42.26,326.15
0x4482771e878bd5faa6839c3f245d860749de6651fddb5404bca14e4ba15056ad,2026-08-02NDH24:25:00Z,1785680924889,1785681000000,0.750000,0.720000,0.280000,0.250000,25.81,358.15
0x4482771e878bd5faa6839c3f245d860749de6651fddb5404bca14e4ba15056ad,2026-08-02NDH24:25:00Z,1785680925390,1785681000000,0.770000,0.760000,0.240000,0.230000,12,151.57
0x4482771e878bd5faa6839c3f245d860749de6651fddb5404bca14e4ba15056ad,2026-08-02NDH24:25:00Z,1785680925891,1785681000000,0.770000,0.760000,0.240000,0.230000,5,166.57
0x4482771e878bd5faa6839c3f245d860749de6651fddb5404bca14e4ba15056ad,2026-08-02NDH24:25:00Z,1785680926390,1785681000000,0.770000,0.760000,0.240000,0.230000,34,152.81
0x4482771e878bd5faa6839c3f245d860749de6651fddb5404bca14e4ba15056ad,2026-08-02NDH24:25:00Z,1785680926889,1785681000000,0.770000,0.760000,0.240000,0.230000,39,148.64
0x4482771e878bd5faa6839c3f245d860749de6651fddb5404bca14e4ba15056ad,2026-08-02NDH24:25:00Z,1785680927391,1785681000000,0.770000,0.760000,0.240000,0.230000,39,144.47
0x4482771e878bd5faa6839c3f245d860749de6651fddb5404bca14e4ba15056ad,2026-08-02NDH24:25:00Z,1785680927891,1785681000000,0.770000,0.760000,0.240000,0.230000,42.7,144.47
0x4482771e878bd5faa6839c3f245d860749de6651fddb5404bca14e4ba15056ad,2026-08-02NDH24:25:00Z,1785680928390,1785681000000,0.770000,0.760000,0.240000,0.230000,37.7,114.17
0x4482771e878bd5faa6839c3f245d860749de6651fddb5404bca14e4ba15056ad,2026-08-02NDH24:25:00Z,1785680928889,1785681000000,0.770000,0.760000,0.240000,0.230000,42.7,114.17
0x4482771e878bd5faa6839c3f245d860749de6651fddb5404bca14e4ba15056ad,2026-08-02NDH24:25:00Z,1785680929390,1785681000000,0.770000,0.760000,0.240000,0.230000,42.7,119.17
0x4482771e878bd5faa6839c3f245d860749de6651fddb5404bca14e4ba15056ad,2026-08-02NDH24:25:00Z,1785680929891,1785681000000,0.780000,0.770000,0.230000,0.220000,222.93,28.58
0x4482771e878bd5faa6839c3f245d860749de6651fddb5404bca14e4ba15056ad,2026-08-02NDH24:25:00Z,1785680930391,1785681000000,0.770000,0.760000,0.240000,0.230000,104.53,3
0x4482771e878bd5faa6839c3f245d860749de6651fddb5404bca14e4ba15056ad,2026-08-02NDH24:25:00Z,1785680930890,1785681000000,0.760000,0.750000,0.250000,0.240000,121.8,52.43
0x4482771e878bd5faa6839c3f245d860749de6651fddb5404bca14e4ba15056ad,2026-08-02NDH24:25:00Z,1785680931391,1785681000000,0.760000,0.750000,0.250000,0.240000,122.66,55.43
0x4482771e878bd5faa6839c3f245d860749de6651fddb5404bca14e4ba15056ad,2026-08-02NDH24:25:00Z,1785680931890,1785681000000,0.760000,0.750000,0.250000,0.240000,122.66,45.43
0x4482771e878bd5faa6839c3f245d860749de6651fddb5404bca14e4ba15056ad,2026-08-02NDH24:25:00Z,1785680932390,1785681000000,0.760000,0.750000,0.250000,0.240000,122.66,45.43
0x4482771e878bd5faa6839c3f245d860749de6651fddb5404bca14e4ba15056ad,2026-08-02NDH24:25:00Z,1785680932890,1785681000000,0.760000,0.750000,0.250000,0.240000,104.41,45.43
0x4482771e878bd5faa6839c3f245d860749de6651fddb5404bca14e4ba15056ad,2026-08-02NDH24:25:00Z,1785680933391,1785681000000,0.760000,0.750000,0.250000,0.240000,65,50.43
0x4482771e878bd5faa6839c3f245d860749de6651fddb5404bca14e4ba15056ad,2026-08-02NDH24:25:00Z,1785680933890,1785681000000,0.760000,0.750000,0.250000,0.240000,33.62,55.43
0x4482771e878bd5faa6839c3f245d860749de6651fddb5404bca14e4ba15056ad,2026-08-02NDH24:25:00Z,1785680934390,1785681000000,0.760000,0.750000,0.250000,0.240000,37.25,35.43
0x4482771e878bd5faa6839c3f245d860749de6651fddb5404bca14e4ba15056ad,2026-08-02NDH24:25:00Z,1785680934890,1785681000000,0.760000,0.750000,0.250000,0.240000,61.25,35.43
0x4482771e878bd5faa6839c3f245d860749de6651fddb5404bca14e4ba15056ad,2026-08-02NDH24:25:00Z,1785680935391,1785681000000,0.760000,0.750000,0.250000,0.240000,37.25,40.43
0x4482771e878bd5faa6839c3f245d860749de6651fddb5404bca14e4ba15056ad,2026-08-02NDH24:25:00Z,1785680935891,1785681000000,0.760000,0.750000,0.250000,0.240000,29.25,52.43
0x4482771e878bd5faa6839c3f245d860749de6651fddb5404bca14e4ba15056ad,2026-08-02NDH24:25:00Z,1785680936389,1785681000000,0.760000,0.750000,0.250000,0.240000,21,40.43
0x4482771e878bd5faa6839c3f245d860749de6651fddb5404bca14e4ba15056ad,2026-08-02NDH24:25:00Z,1785680936891,1785681000000,0.760000,0.750000,0.250000,0.240000,14.42,27.43
0x4482771e878bd5faa6839c3f245d860749de6651fddb5404bca14e4ba15056ad,2026-08-02NDH24:25:00Z,1785680937390,1785681000000,0.760000,0.750000,0.250000,0.240000,3.36,4.51
0x4482771e878bd5faa6839c3f245d860749de6651fddb5404bca14e4ba15056ad,2026-08-02NDH24:25:00Z,1785680937890,1785681000000,0.790000,0.780000,0.220000,0.210000,18.23,96
0x4482771e878bd5faa6839c3f245d860749de6651fddb5404bca14e4ba15056ad,2026-08-02NDH24:25:00Z,1785680938389,1785681000000,0.800000,0.790000,0.210000,0.200000,60.22,36.4
0x4482771e878bd5faa6839c3f245d860749de6651fddb5404bca14e4ba15056ad,2026-08-02NDH24:25:00Z,1785680938890,1785681000000,0.800000,0.790000,0.210000,0.200000,43.62,45
0x4482771e878bd5faa6839c3f245d860749de6651fddb5404bca14e4ba15056ad,2026-08-02NDH24:25:00Z,1785680939391,1785681000000,0.800000,0.790000,0.210000,0.200000,41.59,45
0x4482771e878bd5faa6839c3f245d860749de6651fddb5404bca14e4ba15056ad,2026-08-02NDH24:25:00Z,1785680939889,1785681000000,0.830000,0.820000,0.180000,0.170000,49,27
0x4482771e878bd5faa6839c3f245d860749de6651fddb5404bca14e4ba15056ad,2026-08-02NDH24:25:00Z,1785680940391,1785681000000,0.850000,0.800000,0.200000,0.150000,35,92.5
0x4482771e878bd5faa6839c3f245d860749de6651fddb5404bca14e4ba15056ad,2026-08-02NDH24:25:00Z,1785680940891,1785681000000,0.850000,0.800000,0.200000,0.150000,35,92.5
0x4482771e878bd5faa6839c3f245d860749de6651fddb5404bca14e4ba15056ad,2026-08-02NDH24:25:00Z,1785680941391,1785681000000,0.810000,0.800000,0.200000,0.190000,6,257.46
0x4482771e878bd5faa6839c3f245d860749de6651fddb5404bca14e4ba15056ad,2026-08-02NDH24:25:00Z,1785680941890,1785681000000,0.840000,0.670000,0.330000,0.160000,10,241.31
0x4482771e878bd5faa6839c3f245d860749de6651fddb5404bca14e4ba15056ad,2026-08-02NDH24:25:00Z,1785680942390,1785681000000,0.830000,0.820000,0.180000,0.170000,5,49.78
0x4482771e878bd5faa6839c3f245d860749de6651fddb5404bca14e4ba15056ad,2026-08-02NDH24:25:00Z,1785680942891,1785681000000,0.910000,0.900000,0.100000,0.090000,55.64,287.97
0x4482771e878bd5faa6839c3f245d860749de6651fddb5404bca14e4ba15056ad,2026-08-02NDH24:25:00Z,1785680943390,1785681000000,0.920000,0.910000,0.090000,0.080000,34.26,86.02
0x4482771e878bd5faa6839c3f245d860749de6651fddb5404bca14e4ba15056ad,2026-08-02NDH24:25:00Z,1785680943891,1785681000000,0.940000,0.930000,0.070000,0.060000,954.68,204.51
0x4482771e878bd5faa6839c3f245d860749de6651fddb5404bca14e4ba15056ad,2026-08-02NDH24:25:00Z,1785680944389,1785681000000,0.920000,0.910000,0.090000,0.080000,0.07,515.44
0x4482771e878bd5faa6839c3f245d860749de6651fddb5404bca14e4ba15056ad,2026-08-02NDH24:25:00Z,1785680944891,1785681000000,0.940000,0.930000,0.070000,0.060000,586.78,47
0x4482771e878bd5faa6839c3f245d860749de6651fddb5404bca14e4ba15056ad,2026-08-02NDH24:25:00Z,1785680945389,1785681000000,0.940000,0.930000,0.070000,0.060000,704.91,63.35
0x4482771e878bd5faa6839c3f245d860749de6651fddb5404bca14e4ba15056ad,2026-08-02NDH24:25:00Z,1785680945890,1785681000000,0.940000,0.930000,0.070000,0.060000,660.14,84.35
0x4482771e878bd5faa6839c3f245d860749de6651fddb5404bca14e4ba15056ad,2026-08-02NDH24:25:00Z,1785680946389,1785681000000,0.940000,0.930000,0.070000,0.060000,414.92,22
0x4482771e878bd5faa6839c3f245d860749de6651fddb5404bca14e4ba15056ad,2026-08-02NDH24:25:00Z,1785680946890,1785681000000,0.940000,0.930000,0.070000,0.060000,324.05,265.26
0x4482771e878bd5faa6839c3f245d860749de6651fddb5404bca14e4ba15056ad,2026-08-02NDH24:25:00Z,1785680947391,1785681000000,0.950000,0.940000,0.060000,0.050000,551.46,79.56
0x4482771e878bd5faa6839c3f245d860749de6651fddb5404bca14e4ba15056ad,2026-08-02NDH24:25:00Z,1785680947889,1785681000000,0.940000,0.930000,0.070000,0.060000,5,29.42
0x4482771e878bd5faa6839c3f245d860749de6651fddb5404bca14e4ba15056ad,2026-08-02NDH24:25:00Z,1785680948391,1785681000000,0.950000,0.940000,0.060000,0.050000,824.38,35
0x4482771e878bd5faa6839c3f245d860749de6651fddb5404bca14e4ba15056ad,2026-08-02NDH24:25:00Z,1785680948890,1785681000000,0.950000,0.940000,0.060000,0.050000,474.23,99.04
0x4482771e878bd5faa6839c3f245d860749de6651fddb5404bca14e4ba15056ad,2026-08-02NDH24:25:00Z,1785680949391,1785681000000,0.960000,0.950000,0.050000,0.040000,139.03,267.9
0x4482771e878bd5faa6839c3f245d860749de6651fddb5404bca14e4ba15056ad,2026-08-02NDH24:25:00Z,1785680949890,1785681000000,0.960000,0.950000,0.050000,0.040000,4.6,380.34
0x4482771e878bd5faa6839c3f245d860749de6651fddb5404bca14e4ba15056ad,2026-08-02NDH24:25:00Z,1785680950391,1785681000000,0.970000,0.960000,0.040000,0.030000,630.07,278.3
0x4482771e878bd5faa6839c3f245d860749de6651fddb5404bca14e4ba15056ad,2026-08-02NDH24:25:00Z,1785680950890,1785681000000,0.970000,0.960000,0.040000,0.030000,563.6,182.24
0x4482771e878bd5faa6839c3f245d860749de6651fddb5404bca14e4ba15056ad,2026-08-02NDH24:25:00Z,1785680951391,1785681000000,0.970000,0.960000,0.040000,0.030000,519.71,460.04
0x4482771e878bd5faa6839c3f245d860749de6651fddb5404bca14e4ba15056ad,2026-08-02NDH24:25:00Z,1785680951890,1785681000000,0.970000,0.960000,0.040000,0.030000,505.98,460.04
0x4482771e878bd5faa6839c3f245d860749de6651fddb5404bca14e4ba15056ad,2026-08-02NDH24:25:00Z,1785680952390,1785681000000,0.970000,0.960000,0.040000,0.030000,327.78,389.45
0x4482771e878bd5faa6839c3f245d860749de6651fddb5404bca14e4ba15056ad,2026-08-02NDH24:25:00Z,1785680952891,1785681000000,0.970000,0.960000,0.040000,0.030000,414,471.11
0x4482771e878bd5faa6839c3f245d860749de6651fddb5404bca14e4ba15056ad,2026-08-02NDH24:25:00Z,1785680953391,1785681000000,0.970000,0.960000,0.040000,0.030000,377.19,469.73
0x4482771e878bd5faa6839c3f245d860749de6651fddb5404bca14e4ba15056ad,2026-08-02NDH24:25:00Z,1785680953891,1785681000000,0.970000,0.960000,0.040000,0.030000,387.75,465.11
0x4482771e878bd5faa6839c3f245d860749de6651fddb5404bca14e4ba15056ad,2026-08-02NDH24:25:00Z,1785680954389,1785681000000,0.970000,0.960000,0.040000,0.030000,187.75,418.52
0x4482771e878bd5faa6839c3f245d860749de6651fddb5404bca14e4ba15056ad,2026-08-02NDH24:25:00Z,1785680954890,1785681000000,0.970000,0.960000,0.040000,0.030000,415.58,326.86
0x4482771e878bd5faa6839c3f245d860749de6651fddb5404bca14e4ba15056ad,2026-08-02NDH24:25:00Z,1785680955391,1785681000000,0.970000,0.960000,0.040000,0.030000,407.32,326.86
0x4482771e878bd5faa6839c3f245d860749de6651fddb5404bca14e4ba15056ad,2026-08-02NDH24:25:00Z,1785680955890,1785681000000,0.970000,0.960000,0.040000,0.030000,333.46,380.64
0x4482771e878bd5faa6839c3f245d860749de6651fddb5404bca14e4ba15056ad,2026-08-02NDH24:25:00Z,1785680956391,1785681000000,0.970000,0.960000,0.040000,0.030000,315.52,284.7
0x4482771e878bd5faa6839c3f245d860749de6651fddb5404bca14e4ba15056ad,2026-08-02NDH24:25:00Z,1785680956890,1785681000000,0.980000,0.970000,0.030000,0.020000,1803.67,88.12
0x4482771e878bd5faa6839c3f245d860749de6651fddb5404bca14e4ba15056ad,2026-08-02NDH24:25:00Z,1785680957390,1785681000000,0.980000,0.970000,0.030000,0.020000,1792.64,308.25
0x4482771e878bd5faa6839c3f245d860749de6651fddb5404bca14e4ba15056ad,2026-08-02NDH24:25:00Z,1785680957890,1785681000000,0.980000,0.970000,0.030000,0.020000,1741.64,303.25
0x4482771e878bd5faa6839c3f245d860749de6651fddb5404bca14e4ba15056ad,2026-08-02NDH24:25:00Z,1785680958391,1785681000000,0.980000,0.970000,0.030000,0.020000,1728.53,298.25
0x4482771e878bd5faa6839c3f245d860749de6651fddb5404bca14e4ba15056ad,2026-08-02NDH24:25:00Z,1785680958890,1785681000000,0.980000,0.970000,0.030000,0.020000,1728.53,377.55
0x4482771e878bd5faa6839c3f245d860749de6651fddb5404bca14e4ba15056ad,2026-08-02NDH24:25:00Z,1785680959389,1785681000000,0.980000,0.970000,0.030000,0.020000,1728.53,317.82
0x4482771e878bd5faa6839c3f245d860749de6651fddb5404bca14e4ba15056ad,2026-08-02NDH24:25:00Z,1785680959891,1785681000000,0.980000,0.970000,0.030000,0.020000,1696.87,345.45
0x4482771e878bd5faa6839c3f245d860749de6651fddb5404bca14e4ba15056ad,2026-08-02NDH24:25:00Z,1785680960389,1785681000000,0.980000,0.970000,0.030000,0.020000,1671.56,345.45
0x4482771e878bd5faa6839c3f245d860749de6651fddb5404bca14e4ba15056ad,2026-08-02NDH24:25:00Z,1785680960890,1785681000000,0.980000,0.970000,0.030000,0.020000,1657.51,345.45
0x4482771e878bd5faa6839c3f245d860749de6651fddb5404bca14e4ba15056ad,2026-08-02NDH24:25:00Z,1785680961390,1785681000000,0.980000,0.970000,0.030000,0.020000,1639.12,351.34
0x4482771e878bd5faa6839c3f245d860749de6651fddb5404bca14e4ba15056ad,2026-08-02NDH24:25:00Z,1785680961890,1785681000000,0.970000,0.960000,0.040000,0.030000,33.96,683.81
0x4482771e878bd5faa6839c3f245d860749de6651fddb5404bca14e4ba15056ad,2026-08-02NDH24:25:00Z,1785680962391,1785681000000,0.980000,0.970000,0.030000,0.020000,1611.13,57.4
0x4482771e878bd5faa6839c3f245d860749de6651fddb5404bca14e4ba15056ad,2026-08-02NDH24:25:00Z,1785680962889,1785681000000,0.980000,0.970000,0.030000,0.020000,1609.11,69.4
0x4482771e878bd5faa6839c3f245d860749de6651fddb5404bca14e4ba15056ad,2026-08-02NDH24:25:00Z,1785680963390,1785681000000,0.970000,0.960000,0.040000,0.030000,30.6,697.35
0x4482771e878bd5faa6839c3f245d860749de6651fddb5404bca14e4ba15056ad,2026-08-02NDH24:25:00Z,1785680963890,1785681000000,0.980000,0.970000,0.030000,0.020000,994.17,50
0x4482771e878bd5faa6839c3f245d860749de6651fddb5404bca14e4ba15056ad,2026-08-02NDH24:25:00Z,1785680964390,1785681000000,0.980000,0.970000,0.030000,0.020000,922.88,22.06
0x4482771e878bd5faa6839c3f245d860749de6651fddb5404bca14e4ba15056ad,2026-08-02NDH24:25:00Z,1785680964891,1785681000000,0.980000,0.970000,0.030000,0.020000,902.41,172.06
0x4482771e878bd5faa6839c3f245d860749de6651fddb5404bca14e4ba15056ad,2026-08-02NDH24:25:00Z,1785680965389,1785681000000,0.980000,0.970000,0.030000,0.020000,902.41,172.06
0x4482771e878bd5faa6839c3f245d860749de6651fddb5404bca14e4ba15056ad,2026-08-02NDH24:25:00Z,1785680965891,1785681000000,0.980000,0.970000,0.030000,0.020000,894.24,172.06
0x4482771e878bd5faa6839c3f245d860749de6651fddb5404bca14e4ba15056ad,2026-08-02NDH24:25:00Z,1785680966391,1785681000000,0.980000,0.970000,0.030000,0.020000,884.24,162.85
0x4482771e878bd5faa6839c3f245d860749de6651fddb5404bca14e4ba15056ad,2026-08-02NDH24:25:00Z,1785680966890,1785681000000,0.980000,0.970000,0.030000,0.020000,884.24,182.85
0x4482771e878bd5faa6839c3f245d860749de6651fddb5404bca14e4ba15056ad,2026-08-02NDH24:25:00Z,1785680967390,1785681000000,0.980000,0.970000,0.030000,0.020000,870.33,187.85
0x4482771e878bd5faa6839c3f245d860749de6651fddb5404bca14e4ba15056ad,2026-08-02NDH24:25:00Z,1785680967889,1785681000000,0.980000,0.970000,0.030000,0.020000,870.33,187.85
0x4482771e878bd5faa6839c3f245d860749de6651fddb5404bca14e4ba15056ad,2026-08-02NDH24:25:00Z,1785680968391,1785681000000,0.980000,0.970000,0.030000,0.020000,611.72,223.63
0x4482771e878bd5faa6839c3f245d860749de6651fddb5404bca14e4ba15056ad,2026-08-02NDH24:25:00Z,1785680968890,1785681000000,0.980000,0.970000,0.030000,0.020000,498.5,233.63
0x4482771e878bd5faa6839c3f245d860749de6651fddb5404bca14e4ba15056ad,2026-08-02NDH24:25:00Z,1785680969391,1785681000000,0.980000,0.970000,0.030000,0.020000,279.46,316.09
0x4482771e878bd5faa6839c3f245d860749de6651fddb5404bca14e4ba15056ad,2026-08-02NDH24:25:00Z,1785680969890,1785681000000,0.980000,0.970000,0.030000,0.020000,147.15,343.34
0x4482771e878bd5faa6839c3f245d860749de6651fddb5404bca14e4ba15056ad,2026-08-02NDH24:25:00Z,1785680970390,1785681000000,0.990000,0.980000,0.020000,0.010000,2613.3,549.06
0x4482771e878bd5faa6839c3f245d860749de6651fddb5404bca14e4ba15056ad,2026-08-02NDH24:25:00Z,1785680970891,1785681000000,0.990000,0.980000,0.020000,0.010000,2576.93,549.06
0x4482771e878bd5faa6839c3f245d860749de6651fddb5404bca14e4ba15056ad,2026-08-02NDH24:25:00Z,1785680971390,1785681000000,0.990000,0.980000,0.020000,0.010000,2719.34,569.06
0x4482771e878bd5faa6839c3f245d860749de6651fddb5404bca14e4ba15056ad,2026-08-02NDH24:25:00Z,1785680971890,1785681000000,0.990000,0.980000,0.020000,0.010000,2614.28,578.96
0x4482771e878bd5faa6839c3f245d860749de6651fddb5404bca14e4ba15056ad,2026-08-02NDH24:25:00Z,1785680972391,1785681000000,0.990000,0.980000,0.020000,0.010000,2605.18,428.96
0x4482771e878bd5faa6839c3f245d860749de6651fddb5404bca14e4ba15056ad,2026-08-02NDH24:25:00Z,1785680972891,1785681000000,0.990000,0.980000,0.020000,0.010000,2605.18,428.96
0x4482771e878bd5faa6839c3f245d860749de6651fddb5404bca14e4ba15056ad,2026-08-02NDH24:25:00Z,1785680973391,1785681000000,0.990000,0.980000,0.020000,0.010000,2455.18,319.06
0x4482771e878bd5faa6839c3f245d860749de6651fddb5404bca14e4ba15056ad,2026-08-02NDH24:25:00Z,1785680973890,1785681000000,0.990000,0.980000,0.020000,0.010000,2291.06,169.06
0x4482771e878bd5faa6839c3f245d860749de6651fddb5404bca14e4ba15056ad,2026-08-02NDH24:25:00Z,1785680974391,1785681000000,0.990000,0.980000,0.020000,0.010000,2086.9,181.31
0x4482771e878bd5faa6839c3f245d860749de6651fddb5404bca14e4ba15056ad,2026-08-02NDH24:25:00Z,1785680974889,1785681000000,0.990000,0.980000,0.020000,0.010000,2011.5,311.84
0x4482771e878bd5faa6839c3f245d860749de6651fddb5404bca14e4ba15056ad,2026-08-02NDH24:25:00Z,1785680975390,1785681000000,0.990000,0.980000,0.020000,0.010000,1905.48,311.84
0x4482771e878bd5faa6839c3f245d860749de6651fddb5404bca14e4ba15056ad,2026-08-02NDH24:25:00Z,1785680975891,1785681000000,0.990000,0.980000,0.020000,0.010000,1789.14,311.84
0x4482771e878bd5faa6839c3f245d860749de6651fddb5404bca14e4ba15056ad,2026-08-02NDH24:25:00Z,1785680976389,1785681000000,0.990000,0.980000,0.020000,0.010000,1788.12,311.84
0x4482771e878bd5faa6839c3f245d860749de6651fddb5404bca14e4ba15056ad,2026-08-02NDH24:25:00Z,1785680976890,1785681000000,0.990000,0.980000,0.020000,0.010000,1756.28,306.84
0x4482771e878bd5faa6839c3f245d860749de6651fddb5404bca14e4ba15056ad,2026-08-02NDH24:25:00Z,1785680977389,1785681000000,0.990000,0.980000,0.020000,0.010000,1741.16,299.49
0x4482771e878bd5faa6839c3f245d860749de6651fddb5404bca14e4ba15056ad,2026-08-02NDH24:25:00Z,1785680977890,1785681000000,0.990000,0.980000,0.020000,0.010000,1698.72,149.49
0x4482771e878bd5faa6839c3f245d860749de6651fddb5404bca14e4ba15056ad,2026-08-02NDH24:25:00Z,1785680978391,1785681000000,0.990000,0.980000,0.020000,0.010000,2087.6,21.99
0x4482771e878bd5faa6839c3f245d860749de6651fddb5404bca14e4ba15056ad,2026-08-02NDH24:25:00Z,1785680978889,1785681000000,0.990000,0.980000,0.020000,0.010000,1621.11,5
0x4482771e878bd5faa6839c3f245d860749de6651fddb5404bca14e4ba15056ad,2026-08-02NDH24:25:00Z,1785680979391,1785681000000,0.990000,0.980000,0.020000,0.010000,1570.79,5
0x4482771e878bd5faa6839c3f245d860749de6651fddb5404bca14e4ba15056ad,2026-08-02NDH24:25:00Z,1785680979890,1785681000000,0.990000,0.980000,0.020000,0.010000,1515.43,5
0x4482771e878bd5faa6839c3f245d860749de6651fddb5404bca14e4ba15056ad,2026-08-02NDH24:25:00Z,1785680980390,1785681000000,0.990000,0.980000,0.020000,0.010000,1207.34,5
0x4482771e878bd5faa6839c3f245d860749de6651fddb5404bca14e4ba15056ad,2026-08-02NDH24:25:00Z,1785680980889,1785681000000,0.980000,0.970000,0.030000,0.020000,21.93,392.21
0x4482771e878bd5faa6839c3f245d860749de6651fddb5404bca14e4ba15056ad,2026-08-02NDH24:25:00Z,1785680981389,1785681000000,0.990000,0.980000,0.020000,0.010000,949.71,5
0x4482771e878bd5faa6839c3f245d860749de6651fddb5404bca14e4ba15056ad,2026-08-02NDH24:25:00Z,1785680981890,1785681000000,0.990000,0.980000,0.020000,0.010000,916.34,99.9
0x4482771e878bd5faa6839c3f245d860749de6651fddb5404bca14e4ba15056ad,2026-08-02NDH24:25:00Z,1785680982390,1785681000000,0.990000,0.980000,0.020000,0.010000,915.32,99.9
0x4482771e878bd5faa6839c3f245d860749de6651fddb5404bca14e4ba15056ad,2026-08-02NDH24:25:00Z,1785680982890,1785681000000,0.990000,0.980000,0.020000,0.010000,905.26,99.9
0x4482771e878bd5faa6839c3f245d860749de6651fddb5404bca14e4ba15056ad,2026-08-02NDH24:25:00Z,1785680983389,1785681000000,0.990000,0.980000,0.020000,0.010000,881.24,214.9
0x4482771e878bd5faa6839c3f245d860749de6651fddb5404bca14e4ba15056ad,2026-08-02NDH24:25:00Z,1785680983890,1785681000000,0.990000,0.980000,0.020000,0.010000,768.08,214.9
0x4482771e878bd5faa6839c3f245d860749de6651fddb5404bca14e4ba15056ad,2026-08-02NDH24:25:00Z,1785680984390,1785681000000,0.990000,0.980000,0.020000,0.010000,714.15,224.9
0x4482771e878bd5faa6839c3f245d860749de6651fddb5404bca14e4ba15056ad,2026-08-02NDH24:25:00Z,1785680984890,1785681000000,0.990000,0.980000,0.020000,0.010000,379.1,243.47
0x4482771e878bd5faa6839c3f245d860749de6651fddb5404bca14e4ba15056ad,2026-08-02NDH24:25:00Z,1785680985392,1785681000000,1.000000,0.990000,0.010000,0.000000,,4977.56
0x4482771e878bd5faa6839c3f245d860749de6651fddb5404bca14e4ba15056ad,2026-08-02NDH24:25:00Z,1785680985890,1785681000000,1.000000,0.990000,0.010000,0.000000,,5075.06
0x4482771e878bd5faa6839c3f245d860749de6651fddb5404bca14e4ba15056ad,2026-08-02NDH24:25:00Z,1785680986390,1785681000000,1.000000,0.990000,0.010000,0.000000,,5175.06
0x4482771e878bd5faa6839c3f245d860749de6651fddb5404bca14e4ba15056ad,2026-08-02NDH24:25:00Z,1785680986890,1785681000000,1.000000,0.990000,0.010000,0.000000,,5185.06
0x4482771e878bd5faa6839c3f245d860749de6651fddb5404bca14e4ba15056ad,2026-08-02NDH24:25:00Z,1785680987389,1785681000000,1.000000,0.990000,0.010000,0.000000,,5140.06
0x4482771e878bd5faa6839c3f245d860749de6651fddb5404bca14e4ba15056ad,2026-08-02NDH24:25:00Z,1785680987891,1785681000000,1.000000,0.990000,0.010000,0.000000,,5160.06
0x4482771e878bd5faa6839c3f245d860749de6651fddb5404bca14e4ba15056ad,2026-08-02NDH24:25:00Z,1785680988389,1785681000000,1.000000,0.990000,0.010000,0.000000,,5056.12
0x4482771e878bd5faa6839c3f245d860749de6651fddb5404bca14e4ba15056ad,2026-08-02NDH24:25:00Z,1785680988891,1785681000000,1.000000,0.990000,0.010000,0.000000,,5056.12
0x4482771e878bd5faa6839c3f245d860749de6651fddb5404bca14e4ba15056ad,2026-08-02NDH24:25:00Z,1785680989391,1785681000000,1.000000,0.990000,0.010000,0.000000,,5056.12
0x4482771e878bd5faa6839c3f245d860749de6651fddb5404bca14e4ba15056ad,2026-08-02NDH24:25:00Z,1785680989890,1785681000000,1.000000,0.990000,0.010000,0.000000,,7243.13
0x4482771e878bd5faa6839c3f245d860749de6651fddb5404bca14e4ba15056ad,2026-08-02NDH24:25:00Z,1785680990390,1785681000000,1.000000,0.990000,0.010000,0.000000,,7323.18
0x4482771e878bd5faa6839c3f245d860749de6651fddb5404bca14e4ba15056ad,2026-08-02NDH24:25:00Z,1785680990890,1785681000000,1.000000,0.990000,0.010000,0.000000,,7327.15
0x4482771e878bd5faa6839c3f245d860749de6651fddb5404bca14e4ba15056ad,2026-08-02NDH24:25:00Z,1785680991390,1785681000000,1.000000,0.990000,0.010000,0.000000,,7350.75
0x4482771e878bd5faa6839c3f245d860749de6651fddb5404bca14e4ba15056ad,2026-08-02NDH24:25:00Z,1785680991891,1785681000000,1.000000,0.990000,0.010000,0.000000,,7355.75
0x4482771e878bd5faa6839c3f245d860749de6651fddb5404bca14e4ba15056ad,2026-08-02NDH24:25:00Z,1785680992389,1785681000000,1.000000,0.990000,0.010000,0.000000,,7395.75
0x4482771e878bd5faa6839c3f245d860749de6651fddb5404bca14e4ba15056ad,2026-08-02NDH24:25:00Z,1785680992890,1785681000000,1.000000,0.990000,0.010000,0.000000,,7420.75
0x4482771e878bd5faa6839c3f245d860749de6651fddb5404bca14e4ba15056ad,2026-08-02NDH24:25:00Z,1785680993390,1785681000000,1.000000,0.990000,0.010000,0.000000,,7860.75
0x4482771e878bd5faa6839c3f245d860749de6651fddb5404bca14e4ba15056ad,2026-08-02NDH24:25:00Z,1785680993890,1785681000000,1.000000,0.990000,0.010000,0.000000,,7861.75
0x4482771e878bd5faa6839c3f245d860749de6651fddb5404bca14e4ba15056ad,2026-08-02NDH24:25:00Z,1785680994390,1785681000000,1.000000,0.990000,0.010000,0.000000,,8171.75
0x4482771e878bd5faa6839c3f245d860749de6651fddb5404bca14e4ba15056ad,2026-08-02NDH24:25:00Z,1785680994890,1785681000000,1.000000,0.990000,0.010000,0.000000,,8226.95
0x4482771e878bd5faa6839c3f245d860749de6651fddb5404bca14e4ba15056ad,2026-08-02NDH24:25:00Z,1785680995391,1785681000000,1.000000,0.990000,0.010000,0.000000,,9089.02
0x4482771e878bd5faa6839c3f245d860749de6651fddb5404bca14e4ba15056ad,2026-08-02NDH24:25:00Z,1785680995890,1785681000000,1.000000,0.990000,0.010000,0.000000,,9639.27
0x4482771e878bd5faa6839c3f245d860749de6651fddb5404bca14e4ba15056ad,2026-08-02NDH24:25:00Z,1785680996391,1785681000000,1.000000,0.990000,0.010000,0.000000,,14274.71
0x4482771e878bd5faa6839c3f245d860749de6651fddb5404bca14e4ba15056ad,2026-08-02NDH24:25:00Z,1785680996890,1785681000000,1.000000,0.990000,0.010000,0.000000,,14966.82
0x4482771e878bd5faa6839c3f245d860749de6651fddb5404bca14e4ba15056ad,2026-08-02NDH24:25:00Z,1785680997390,1785681000000,1.000000,0.990000,0.010000,0.000000,,16684.97
0x4482771e878bd5faa6839c3f245d860749de6651fddb5404bca14e4ba15056ad,2026-08-02NDH24:25:00Z,1785680997891,1785681000000,1.000000,0.990000,0.010000,0.000000,,16710.97
0x4482771e878bd5faa6839c3f245d860749de6651fddb5404bca14e4ba15056ad,2026-08-02NDH24:25:00Z,1785680998390,1785681000000,1.000000,0.990000,0.010000,0.000000,,17068.49
0x4482771e878bd5faa6839c3f245d860749de6651fddb5404bca14e4ba15056ad,2026-08-02NDH24:25:00Z,1785680998890,1785681000000,1.000000,0.990000,0.010000,0.000000,,18066.03
0x4482771e878bd5faa6839c3f245d860749de6651fddb5404bca14e4ba15056ad,2026-08-02NDH24:25:00Z,1785680999390,1785681000000,1.000000,0.990000,0.010000,0.000000,,44591.75
0x4482771e878bd5faa6839c3f245d860749de6651fddb5404bca14e4ba15056ad,2026-08-02NDH24:25:00Z,1785680999891,1785681000000,1.000000,0.990000,0.010000,0.000000,,52888.75
0x5f561c6b3949662b1cf40a3b1b09d675aa566129bc321ce743d839b03742bf8a,2026-08-02NDH24:30:00Z,1785681000391,1785681300000,,,,,,
0x5f561c6b3949662b1cf40a3b1b09d675aa566129bc321ce743d839b03742bf8a,2026-08-02NDH24:30:00Z,1785681000888,1785681300000,0.680000,0.670000,0.330000,0.320000,272,86.14
0x5f561c6b3949662b1cf40a3b1b09d675aa566129bc321ce743d839b03742bf8a,2026-08-02NDH24:30:00Z,1785681001390,1785681300000,0.680000,0.670000,0.330000,0.320000,256.99,36.27
0x5f561c6b3949662b1cf40a3b1b09d675aa566129bc321ce743d839b03742bf8a,2026-08-02NDH24:30:00Z,1785681001889,1785681300000,0.670000,0.660000,0.340000,0.330000,34.26,593.78
0x5f561c6b3949662b1cf40a3b1b09d675aa566129bc321ce743d839b03742bf8a,2026-08-02NDH24:30:00Z,1785681002389,1785681300000,0.670000,0.660000,0.340000,0.330000,177.49,228.4
0x5f561c6b3949662b1cf40a3b1b09d675aa566129bc321ce743d839b03742bf8a,2026-08-02NDH24:30:00Z,1785681002889,1785681300000,0.670000,0.660000,0.340000,0.330000,282.49,238.4
0x5f561c6b3949662b1cf40a3b1b09d675aa566129bc321ce743d839b03742bf8a,2026-08-02NDH24:30:00Z,1785681003390,1785681300000,0.670000,0.660000,0.340000,0.330000,166.41,219.13
0x5f561c6b3949662b1cf40a3b1b09d675aa566129bc321ce743d839b03742bf8a,2026-08-02NDH24:30:00Z,1785681003889,1785681300000,0.660000,0.650000,0.350000,0.340000,85,26.07
0x5f561c6b3949662b1cf40a3b1b09d675aa566129bc321ce743d839b03742bf8a,2026-08-02NDH24:30:00Z,1785681004390,1785681300000,0.660000,0.650000,0.350000,0.340000,59.84,272.23
0x5f561c6b3949662b1cf40a3b1b09d675aa566129bc321ce743d839b03742bf8a,2026-08-02NDH24:30:00Z,1785681004888,1785681300000,0.660000,0.650000,0.350000,0.340000,46.73,152.62
0x5f561c6b3949662b1cf40a3b1b09d675aa566129bc321ce743d839b03742bf8a,2026-08-02NDH24:30:00Z,1785681005389,1785681300000,0.660000,0.650000,0.350000,0.340000,62.76,197.8
0x5f561c6b3949662b1cf40a3b1b09d675aa566129bc321ce743d839b03742bf8a,2026-08-02NDH24:30:00Z,1785681005889,1785681300000,0.660000,0.650000,0.350000,0.340000,67.62,171.08
0x5f561c6b3949662b1cf40a3b1b09d675aa566129bc321ce743d839b03742bf8a,2026-08-02NDH24:30:00Z,1785681006390,1785681300000,0.670000,0.660000,0.340000,0.330000,115.69,456.26
0x5f561c6b3949662b1cf40a3b1b09d675aa566129bc321ce743d839b03742bf8a,2026-08-02NDH24:30:00Z,1785681006889,1785681300000,0.670000,0.660000,0.340000,0.330000,31.4,430.6
0x5f561c6b3949662b1cf40a3b1b09d675aa566129bc321ce743d839b03742bf8a,2026-08-02NDH24:30:00Z,1785681007389,1785681300000,0.680000,0.670000,0.330000,0.320000,82.16,472.97
0x5f561c6b3949662b1cf40a3b1b09d675aa566129bc321ce743d839b03742bf8a,2026-08-02NDH24:30:00Z,1785681007889,1785681300000,0.700000,0.690000,0.310000,0.300000,326.97,30
0x5f561c6b3949662b1cf40a3b1b09d675aa566129bc321ce743d839b03742bf8a,2026-08-02NDH24:30:00Z,1785681008390,1785681300000,0.670000,0.660000,0.340000,0.330000,360.65,41.79
0x5f561c6b3949662b1cf40a3b1b09d675aa566129bc321ce743d839b03742bf8a,2026-08-02NDH24:30:00Z,1785681008888,1785681300000,0.640000,0.630000,0.370000,0.360000,85.36,104.64
0x5f561c6b3949662b1cf40a3b1b09d675aa566129bc321ce743d839b03742bf8a,2026-08-02NDH24:30:00Z,1785681009389,1785681300000,0.660000,0.650000,0.350000,0.340000,83.41,262.14
0x5f561c6b3949662b1cf40a3b1b09d675aa566129bc321ce743d839b03742bf8a,2026-08-02NDH24:30:00Z,1785681009889,1785681300000,0.660000,0.650000,0.350000,0.340000,158.72,172.85
0x5f561c6b3949662b1cf40a3b1b09d675aa566129bc321ce743d839b03742bf8a,2026-08-02NDH24:30:00Z,1785681010389,1785681300000,0.660000,0.650000,0.350000,0.340000,207.68,198.85
0x5f561c6b3949662b1cf40a3b1b09d675aa566129bc321ce743d839b03742bf8a,2026-08-02NDH24:30:00Z,1785681010890,1785681300000,0.650000,0.640000,0.360000,0.350000,58.89,15
0x5f561c6b3949662b1cf40a3b1b09d675aa566129bc321ce743d839b03742bf8a,2026-08-02NDH24:30:00Z,1785681011390,1785681300000,0.660000,0.650000,0.350000,0.340000,208.34,340
0x5f561c6b3949662b1cf40a3b1b09d675aa566129bc321ce743d839b03742bf8a,2026-08-02NDH24:30:00Z,1785681011888,1785681300000,0.660000,0.650000,0.350000,0.340000,85.18,379.19
0x5f561c6b3949662b1cf40a3b1b09d675aa566129bc321ce743d839b03742bf8a,2026-08-02NDH24:30:00Z,1785681012389,1785681300000,0.660000,0.650000,0.350000,0.340000,148.24,367.19
0x5f561c6b3949662b1cf40a3b1b09d675aa566129bc321ce743d839b03742bf8a,2026-08-02NDH24:30:00Z,1785681012890,1785681300000,0.660000,0.650000,0.350000,0.340000,134.4,367.19
0x5f561c6b3949662b1cf40a3b1b09d675aa566129bc321ce743d839b03742bf8a,2026-08-02NDH24:30:00Z,1785681013389,1785681300000,0.660000,0.650000,0.350000,0.340000,121.19,949.18
0x5f561c6b3949662b1cf40a3b1b09d675aa566129bc321ce743d839b03742bf8a,2026-08-02NDH24:30:00Z,1785681013889,1785681300000,0.640000,0.630000,0.370000,0.360000,219.1,36.68
0x5f561c6b3949662b1cf40a3b1b09d675aa566129bc321ce743d839b03742bf8a,2026-08-02NDH24:30:00Z,1785681014389,1785681300000,0.640000,0.630000,0.370000,0.360000,223.36,9.65
0x5f561c6b3949662b1cf40a3b1b09d675aa566129bc321ce743d839b03742bf8a,2026-08-02NDH24:30:00Z,1785681014889,1785681300000,0.620000,0.610000,0.390000,0.380000,538.58,147.89
0x5f561c6b3949662b1cf40a3b1b09d675aa566129bc321ce743d839b03742bf8a,2026-08-02NDH24:30:00Z,1785681015389,1785681300000,0.620000,0.610000,0.390000,0.380000,531.91,152.89
0x5f561c6b3949662b1cf40a3b1b09d675aa566129bc321ce743d839b03742bf8a,2026-08-02NDH24:30:00Z,1785681015961,1785681300000,0.620000,0.610000,0.390000,0.380000,531.91,152.89
0x5f561c6b3949662b1cf40a3b1b09d675aa566129bc321ce743d839b03742bf8a,2026-08-02NDH24:30:00Z,1785681016389,1785681300000,0.600000,0.590000,0.410000,0.400000,95,517.9
0x5f561c6b3949662b1cf40a3b1b09d675aa566129bc321ce743d839b03742bf8a,2026-08-02NDH24:30:00Z,1785681016890,1785681300000,0.630000,0.620000,0.380000,0.370000,66.76,241.25
0x5f561c6b3949662b1cf40a3b1b09d675aa566129bc321ce743d839b03742bf8a,2026-08-02NDH24:30:00Z,1785681017390,1785681300000,0.630000,0.620000,0.380000,0.370000,128.35,43.36
0x5f561c6b3949662b1cf40a3b1b09d675aa566129bc321ce743d839b03742bf8a,2026-08-02NDH24:30:00Z,1785681017889,1785681300000,0.650000,0.640000,0.360000,0.350000,41.2,53
0x5f561c6b3949662b1cf40a3b1b09d675aa566129bc321ce743d839b03742bf8a,2026-08-02NDH24:30:00Z,1785681018389,1785681300000,0.630000,0.580000,0.420000,0.370000,100,200
0x5f561c6b3949662b1cf40a3b1b09d675aa566129bc321ce743d839b03742bf8a,2026-08-02NDH24:30:00Z,1785681018890,1785681300000,0.610000,0.600000,0.400000,0.390000,52.88,598.74
0x5f561c6b3949662b1cf40a3b1b09d675aa566129bc321ce743d839b03742bf8a,2026-08-02NDH24:30:00Z,1785681019389,1785681300000,0.610000,0.600000,0.400000,0.390000,36.62,532.74
0x5f561c6b3949662b1cf40a3b1b09d675aa566129bc321ce743d839b03742bf8a,2026-08-02NDH24:30:00Z,1785681019889,1785681300000,0.580000,0.570000,0.430000,0.420000,98.53,25.92
0x5f561c6b3949662b1cf40a3b1b09d675aa566129bc321ce743d839b03742bf8a,2026-08-02NDH24:30:00Z,1785681020389,1785681300000,0.570000,0.560000,0.440000,0.430000,136.29,794.1
0x5f561c6b3949662b1cf40a3b1b09d675aa566129bc321ce743d839b03742bf8a,2026-08-02NDH24:30:00Z,1785681020890,1785681300000,0.560000,0.550000,0.450000,0.440000,90.28,1146.76
0x5f561c6b3949662b1cf40a3b1b09d675aa566129bc321ce743d839b03742bf8a,2026-08-02NDH24:30:00Z,1785681021391,1785681300000,0.560000,0.550000,0.450000,0.440000,45.25,1141.88
0x5f561c6b3949662b1cf40a3b1b09d675aa566129bc321ce743d839b03742bf8a,2026-08-02NDH24:30:00Z,1785681021888,1785681300000,0.560000,0.550000,0.450000,0.440000,322.65,780.48
0x5f561c6b3949662b1cf40a3b1b09d675aa566129bc321ce743d839b03742bf8a,2026-08-02NDH24:30:00Z,1785681022390,1785681300000,0.590000,0.580000,0.420000,0.410000,50.05,77.98
0x5f561c6b3949662b1cf40a3b1b09d675aa566129bc321ce743d839b03742bf8a,2026-08-02NDH24:30:00Z,1785681022889,1785681300000,0.590000,0.580000,0.420000,0.410000,50.05,77.98
0x5f561c6b3949662b1cf40a3b1b09d675aa566129bc321ce743d839b03742bf8a,2026-08-02NDH24:30:00Z,1785681023389,1785681300000,0.590000,0.580000,0.420000,0.410000,18.13,274.33
0x5f561c6b3949662b1cf40a3b1b09d675aa566129bc321ce743d839b03742bf8a,2026-08-02NDH24:30:00Z,1785681023889,1785681300000,0.610000,0.600000,0.400000,0.390000,4.98,218.37
0x5f561c6b3949662b1cf40a3b1b09d675aa566129bc321ce743d839b03742bf8a,2026-08-02NDH24:30:00Z,1785681024390,1785681300000,0.610000,0.600000,0.400000,0.390000,2.66,203.42
0x5f561c6b3949662b1cf40a3b1b09d675aa566129bc321ce743d839b03742bf8a,2026-08-02NDH24:30:00Z,1785681024889,1785681300000,0.620000,0.610000,0.390000,0.380000,41.3,310.67
0x5f561c6b3949662b1cf40a3b1b09d675aa566129bc321ce743d839b03742bf8a,2026-08-02NDH24:30:00Z,1785681025389,1785681300000,0.620000,0.610000,0.390000,0.380000,439.46,41
0x5f561c6b3949662b1cf40a3b1b09d675aa566129bc321ce743d839b03742bf8a,2026-08-02NDH24:30:00Z,1785681025888,1785681300000,0.580000,0.550000,0.450000,0.420000,45,522.55
0x5f561c6b3949662b1cf40a3b1b09d675aa566129bc321ce743d839b03742bf8a,2026-08-02NDH24:30:00Z,1785681026389,1785681300000,0.560000,0.550000,0.450000,0.440000,91.73,703.7
0x5f561c6b3949662b1cf40a3b1b09d675aa566129bc321ce743d839b03742bf8a,2026-08-02NDH24:30:00Z,1785681026889,1785681300000,0.560000,0.550000,0.450000,0.440000,541.51,387.47
0x5f561c6b3949662b1cf40a3b1b09d675aa566129bc321ce743d839b03742bf8a,2026-08-02NDH24:30:00Z,1785681027389,1785681300000,0.560000,0.550000,0.450000,0.440000,358.72,226.95
0x5f561c6b3949662b1cf40a3b1b09d675aa566129bc321ce743d839b03742bf8a,2026-08-02NDH24:30:00Z,1785681027889,1785681300000,0.530000,0.520000,0.480000,0.470000,176.42,26.53
0x5f561c6b3949662b1cf40a3b1b09d675aa566129bc321ce743d839b03742bf8a,2026-08-02NDH24:30:00Z,1785681028390,1785681300000,0.560000,0.550000,0.450000,0.440000,41.4,232.25
0x5f561c6b3949662b1cf40a3b1b09d675aa566129bc321ce743d839b03742bf8a,2026-08-02NDH24:30:00Z,1785681028889,1785681300000,0.560000,0.550000,0.450000,0.440000,76.36,166.33
0x5f561c6b3949662b1cf40a3b1b09d675aa566129bc321ce743d839b03742bf8a,2026-08-02NDH24:30:00Z,1785681029389,1785681300000,0.570000,0.560000,0.440000,0.430000,108.73,25.77
0x5f561c6b3949662b1cf40a3b1b09d675aa566129bc321ce743d839b03742bf8a,2026-08-02NDH24:30:00Z,1785681029889,1785681300000,0.540000,0.530000,0.470000,0.460000,50.11,219.59
0x5f561c6b3949662b1cf40a3b1b09d675aa566129bc321ce743d839b03742bf8a,2026-08-02NDH24:30:00Z,1785681030390,1785681300000,0.520000,0.510000,0.490000,0.480000,15.11,86.63
0x5f561c6b3949662b1cf40a3b1b09d675aa566129bc321ce743d839b03742bf8a,2026-08-02NDH24:30:00Z,1785681030889,1785681300000,0.520000,0.510000,0.490000,0.480000,20.11,316.92
0x5f561c6b3949662b1cf40a3b1b09d675aa566129bc321ce743d839b03742bf8a,2026-08-02NDH24:30:00Z,1785681031390,1785681300000,0.520000,0.510000,0.490000,0.480000,4.37,244.14
0x5f561c6b3949662b1cf40a3b1b09d675aa566129bc321ce743d839b03742bf8a,2026-08-02NDH24:30:00Z,1785681031889,1785681300000,0.550000,0.530000,0.470000,0.450000,10,622.28
0x5f561c6b3949662b1cf40a3b1b09d675aa566129bc321ce743d839b03742bf8a,2026-08-02NDH24:30:00Z,1785681032390,1785681300000,0.600000,0.560000,0.440000,0.400000,5,15
0x5f561c6b3949662b1cf40a3b1b09d675aa566129bc321ce743d839b03742bf8a,2026-08-02NDH24:30:00Z,1785681032888,1785681300000,0.540000,0.530000,0.470000,0.460000,10.37,115.74
0x5f561c6b3949662b1cf40a3b1b09d675aa566129bc321ce743d839b03742bf8a,2026-08-02NDH24:30:00Z,1785681033390,1785681300000,0.550000,0.540000,0.460000,0.450000,20,324.04
0x5f561c6b3949662b1cf40a3b1b09d675aa566129bc321ce743d839b03742bf8a,2026-08-02NDH24:30:00Z,1785681033888,1785681300000,0.570000,0.560000,0.440000,0.430000,118,109.37
0x5f561c6b3949662b1cf40a3b1b09d675aa566129bc321ce743d839b03742bf8a,2026-08-02NDH24:30:00Z,1785681034389,1785681300000,0.570000,0.560000,0.440000,0.430000,118,109.37
0x5f561c6b3949662b1cf40a3b1b09d675aa566129bc321ce743d839b03742bf8a,2026-08-02NDH24:30:00Z,1785681034890,1785681300000,0.570000,0.560000,0.440000,0.430000,118,109.37
0x5f561c6b3949662b1cf40a3b1b09d675aa566129bc321ce743d839b03742bf8a,2026-08-02NDH24:30:00Z,1785681035388,1785681300000,0.570000,0.560000,0.440000,0.430000,32,144.47
0x5f561c6b3949662b1cf40a3b1b09d675aa566129bc321ce743d839b03742bf8a,2026-08-02NDH24:30:00Z,1785681035889,1785681300000,0.540000,0.510000,0.490000,0.460000,5,29
0x5f561c6b3949662b1cf40a3b1b09d675aa566129bc321ce743d839b03742bf8a,2026-08-02NDH24:30:00Z,1785681036390,1785681300000,0.520000,0.510000,0.490000,0.480000,85.85,23
0x5f561c6b3949662b1cf40a3b1b09d675aa566129bc321ce743d839b03742bf8a,2026-08-02NDH24:30:00Z,1785681036888,1785681300000,0.510000,0.500000,0.500000,0.490000,25,150.37
0x5f561c6b3949662b1cf40a3b1b09d675aa566129bc321ce743d839b03742bf8a,2026-08-02NDH24:30:00Z,1785681037390,1785681300000,0.510000,0.500000,0.500000,0.490000,171,99.29
0x5f561c6b3949662b1cf40a3b1b09d675aa566129bc321ce743d839b03742bf8a,2026-08-02NDH24:30:00Z,1785681037888,1785681300000,0.520000,0.510000,0.490000,0.480000,36.84,25
0x5f561c6b3949662b1cf40a3b1b09d675aa566129bc321ce743d839b03742bf8a,2026-08-02NDH24:30:00Z,1785681038389,1785681300000,0.520000,0.510000,0.490000,0.480000,13.29,45.11
0x5f561c6b3949662b1cf40a3b1b09d675aa566129bc321ce743d839b03742bf8a,2026-08-02NDH24:30:00Z,1785681038890,1785681300000,0.550000,0.540000,0.460000,0.450000,189.07,129
0x5f561c6b3949662b1cf40a3b1b09d675aa566129bc321ce743d839b03742bf8a,2026-08-02NDH24:30:00Z,1785681039389,1785681300000,0.550000,0.540000,0.460000,0.450000,130.42,60.73
0x5f561c6b3949662b1cf40a3b1b09d675aa566129bc321ce743d839b03742bf8a,2026-08-02NDH24:30:00Z,1785681039890,1785681300000,0.550000,0.540000,0.460000,0.450000,160.42,1.41
0x5f561c6b3949662b1cf40a3b1b09d675aa566129bc321ce743d839b03742bf8a,2026-08-02NDH24:30:00Z,1785681040390,1785681300000,0.520000,0.510000,0.490000,0.480000,379.37,59
0x5f561c6b3949662b1cf40a3b1b09d675aa566129bc321ce743d839b03742bf8a,2026-08-02NDH24:30:00Z,1785681040888,1785681300000,0.510000,0.500000,0.500000,0.490000,297.13,31.69
0x5f561c6b3949662b1cf40a3b1b09d675aa566129bc321ce743d839b03742bf8a,2026-08-02NDH24:30:00Z,1785681041390,1785681300000,0.510000,0.500000,0.500000,0.490000,326.7,4.69
0x5f561c6b3949662b1cf40a3b1b09d675aa566129bc321ce743d839b03742bf8a,2026-08-02NDH24:30:00Z,1785681041889,1785681300000,0.500000,0.490000,0.510000,0.500000,306.07,17.33
0x5f561c6b3949662b1cf40a3b1b09d675aa566129bc321ce743d839b03742bf8a,2026-08-02NDH24:30:00Z,1785681042390,1785681300000,0.480000,0.470000,0.530000,0.520000,5,131.31
0x5f561c6b3949662b1cf40a3b1b09d675aa566129bc321ce743d839b03742bf8a,2026-08-02NDH24:30:00Z,1785681042890,1785681300000,0.490000,0.480000,0.520000,0.510000,68.62,49.41
0x5f561c6b3949662b1cf40a3b1b09d675aa566129bc321ce743d839b03742bf8a,2026-08-02NDH24:30:00Z,1785681043390,1785681300000,0.490000,0.480000,0.520000,0.510000,73.62,21.58
0x5f561c6b3949662b1cf40a3b1b09d675aa566129bc321ce743d839b03742bf8a,2026-08-02NDH24:30:00Z,1785681043889,1785681300000,0.500000,0.490000,0.510000,0.500000,217.55,64.31
0x5f561c6b3949662b1cf40a3b1b09d675aa566129bc321ce743d839b03742bf8a,2026-08-02NDH24:30:00Z,1785681044390,1785681300000,0.500000,0.490000,0.510000,0.500000,19.46,54
0x5f561c6b3949662b1cf40a3b1b09d675aa566129bc321ce743d839b03742bf8a,2026-08-02NDH24:30:00Z,1785681044890,1785681300000,0.500000,0.490000,0.510000,0.500000,23.42,42.03
0x5f561c6b3949662b1cf40a3b1b09d675aa566129bc321ce743d839b03742bf8a,2026-08-02NDH24:30:00Z,1785681045388,1785681300000,0.510000,0.500000,0.500000,0.490000,57.4,24.14
0x5f561c6b3949662b1cf40a3b1b09d675aa566129bc321ce743d839b03742bf8a,2026-08-02NDH24:30:00Z,1785681045890,1785681300000,0.500000,0.490000,0.510000,0.500000,19.78,10
0x5f561c6b3949662b1cf40a3b1b09d675aa566129bc321ce743d839b03742bf8a,2026-08-02NDH24:30:00Z,1785681046389,1785681300000,0.500000,0.490000,0.510000,0.500000,20,50
0x5f561c6b3949662b1cf40a3b1b09d675aa566129bc321ce743d839b03742bf8a,2026-08-02NDH24:30:00Z,1785681046889,1785681300000,0.500000,0.490000,0.510000,0.500000,5,35.78
0x5f561c6b3949662b1cf40a3b1b09d675aa566129bc321ce743d839b03742bf8a,2026-08-02NDH24:30:00Z,1785681047390,1785681300000,0.510000,0.500000,0.500000,0.490000,64.9,204.69
0x5f561c6b3949662b1cf40a3b1b09d675aa566129bc321ce743d839b03742bf8a,2026-08-02NDH24:30:00Z,1785681047889,1785681300000,0.510000,0.500000,0.500000,0.490000,64.9,249.69
0x5f561c6b3949662b1cf40a3b1b09d675aa566129bc321ce743d839b03742bf8a,2026-08-02NDH24:30:00Z,1785681048390,1785681300000,0.480000,0.470000,0.530000,0.520000,36.25,46
0x5f561c6b3949662b1cf40a3b1b09d675aa566129bc321ce743d839b03742bf8a,2026-08-02NDH24:30:00Z,1785681048890,1785681300000,0.480000,0.470000,0.530000,0.520000,128.42,10.11
0x5f561c6b3949662b1cf40a3b1b09d675aa566129bc321ce743d839b03742bf8a,2026-08-02NDH24:30:00Z,1785681049388,1785681300000,0.480000,0.470000,0.530000,0.520000,21,124.64
0x5f561c6b3949662b1cf40a3b1b09d675aa566129bc321ce743d839b03742bf8a,2026-08-02NDH24:30:00Z,1785681049890,1785681300000,0.480000,0.470000,0.530000,0.520000,21,174.64
0x5f561c6b3949662b1cf40a3b1b09d675aa566129bc321ce743d839b03742bf8a,2026-08-02NDH24:30:00Z,1785681050388,1785681300000,0.520000,0.510000,0.490000,0.480000,183.22,20
0x5f561c6b3949662b1cf40a3b1b09d675aa566129bc321ce743d839b03742bf8a,2026-08-02NDH24:30:00Z,1785681050889,1785681300000,0.500000,0.490000,0.510000,0.500000,5,28.03
0x5f561c6b3949662b1cf40a3b1b09d675aa566129bc321ce743d839b03742bf8a,2026-08-02NDH24:30:00Z,1785681051390,1785681300000,0.510000,0.500000,0.500000,0.490000,121.6,27
0x5f561c6b3949662b1cf40a3b1b09d675aa566129bc321ce743d839b03742bf8a,2026-08-02NDH24:30:00Z,1785681051888,1785681300000,0.510000,0.500000,0.500000,0.490000,115.14,12
0x5f561c6b3949662b1cf40a3b1b09d675aa566129bc321ce743d839b03742bf8a,2026-08-02NDH24:30:00Z,1785681052390,1785681300000,0.510000,0.500000,0.500000,0.490000,170.02,5
0x5f561c6b3949662b1cf40a3b1b09d675aa566129bc321ce743d839b03742bf8a,2026-08-02NDH24:30:00Z,1785681052888,1785681300000,0.510000,0.500000,0.500000,0.490000,170.02,5
0x5f561c6b3949662b1cf40a3b1b09d675aa566129bc321ce743d839b03742bf8a,2026-08-02NDH24:30:00Z,1785681053390,1785681300000,0.510000,0.500000,0.500000,0.490000,19.91,78.73
0x5f561c6b3949662b1cf40a3b1b09d675aa566129bc321ce743d839b03742bf8a,2026-08-02NDH24:30:00Z,1785681053889,1785681300000,0.510000,0.500000,0.500000,0.490000,184.07,12
0x5f561c6b3949662b1cf40a3b1b09d675aa566129bc321ce743d839b03742bf8a,2026-08-02NDH24:30:00Z,1785681054389,1785681300000,0.510000,0.500000,0.500000,0.490000,219.97,12
0x5f561c6b3949662b1cf40a3b1b09d675aa566129bc321ce743d839b03742bf8a,2026-08-02NDH24:30:00Z,1785681054888,1785681300000,0.510000,0.500000,0.500000,0.490000,202.36,12
0x5f561c6b3949662b1cf40a3b1b09d675aa566129bc321ce743d839b03742bf8a,2026-08-02NDH24:30:00Z,1785681055389,1785681300000,0.510000,0.500000,0.500000,0.490000,202.36,7
0x5f561c6b3949662b1cf40a3b1b09d675aa566129bc321ce743d839b03742bf8a,2026-08-02NDH24:30:00Z,1785681055890,1785681300000,0.510000,0.500000,0.500000,0.490000,218,12
0x5f561c6b3949662b1cf40a3b1b09d675aa566129bc321ce743d839b03742bf8a,2026-08-02NDH24:30:00Z,1785681056388,1785681300000,0.490000,0.480000,0.520000,0.510000,283.46,32.28
0x5f561c6b3949662b1cf40a3b1b09d675aa566129bc321ce743d839b03742bf8a,2026-08-02NDH24:30:00Z,1785681056889,1785681300000,0.490000,0.480000,0.520000,0.510000,466.81,10
0x5f561c6b3949662b1cf40a3b1b09d675aa566129bc321ce743d839b03742bf8a,2026-08-02NDH24:30:00Z,1785681057390,1785681300000,0.470000,0.460000,0.540000,0.530000,372.28,69.99
0x5f561c6b3949662b1cf40a3b1b09d675aa566129bc321ce743d839b03742bf8a,2026-08-02NDH24:30:00Z,1785681057889,1785681300000,0.470000,0.460000,0.540000,0.530000,414.97,9.06
0x5f561c6b3949662b1cf40a3b1b09d675aa566129bc321ce743d839b03742bf8a,2026-08-02NDH24:30:00Z,1785681058390,1785681300000,0.460000,0.450000,0.550000,0.540000,327.1,4
0x5f561c6b3949662b1cf40a3b1b09d675aa566129bc321ce743d839b03742bf8a,2026-08-02NDH24:30:00Z,1785681058888,1785681300000,0.450000,0.440000,0.560000,0.550000,165.47,10
0x5f561c6b3949662b1cf40a3b1b09d675aa566129bc321ce743d839b03742bf8a,2026-08-02NDH24:30:00Z,1785681059390,1785681300000,0.410000,0.400000,0.600000,0.590000,131.25,136
0x5f561c6b3949662b1cf40a3b1b09d675aa566129bc321ce743d839b03742bf8a,2026-08-02NDH24:30:00Z,1785681059889,1785681300000,0.420000,0.410000,0.590000,0.580000,10,198.27
0x5f561c6b3949662b1cf40a3b1b09d675aa566129bc321ce743d839b03742bf8a,2026-08-02NDH24:30:00Z,1785681060390,1785681300000,0.450000,0.440000,0.560000,0.550000,15,78.12
0x5f561c6b3949662b1cf40a3b1b09d675aa566129bc321ce743d839b03742bf8a,2026-08-02NDH24:30:00Z,1785681060889,1785681300000,0.440000,0.430000,0.570000,0.560000,10,312.51
0x5f561c6b3949662b1cf40a3b1b09d675aa566129bc321ce743d839b03742bf8a,2026-08-02NDH24:30:00Z,1785681061388,1785681300000,0.450000,0.440000,0.560000,0.550000,60.62,100.93
0x5f561c6b3949662b1cf40a3b1b09d675aa566129bc321ce743d839b03742bf8a,2026-08-02NDH24:30:00Z,1785681061889,1785681300000,0.410000,0.400000,0.600000,0.590000,78.12,69.5
0x5f561c6b3949662b1cf40a3b1b09d675aa566129bc321ce743d839b03742bf8a,2026-08-02NDH24:30:00Z,1785681062389,1785681300000,0.410000,0.400000,0.600000,0.590000,181.23,23.57
0x5f561c6b3949662b1cf40a3b1b09d675aa566129bc321ce743d839b03742bf8a,2026-08-02NDH24:30:00Z,1785681062890,1785681300000,0.390000,0.380000,0.620000,0.610000,408.96,69.92
0x5f561c6b3949662b1cf40a3b1b09d675aa566129bc321ce743d839b03742bf8a,2026-08-02NDH24:30:00Z,1785681063390,1785681300000,0.390000,0.380000,0.620000,0.610000,471.39,21.05
0x5f561c6b3949662b1cf40a3b1b09d675aa566129bc321ce743d839b03742bf8a,2026-08-02NDH24:30:00Z,1785681063888,1785681300000,0.360000,0.350000,0.650000,0.640000,497.55,128.23
0x5f561c6b3949662b1cf40a3b1b09d675aa566129bc321ce743d839b03742bf8a,2026-08-02NDH24:30:00Z,1785681064390,1785681300000,0.360000,0.350000,0.650000,0.640000,454.2,80.21
0x5f561c6b3949662b1cf40a3b1b09d675aa566129bc321ce743d839b03742bf8a,2026-08-02NDH24:30:00Z,1785681064889,1785681300000,0.320000,0.300000,0.700000,0.680000,28.12,75
0x5f561c6b3949662b1cf40a3b1b09d675aa566129bc321ce743d839b03742bf8a,2026-08-02NDH24:30:00Z,1785681065388,1785681300000,0.300000,0.290000,0.710000,0.700000,110.15,42.19
0x5f561c6b3949662b1cf40a3b1b09d675aa566129bc321ce743d839b03742bf8a,2026-08-02NDH24:30:00Z,1785681065890,1785681300000,0.300000,0.290000,0.710000,0.700000,144.08,2.91
0x5f561c6b3949662b1cf40a3b1b09d675aa566129bc321ce743d839b03742bf8a,2026-08-02NDH24:30:00Z,1785681066388,1785681300000,0.280000,0.270000,0.730000,0.720000,248.25,37.82
0x5f561c6b3949662b1cf40a3b1b09d675aa566129bc321ce743d839b03742bf8a,2026-08-02NDH24:30:00Z,1785681066889,1785681300000,0.270000,0.260000,0.740000,0.730000,58,414.04
0x5f561c6b3949662b1cf40a3b1b09d675aa566129bc321ce743d839b03742bf8a,2026-08-02NDH24:30:00Z,1785681067389,1785681300000,0.330000,0.320000,0.680000,0.670000,100.51,162.82
0x5f561c6b3949662b1cf40a3b1b09d675aa566129bc321ce743d839b03742bf8a,2026-08-02NDH24:30:00Z,1785681067890,1785681300000,0.330000,0.320000,0.680000,0.670000,395.85,57.57
0x5f561c6b3949662b1cf40a3b1b09d675aa566129bc321ce743d839b03742bf8a,2026-08-02NDH24:30:00Z,1785681068388,1785681300000,0.310000,0.300000,0.700000,0.690000,294.37,45
0x5f561c6b3949662b1cf40a3b1b09d675aa566129bc321ce743d839b03742bf8a,2026-08-02NDH24:30:00Z,1785681068890,1785681300000,0.300000,0.290000,0.710000,0.700000,175.86,32
0x5f561c6b3949662b1cf40a3b1b09d675aa566129bc321ce743d839b03742bf8a,2026-08-02NDH24:30:00Z,1785681069388,1785681300000,0.330000,0.320000,0.680000,0.670000,107.87,181.63
0x5f561c6b3949662b1cf40a3b1b09d675aa566129bc321ce743d839b03742bf8a,2026-08-02NDH24:30:00Z,1785681069889,1785681300000,0.330000,0.320000,0.680000,0.670000,74.87,170.15
0x5f561c6b3949662b1cf40a3b1b09d675aa566129bc321ce743d839b03742bf8a,2026-08-02NDH24:30:00Z,1785681070389,1785681300000,0.330000,0.320000,0.680000,0.670000,34.87,75.15
0x5f561c6b3949662b1cf40a3b1b09d675aa566129bc321ce743d839b03742bf8a,2026-08-02NDH24:30:00Z,1785681070888,1785681300000,0.330000,0.310000,0.690000,0.670000,29.87,23.69
0x5f561c6b3949662b1cf40a3b1b09d675aa566129bc321ce743d839b03742bf8a,2026-08-02NDH24:30:00Z,1785681071389,1785681300000,0.320000,0.310000,0.690000,0.680000,741.52,16.44
0x5f561c6b3949662b1cf40a3b1b09d675aa566129bc321ce743d839b03742bf8a,2026-08-02NDH24:30:00Z,1785681071888,1785681300000,0.300000,0.290000,0.710000,0.700000,389.53,12
0x5f561c6b3949662b1cf40a3b1b09d675aa566129bc321ce743d839b03742bf8a,2026-08-02NDH24:30:00Z,1785681072389,1785681300000,0.290000,0.280000,0.720000,0.710000,359.78,120
0x5f561c6b3949662b1cf40a3b1b09d675aa566129bc321ce743d839b03742bf8a,2026-08-02NDH24:30:00Z,1785681072890,1785681300000,0.290000,0.280000,0.720000,0.710000,172.93,27.11
0x5f561c6b3949662b1cf40a3b1b09d675aa566129bc321ce743d839b03742bf8a,2026-08-02NDH24:30:00Z,1785681073388,1785681300000,0.280000,0.270000,0.730000,0.720000,119.44,205.4
0x5f561c6b3949662b1cf40a3b1b09d675aa566129bc321ce743d839b03742bf8a,2026-08-02NDH24:30:00Z,1785681073889,1785681300000,0.280000,0.270000,0.730000,0.720000,146.65,10
0x5f561c6b3949662b1cf40a3b1b09d675aa566129bc321ce743d839b03742bf8a,2026-08-02NDH24:30:00Z,1785681074390,1785681300000,0.340000,0.330000,0.670000,0.660000,84.01,1448.3
0x5f561c6b3949662b1cf40a3b1b09d675aa566129bc321ce743d839b03742bf8a,2026-08-02NDH24:30:00Z,1785681074888,1785681300000,0.340000,0.330000,0.670000,0.660000,64.41,1446.97
0x5f561c6b3949662b1cf40a3b1b09d675aa566129bc321ce743d839b03742bf8a,2026-08-02NDH24:30:00Z,1785681075389,1785681300000,0.340000,0.330000,0.670000,0.660000,118.27,669.57
0x5f561c6b3949662b1cf40a3b1b09d675aa566129bc321ce743d839b03742bf8a,2026-08-02NDH24:30:00Z,1785681075889,1785681300000,0.340000,0.330000,0.670000,0.660000,55.31,490.45
0x5f561c6b3949662b1cf40a3b1b09d675aa566129bc321ce743d839b03742bf8a,2026-08-02NDH24:30:00Z,1785681076390,1785681300000,0.340000,0.330000,0.670000,0.660000,142.43,10
0x5f561c6b3949662b1cf40a3b1b09d675aa566129bc321ce743d839b03742bf8a,2026-08-02NDH24:30:00Z,1785681076890,1785681300000,0.300000,0.290000,0.710000,0.700000,134.48,19.84
0x5f561c6b3949662b1cf40a3b1b09d675aa566129bc321ce743d839b03742bf8a,2026-08-02NDH24:30:00Z,1785681077389,1785681300000,0.290000,0.280000,0.720000,0.710000,198.29,25
0x5f561c6b3949662b1cf40a3b1b09d675aa566129bc321ce743d839b03742bf8a,2026-08-02NDH24:30:00Z,1785681077890,1785681300000,0.280000,0.270000,0.730000,0.720000,144.37,37.49
0x5f561c6b3949662b1cf40a3b1b09d675aa566129bc321ce743d839b03742bf8a,2026-08-02NDH24:30:00Z,1785681078389,1785681300000,0.310000,0.300000,0.700000,0.690000,22.4,59
0x5f561c6b3949662b1cf40a3b1b09d675aa566129bc321ce743d839b03742bf8a,2026-08-02NDH24:30:00Z,1785681078890,1785681300000,0.310000,0.300000,0.700000,0.690000,619.81,13.57
0x5f561c6b3949662b1cf40a3b1b09d675aa566129bc321ce743d839b03742bf8a,2026-08-02NDH24:30:00Z,1785681079389,1785681300000,0.310000,0.300000,0.700000,0.690000,642.66,8.57
0x5f561c6b3949662b1cf40a3b1b09d675aa566129bc321ce743d839b03742bf8a,2026-08-02NDH24:30:00Z,1785681079889,1785681300000,0.310000,0.300000,0.700000,0.690000,602.62,37.14
0x5f561c6b3949662b1cf40a3b1b09d675aa566129bc321ce743d839b03742bf8a,2026-08-02NDH24:30:00Z,1785681080390,1785681300000,0.310000,0.300000,0.700000,0.690000,475.26,37.14
0x5f561c6b3949662b1cf40a3b1b09d675aa566129bc321ce743d839b03742bf8a,2026-08-02NDH24:30:00Z,1785681080889,1785681300000,0.300000,0.290000,0.710000,0.700000,190.48,4.25
0x5f561c6b3949662b1cf40a3b1b09d675aa566129bc321ce743d839b03742bf8a,2026-08-02NDH24:30:00Z,1785681081389,1785681300000,0.300000,0.290000,0.710000,0.700000,195.59,1.43
0x5f561c6b3949662b1cf40a3b1b09d675aa566129bc321ce743d839b03742bf8a,2026-08-02NDH24:30:00Z,1785681081889,1785681300000,0.300000,0.290000,0.710000,0.700000,180.48,1.43
0x5f561c6b3949662b1cf40a3b1b09d675aa566129bc321ce743d839b03742bf8a,2026-08-02NDH24:30:00Z,1785681082389,1785681300000,0.290000,0.280000,0.720000,0.710000,138.87,211.52
0x5f561c6b3949662b1cf40a3b1b09d675aa566129bc321ce743d839b03742bf8a,2026-08-02NDH24:30:00Z,1785681082890,1785681300000,0.290000,0.280000,0.720000,0.710000,123.75,211.52
0x5f561c6b3949662b1cf40a3b1b09d675aa566129bc321ce743d839b03742bf8a,2026-08-02NDH24:30:00Z,1785681083389,1785681300000,0.290000,0.280000,0.720000,0.710000,118.1,117
0x5f561c6b3949662b1cf40a3b1b09d675aa566129bc321ce743d839b03742bf8a,2026-08-02NDH24:30:00Z,1785681083890,1785681300000,0.290000,0.280000,0.720000,0.710000,113.1,109.22
0x5f561c6b3949662b1cf40a3b1b09d675aa566129bc321ce743d839b03742bf8a,2026-08-02NDH24:30:00Z,1785681084390,1785681300000,0.290000,0.280000,0.720000,0.710000,83.61,105.88
0x5f561c6b3949662b1cf40a3b1b09d675aa566129bc321ce743d839b03742bf8a,2026-08-02NDH24:30:00Z,1785681084889,1785681300000,0.300000,0.290000,0.710000,0.700000,33.69,90
0x5f561c6b3949662b1cf40a3b1b09d675aa566129bc321ce743d839b03742bf8a,2026-08-02NDH24:30:00Z,1785681085389,1785681300000,0.300000,0.290000,0.710000,0.700000,22.33,50
0x5f561c6b3949662b1cf40a3b1b09d675aa566129bc321ce743d839b03742bf8a,2026-08-02NDH24:30:00Z,1785681085890,1785681300000,0.300000,0.290000,0.710000,0.700000,63.97,32.13
0x5f561c6b3949662b1cf40a3b1b09d675aa566129bc321ce743d839b03742bf8a,2026-08-02NDH24:30:00Z,1785681086390,1785681300000,0.300000,0.290000,0.710000,0.700000,97.87,28.25
0x5f561c6b3949662b1cf40a3b1b09d675aa566129bc321ce743d839b03742bf8a,2026-08-02NDH24:30:00Z,1785681086889,1785681300000,0.300000,0.290000,0.710000,0.700000,97.5,24.02
0x5f561c6b3949662b1cf40a3b1b09d675aa566129bc321ce743d839b03742bf8a,2026-08-02NDH24:30:00Z,1785681087390,1785681300000,0.300000,0.290000,0.710000,0.700000,68.51,27.52
0x5f561c6b3949662b1cf40a3b1b09d675aa566129bc321ce743d839b03742bf8a,2026-08-02NDH24:30:00Z,1785681087889,1785681300000,0.300000,0.290000,0.710000,0.700000,46.46,27.02
0x5f561c6b3949662b1cf40a3b1b09d675aa566129bc321ce743d839b03742bf8a,2026-08-02NDH24:30:00Z,1785681088389,1785681300000,0.300000,0.290000,0.710000,0.700000,88.92,6.52
0x5f561c6b3949662b1cf40a3b1b09d675aa566129bc321ce743d839b03742bf8a,2026-08-02NDH24:30:00Z,1785681088889,1785681300000,0.300000,0.290000,0.710000,0.700000,85.58,16.52
0x5f561c6b3949662b1cf40a3b1b09d675aa566129bc321ce743d839b03742bf8a,2026-08-02NDH24:30:00Z,1785681089390,1785681300000,0.300000,0.290000,0.710000,0.700000,80.58,10.44
0x5f561c6b3949662b1cf40a3b1b09d675aa566129bc321ce743d839b03742bf8a,2026-08-02NDH24:30:00Z,1785681089889,1785681300000,0.320000,0.300000,0.700000,0.680000,24,826.45
0x5f561c6b3949662b1cf40a3b1b09d675aa566129bc321ce743d839b03742bf8a,2026-08-02NDH24:30:00Z,1785681090389,1785681300000,0.350000,0.340000,0.660000,0.650000,18.17,160
0x5f561c6b3949662b1cf40a3b1b09d675aa566129bc321ce743d839b03742bf8a,2026-08-02NDH24:30:00Z,1785681090889,1785681300000,0.390000,0.380000,0.620000,0.610000,78.84,2646
0x5f561c6b3949662b1cf40a3b1b09d675aa566129bc321ce743d839b03742bf8a,2026-08-02NDH24:30:00Z,1785681091389,1785681300000,0.390000,0.380000,0.620000,0.610000,28.56,2791.49
0x5f561c6b3949662b1cf40a3b1b09d675aa566129bc321ce743d839b03742bf8a,2026-08-02NDH24:30:00Z,1785681091890,1785681300000,0.390000,0.380000,0.620000,0.610000,13.3,2771.88
0x5f561c6b3949662b1cf40a3b1b09d675aa566129bc321ce743d839b03742bf8a,2026-08-02NDH24:30:00Z,1785681092388,1785681300000,0.400000,0.380000,0.620000,0.600000,32.94,2720.42
0x5f561c6b3949662b1cf40a3b1b09d675aa566129bc321ce743d839b03742bf8a,2026-08-02NDH24:30:00Z,1785681092888,1785681300000,0.400000,0.390000,0.610000,0.600000,255.02,214.5
0x5f561c6b3949662b1cf40a3b1b09d675aa566129bc321ce743d839b03742bf8a,2026-08-02NDH24:30:00Z,1785681093390,1785681300000,0.390000,0.380000,0.620000,0.610000,145.24,2541.34
0x5f561c6b3949662b1cf40a3b1b09d675aa566129bc321ce743d839b03742bf8a,2026-08-02NDH24:30:00Z,1785681093889,1785681300000,0.390000,0.380000,0.620000,0.610000,273.06,25
0x5f561c6b3949662b1cf40a3b1b09d675aa566129bc321ce743d839b03742bf8a,2026-08-02NDH24:30:00Z,1785681094390,1785681300000,0.390000,0.380000,0.620000,0.610000,143.76,62.19
0x5f561c6b3949662b1cf40a3b1b09d675aa566129bc321ce743d839b03742bf8a,2026-08-02NDH24:30:00Z,1785681094889,1785681300000,0.400000,0.390000,0.610000,0.600000,21.99,3278.87
0x5f561c6b3949662b1cf40a3b1b09d675aa566129bc321ce743d839b03742bf8a,2026-08-02NDH24:30:00Z,1785681095390,1785681300000,0.400000,0.390000,0.610000,0.600000,25.31,3276.05
0x5f561c6b3949662b1cf40a3b1b09d675aa566129bc321ce743d839b03742bf8a,2026-08-02NDH24:30:00Z,1785681095889,1785681300000,0.410000,0.400000,0.600000,0.590000,10.7,367.96
0x5f561c6b3949662b1cf40a3b1b09d675aa566129bc321ce743d839b03742bf8a,2026-08-02NDH24:30:00Z,1785681096388,1785681300000,0.430000,0.420000,0.580000,0.570000,34.33,271.89
0x5f561c6b3949662b1cf40a3b1b09d675aa566129bc321ce743d839b03742bf8a,2026-08-02NDH24:30:00Z,1785681096890,1785681300000,0.450000,0.440000,0.560000,0.550000,50.94,399.37
0x5f561c6b3949662b1cf40a3b1b09d675aa566129bc321ce743d839b03742bf8a,2026-08-02NDH24:30:00Z,1785681097390,1785681300000,0.450000,0.440000,0.560000,0.550000,16.76,331.9
0x5f561c6b3949662b1cf40a3b1b09d675aa566129bc321ce743d839b03742bf8a,2026-08-02NDH24:30:00Z,1785681097889,1785681300000,0.450000,0.440000,0.560000,0.550000,28.32,109.2
0x5f561c6b3949662b1cf40a3b1b09d675aa566129bc321ce743d839b03742bf8a,2026-08-02NDH24:30:00Z,1785681098389,1785681300000,0.460000,0.450000,0.550000,0.540000,91.02,13.1
0x5f561c6b3949662b1cf40a3b1b09d675aa566129bc321ce743d839b03742bf8a,2026-08-02NDH24:30:00Z,1785681098889,1785681300000,0.450000,0.440000,0.560000,0.550000,235.37,2376.21
0x5f561c6b3949662b1cf40a3b1b09d675aa566129bc321ce743d839b03742bf8a,2026-08-02NDH24:30:00Z,1785681099389,1785681300000,0.450000,0.440000,0.560000,0.550000,121,2329.83
0x5f561c6b3949662b1cf40a3b1b09d675aa566129bc321ce743d839b03742bf8a,2026-08-02NDH24:30:00Z,1785681099890,1785681300000,0.450000,0.440000,0.560000,0.550000,54.59,2264.9
0x5f561c6b3949662b1cf40a3b1b09d675aa566129bc321ce743d839b03742bf8a,2026-08-02NDH24:30:00Z,1785681100388,1785681300000,0.460000,0.450000,0.550000,0.540000,29.36,206.15
0x5f561c6b3949662b1cf40a3b1b09d675aa566129bc321ce743d839b03742bf8a,2026-08-02NDH24:30:00Z,1785681100890,1785681300000,0.480000,0.460000,0.540000,0.520000,65.72,413.05
0x5f561c6b3949662b1cf40a3b1b09d675aa566129bc321ce743d839b03742bf8a,2026-08-02NDH24:30:00Z,1785681101388,1785681300000,0.480000,0.450000,0.550000,0.520000,100,40.47
0x5f561c6b3949662b1cf40a3b1b09d675aa566129bc321ce743d839b03742bf8a,2026-08-02NDH24:30:00Z,1785681101889,1785681300000,0.480000,0.470000,0.530000,0.520000,85.21,128.04
0x5f561c6b3949662b1cf40a3b1b09d675aa566129bc321ce743d839b03742bf8a,2026-08-02NDH24:30:00Z,1785681102390,1785681300000,0.430000,0.420000,0.580000,0.570000,352.86,5
0x5f561c6b3949662b1cf40a3b1b09d675aa566129bc321ce743d839b03742bf8a,2026-08-02NDH24:30:00Z,1785681102888,1785681300000,0.410000,0.400000,0.600000,0.590000,5,100
0x5f561c6b3949662b1cf40a3b1b09d675aa566129bc321ce743d839b03742bf8a,2026-08-02NDH24:30:00Z,1785681103389,1785681300000,0.470000,0.460000,0.540000,0.530000,58.05,300
0x5f561c6b3949662b1cf40a3b1b09d675aa566129bc321ce743d839b03742bf8a,2026-08-02NDH24:30:00Z,1785681103888,1785681300000,0.490000,0.480000,0.520000,0.510000,75.75,254.27
0x5f561c6b3949662b1cf40a3b1b09d675aa566129bc321ce743d839b03742bf8a,2026-08-02NDH24:30:00Z,1785681104390,1785681300000,0.530000,0.520000,0.480000,0.470000,272.02,15
0x5f561c6b3949662b1cf40a3b1b09d675aa566129bc321ce743d839b03742bf8a,2026-08-02NDH24:30:00Z,1785681104889,1785681300000,0.510000,0.500000,0.500000,0.490000,25.58,300
0x5f561c6b3949662b1cf40a3b1b09d675aa566129bc321ce743d839b03742bf8a,2026-08-02NDH24:30:00Z,1785681105389,1785681300000,0.520000,0.490000,0.510000,0.480000,162.81,3.07
0x5f561c6b3949662b1cf40a3b1b09d675aa566129bc321ce743d839b03742bf8a,2026-08-02NDH24:30:00Z,1785681105888,1785681300000,0.540000,0.530000,0.470000,0.460000,140.08,7.36
0x5f561c6b3949662b1cf40a3b1b09d675aa566129bc321ce743d839b03742bf8a,2026-08-02NDH24:30:00Z,1785681106389,1785681300000,0.510000,0.500000,0.500000,0.490000,36.24,14.44
0x5f561c6b3949662b1cf40a3b1b09d675aa566129bc321ce743d839b03742bf8a,2026-08-02NDH24:30:00Z,1785681106890,1785681300000,0.500000,0.490000,0.510000,0.500000,52.41,329.04
0x5f561c6b3949662b1cf40a3b1b09d675aa566129bc321ce743d839b03742bf8a,2026-08-02NDH24:30:00Z,1785681107389,1785681300000,0.500000,0.490000,0.510000,0.500000,27.88,380.37
0x5f561c6b3949662b1cf40a3b1b09d675aa566129bc321ce743d839b03742bf8a,2026-08-02NDH24:30:00Z,1785681107888,1785681300000,0.500000,0.490000,0.510000,0.500000,21.58,378.4
0x5f561c6b3949662b1cf40a3b1b09d675aa566129bc321ce743d839b03742bf8a,2026-08-02NDH24:30:00Z,1785681108389,1785681300000,0.500000,0.490000,0.510000,0.500000,8.56,368.59
0x5f561c6b3949662b1cf40a3b1b09d675aa566129bc321ce743d839b03742bf8a,2026-08-02NDH24:30:00Z,1785681108889,1785681300000,0.500000,0.490000,0.510000,0.500000,2.06,112.7
0x5f561c6b3949662b1cf40a3b1b09d675aa566129bc321ce743d839b03742bf8a,2026-08-02NDH24:30:00Z,1785681109390,1785681300000,0.500000,0.490000,0.510000,0.500000,2.06,158.4
0x5f561c6b3949662b1cf40a3b1b09d675aa566129bc321ce743d839b03742bf8a,2026-08-02NDH24:30:00Z,1785681109889,1785681300000,0.490000,0.480000,0.520000,0.510000,364.07,14.08
0x5f561c6b3949662b1cf40a3b1b09d675aa566129bc321ce743d839b03742bf8a,2026-08-02NDH24:30:00Z,1785681110388,1785681300000,0.480000,0.470000,0.530000,0.520000,343.37,2093.82
0x5f561c6b3949662b1cf40a3b1b09d675aa566129bc321ce743d839b03742bf8a,2026-08-02NDH24:30:00Z,1785681110890,1785681300000,0.480000,0.470000,0.530000,0.520000,213.5,2063.15
0x5f561c6b3949662b1cf40a3b1b09d675aa566129bc321ce743d839b03742bf8a,2026-08-02NDH24:30:00Z,1785681111389,1785681300000,0.480000,0.470000,0.530000,0.520000,283.77,2115.53
0x5f561c6b3949662b1cf40a3b1b09d675aa566129bc321ce743d839b03742bf8a,2026-08-02NDH24:30:00Z,1785681111890,1785681300000,0.480000,0.470000,0.530000,0.520000,287.32,2089.92
0x5f561c6b3949662b1cf40a3b1b09d675aa566129bc321ce743d839b03742bf8a,2026-08-02NDH24:30:00Z,1785681112390,1785681300000,0.480000,0.470000,0.530000,0.520000,175.43,1748.99
0x5f561c6b3949662b1cf40a3b1b09d675aa566129bc321ce743d839b03742bf8a,2026-08-02NDH24:30:00Z,1785681112889,1785681300000,0.480000,0.470000,0.530000,0.520000,143.99,1626.22
0x5f561c6b3949662b1cf40a3b1b09d675aa566129bc321ce743d839b03742bf8a,2026-08-02NDH24:30:00Z,1785681113390,1785681300000,0.480000,0.470000,0.530000,0.520000,103.69,1530.2
0x5f561c6b3949662b1cf40a3b1b09d675aa566129bc321ce743d839b03742bf8a,2026-08-02NDH24:30:00Z,1785681113889,1785681300000,0.480000,0.470000,0.530000,0.520000,23.23,1187.84
0x5f561c6b3949662b1cf40a3b1b09d675aa566129bc321ce743d839b03742bf8a,2026-08-02NDH24:30:00Z,1785681114389,1785681300000,0.490000,0.480000,0.520000,0.510000,229.54,262.31
0x5f561c6b3949662b1cf40a3b1b09d675aa566129bc321ce743d839b03742bf8a,2026-08-02NDH24:30:00Z,1785681114890,1785681300000,0.490000,0.480000,0.520000,0.510000,112.39,239.73
0x5f561c6b3949662b1cf40a3b1b09d675aa566129bc321ce743d839b03742bf8a,2026-08-02NDH24:30:00Z,1785681115389,1785681300000,0.480000,0.470000,0.530000,0.520000,20,1137.49
0x5f561c6b3949662b1cf40a3b1b09d675aa566129bc321ce743d839b03742bf8a,2026-08-02NDH24:30:00Z,1785681115889,1785681300000,0.490000,0.480000,0.520000,0.510000,223.5,372.1
0x5f561c6b3949662b1cf40a3b1b09d675aa566129bc321ce743d839b03742bf8a,2026-08-02NDH24:30:00Z,1785681116388,1785681300000,0.480000,0.470000,0.530000,0.520000,614.87,832.11
0x5f561c6b3949662b1cf40a3b1b09d675aa566129bc321ce743d839b03742bf8a,2026-08-02NDH24:30:00Z,1785681116889,1785681300000,0.470000,0.400000,0.600000,0.530000,481.99,123.47
0x5f561c6b3949662b1cf40a3b1b09d675aa566129bc321ce743d839b03742bf8a,2026-08-02NDH24:30:00Z,1785681117390,1785681300000,0.450000,0.420000,0.580000,0.550000,88.05,116.21
0x5f561c6b3949662b1cf40a3b1b09d675aa566129bc321ce743d839b03742bf8a,2026-08-02NDH24:30:00Z,1785681117889,1785681300000,0.430000,0.420000,0.580000,0.570000,3.47,45.32
0x5f561c6b3949662b1cf40a3b1b09d675aa566129bc321ce743d839b03742bf8a,2026-08-02NDH24:30:00Z,1785681118389,1785681300000,0.420000,0.410000,0.590000,0.580000,58,30
0x5f561c6b3949662b1cf40a3b1b09d675aa566129bc321ce743d839b03742bf8a,2026-08-02NDH24:30:00Z,1785681118889,1785681300000,0.420000,0.410000,0.590000,0.580000,93.44,2987.23
0x5f561c6b3949662b1cf40a3b1b09d675aa566129bc321ce743d839b03742bf8a,2026-08-02NDH24:30:00Z,1785681119390,1785681300000,0.450000,0.440000,0.560000,0.550000,8.6,29.46
0x5f561c6b3949662b1cf40a3b1b09d675aa566129bc321ce743d839b03742bf8a,2026-08-02NDH24:30:00Z,1785681119888,1785681300000,0.430000,0.420000,0.580000,0.570000,510,1080.21
0x5f561c6b3949662b1cf40a3b1b09d675aa566129bc321ce743d839b03742bf8a,2026-08-02NDH24:30:00Z,1785681120389,1785681300000,0.430000,0.420000,0.580000,0.570000,472.96,3036.8
0x5f561c6b3949662b1cf40a3b1b09d675aa566129bc321ce743d839b03742bf8a,2026-08-02NDH24:30:00Z,1785681120890,1785681300000,0.430000,0.420000,0.580000,0.570000,399.1,1078.58
0x5f561c6b3949662b1cf40a3b1b09d675aa566129bc321ce743d839b03742bf8a,2026-08-02NDH24:30:00Z,1785681121388,1785681300000,0.430000,0.420000,0.580000,0.570000,374.13,987.08
0x5f561c6b3949662b1cf40a3b1b09d675aa566129bc321ce743d839b03742bf8a,2026-08-02NDH24:30:00Z,1785681121888,1785681300000,0.430000,0.420000,0.580000,0.570000,267.73,844.29
0x5f561c6b3949662b1cf40a3b1b09d675aa566129bc321ce743d839b03742bf8a,2026-08-02NDH24:30:00Z,1785681122389,1785681300000,0.430000,0.420000,0.580000,0.570000,227.99,770.28
0x5f561c6b3949662b1cf40a3b1b09d675aa566129bc321ce743d839b03742bf8a,2026-08-02NDH24:30:00Z,1785681122888,1785681300000,0.430000,0.420000,0.580000,0.570000,169.49,747.35
0x5f561c6b3949662b1cf40a3b1b09d675aa566129bc321ce743d839b03742bf8a,2026-08-02NDH24:30:00Z,1785681123390,1785681300000,0.430000,0.420000,0.580000,0.570000,169.49,783.32
0x5f561c6b3949662b1cf40a3b1b09d675aa566129bc321ce743d839b03742bf8a,2026-08-02NDH24:30:00Z,1785681123889,1785681300000,0.430000,0.420000,0.580000,0.570000,234.42,481.22
0x5f561c6b3949662b1cf40a3b1b09d675aa566129bc321ce743d839b03742bf8a,2026-08-02NDH24:30:00Z,1785681124389,1785681300000,0.430000,0.420000,0.580000,0.570000,337.04,75.45
0x5f561c6b3949662b1cf40a3b1b09d675aa566129bc321ce743d839b03742bf8a,2026-08-02NDH24:30:00Z,1785681124890,1785681300000,0.360000,0.350000,0.650000,0.640000,205.22,139.27
0x5f561c6b3949662b1cf40a3b1b09d675aa566129bc321ce743d839b03742bf8a,2026-08-02NDH24:30:00Z,1785681125388,1785681300000,0.350000,0.340000,0.660000,0.650000,289.42,54.99
0x5f561c6b3949662b1cf40a3b1b09d675aa566129bc321ce743d839b03742bf8a,2026-08-02NDH24:30:00Z,1785681125890,1785681300000,0.330000,0.320000,0.680000,0.670000,350,1003.7
0x5f561c6b3949662b1cf40a3b1b09d675aa566129bc321ce743d839b03742bf8a,2026-08-02NDH24:30:00Z,1785681126388,1785681300000,0.330000,0.320000,0.680000,0.670000,414.6,908
0x5f561c6b3949662b1cf40a3b1b09d675aa566129bc321ce743d839b03742bf8a,2026-08-02NDH24:30:00Z,1785681126889,1785681300000,0.330000,0.320000,0.680000,0.670000,208.68,824.07
0x5f561c6b3949662b1cf40a3b1b09d675aa566129bc321ce743d839b03742bf8a,2026-08-02NDH24:30:00Z,1785681127390,1785681300000,0.360000,0.350000,0.650000,0.640000,13.99,280.92
0x5f561c6b3949662b1cf40a3b1b09d675aa566129bc321ce743d839b03742bf8a,2026-08-02NDH24:30:00Z,1785681127889,1785681300000,0.360000,0.350000,0.650000,0.640000,56.99,242.59
0x5f561c6b3949662b1cf40a3b1b09d675aa566129bc321ce743d839b03742bf8a,2026-08-02NDH24:30:00Z,1785681128389,1785681300000,0.360000,0.350000,0.650000,0.640000,92.99,228.35
0x5f561c6b3949662b1cf40a3b1b09d675aa566129bc321ce743d839b03742bf8a,2026-08-02NDH24:30:00Z,1785681128888,1785681300000,0.360000,0.350000,0.650000,0.640000,210.91,64.88
0x5f561c6b3949662b1cf40a3b1b09d675aa566129bc321ce743d839b03742bf8a,2026-08-02NDH24:30:00Z,1785681129389,1785681300000,0.360000,0.350000,0.650000,0.640000,290.81,56.07
0x5f561c6b3949662b1cf40a3b1b09d675aa566129bc321ce743d839b03742bf8a,2026-08-02NDH24:30:00Z,1785681129888,1785681300000,0.330000,0.320000,0.680000,0.670000,253.8,831.75
0x5f561c6b3949662b1cf40a3b1b09d675aa566129bc321ce743d839b03742bf8a,2026-08-02NDH24:30:00Z,1785681130389,1785681300000,0.330000,0.320000,0.680000,0.670000,391.13,631.2
0x5f561c6b3949662b1cf40a3b1b09d675aa566129bc321ce743d839b03742bf8a,2026-08-02NDH24:30:00Z,1785681130889,1785681300000,0.330000,0.320000,0.680000,0.670000,409.73,596.28
0x5f561c6b3949662b1cf40a3b1b09d675aa566129bc321ce743d839b03742bf8a,2026-08-02NDH24:30:00Z,1785681131389,1785681300000,0.330000,0.320000,0.680000,0.670000,280.44,466.3
0x5f561c6b3949662b1cf40a3b1b09d675aa566129bc321ce743d839b03742bf8a,2026-08-02NDH24:30:00Z,1785681131888,1785681300000,0.330000,0.320000,0.680000,0.670000,363.96,301.09
0x5f561c6b3949662b1cf40a3b1b09d675aa566129bc321ce743d839b03742bf8a,2026-08-02NDH24:30:00Z,1785681132389,1785681300000,0.330000,0.320000,0.680000,0.670000,447.98,272.03
0x5f561c6b3949662b1cf40a3b1b09d675aa566129bc321ce743d839b03742bf8a,2026-08-02NDH24:30:00Z,1785681132890,1785681300000,0.330000,0.320000,0.680000,0.670000,491.88,246.25
0x5f561c6b3949662b1cf40a3b1b09d675aa566129bc321ce743d839b03742bf8a,2026-08-02NDH24:30:00Z,1785681133389,1785681300000,0.330000,0.320000,0.680000,0.670000,662.96,212.81
0x5f561c6b3949662b1cf40a3b1b09d675aa566129bc321ce743d839b03742bf8a,2026-08-02NDH24:30:00Z,1785681133889,1785681300000,0.350000,0.320000,0.680000,0.650000,3.72,561.84
0x5f561c6b3949662b1cf40a3b1b09d675aa566129bc321ce743d839b03742bf8a,2026-08-02NDH24:30:00Z,1785681134389,1785681300000,0.460000,0.450000,0.550000,0.540000,55,35
0x5f561c6b3949662b1cf40a3b1b09d675aa566129bc321ce743d839b03742bf8a,2026-08-02NDH24:30:00Z,1785681134889,1785681300000,0.430000,0.420000,0.580000,0.570000,10,10
0x5f561c6b3949662b1cf40a3b1b09d675aa566129bc321ce743d839b03742bf8a,2026-08-02NDH24:30:00Z,1785681135390,1785681300000,0.440000,0.430000,0.570000,0.560000,271.55,11.65
0x5f561c6b3949662b1cf40a3b1b09d675aa566129bc321ce743d839b03742bf8a,2026-08-02NDH24:30:00Z,1785681135889,1785681300000,0.440000,0.430000,0.570000,0.560000,500.55,46.48
0x5f561c6b3949662b1cf40a3b1b09d675aa566129bc321ce743d839b03742bf8a,2026-08-02NDH24:30:00Z,1785681136390,1785681300000,0.430000,0.420000,0.580000,0.570000,385.3,63.39
0x5f561c6b3949662b1cf40a3b1b09d675aa566129bc321ce743d839b03742bf8a,2026-08-02NDH24:30:00Z,1785681136889,1785681300000,0.430000,0.420000,0.580000,0.570000,353.28,59.93
0x5f561c6b3949662b1cf40a3b1b09d675aa566129bc321ce743d839b03742bf8a,2026-08-02NDH24:30:00Z,1785681137390,1785681300000,0.380000,0.360000,0.640000,0.620000,195.8,69.02
0x5f561c6b3949662b1cf40a3b1b09d675aa566129bc321ce743d839b03742bf8a,2026-08-02NDH24:30:00Z,1785681137889,1785681300000,0.380000,0.370000,0.630000,0.620000,314.37,85.99
0x5f561c6b3949662b1cf40a3b1b09d675aa566129bc321ce743d839b03742bf8a,2026-08-02NDH24:30:00Z,1785681138389,1785681300000,0.380000,0.370000,0.630000,0.620000,342.37,144.95
0x5f561c6b3949662b1cf40a3b1b09d675aa566129bc321ce743d839b03742bf8a,2026-08-02NDH24:30:00Z,1785681138888,1785681300000,0.380000,0.370000,0.630000,0.620000,269.44,37.6
0x5f561c6b3949662b1cf40a3b1b09d675aa566129bc321ce743d839b03742bf8a,2026-08-02NDH24:30:00Z,1785681139389,1785681300000,0.380000,0.370000,0.630000,0.620000,315.01,21.72
0x5f561c6b3949662b1cf40a3b1b09d675aa566129bc321ce743d839b03742bf8a,2026-08-02NDH24:30:00Z,1785681139889,1785681300000,0.340000,0.330000,0.670000,0.660000,122.75,2115.73
0x5f561c6b3949662b1cf40a3b1b09d675aa566129bc321ce743d839b03742bf8a,2026-08-02NDH24:30:00Z,1785681140389,1785681300000,0.360000,0.350000,0.650000,0.640000,307.87,106.06
0x5f561c6b3949662b1cf40a3b1b09d675aa566129bc321ce743d839b03742bf8a,2026-08-02NDH24:30:00Z,1785681140889,1785681300000,0.360000,0.350000,0.650000,0.640000,296.85,96.2
0x5f561c6b3949662b1cf40a3b1b09d675aa566129bc321ce743d839b03742bf8a,2026-08-02NDH24:30:00Z,1785681141390,1785681300000,0.350000,0.340000,0.660000,0.650000,154.35,99
0x5f561c6b3949662b1cf40a3b1b09d675aa566129bc321ce743d839b03742bf8a,2026-08-02NDH24:30:00Z,1785681141890,1785681300000,0.340000,0.330000,0.670000,0.660000,209,2161.83
0x5f561c6b3949662b1cf40a3b1b09d675aa566129bc321ce743d839b03742bf8a,2026-08-02NDH24:30:00Z,1785681142388,1785681300000,0.340000,0.330000,0.670000,0.660000,212.92,2052.07
0x5f561c6b3949662b1cf40a3b1b09d675aa566129bc321ce743d839b03742bf8a,2026-08-02NDH24:30:00Z,1785681142890,1785681300000,0.340000,0.330000,0.670000,0.660000,154,2218.97
0x5f561c6b3949662b1cf40a3b1b09d675aa566129bc321ce743d839b03742bf8a,2026-08-02NDH24:30:00Z,1785681143390,1785681300000,0.340000,0.330000,0.670000,0.660000,154,2217.47
0x5f561c6b3949662b1cf40a3b1b09d675aa566129bc321ce743d839b03742bf8a,2026-08-02NDH24:30:00Z,1785681143890,1785681300000,0.340000,0.330000,0.670000,0.660000,159,2112.41
0x5f561c6b3949662b1cf40a3b1b09d675aa566129bc321ce743d839b03742bf8a,2026-08-02NDH24:30:00Z,1785681144388,1785681300000,0.340000,0.330000,0.670000,0.660000,153.11,2104.94
0x5f561c6b3949662b1cf40a3b1b09d675aa566129bc321ce743d839b03742bf8a,2026-08-02NDH24:30:00Z,1785681144889,1785681300000,0.340000,0.330000,0.670000,0.660000,178.11,2104.94
0x5f561c6b3949662b1cf40a3b1b09d675aa566129bc321ce743d839b03742bf8a,2026-08-02NDH24:30:00Z,1785681145390,1785681300000,0.340000,0.330000,0.670000,0.660000,203.11,2114.94
0x5f561c6b3949662b1cf40a3b1b09d675aa566129bc321ce743d839b03742bf8a,2026-08-02NDH24:30:00Z,1785681145888,1785681300000,0.380000,0.370000,0.630000,0.620000,160,221.91
0x5f561c6b3949662b1cf40a3b1b09d675aa566129bc321ce743d839b03742bf8a,2026-08-02NDH24:30:00Z,1785681146390,1785681300000,0.380000,0.370000,0.630000,0.620000,229.88,152.72
0x5f561c6b3949662b1cf40a3b1b09d675aa566129bc321ce743d839b03742bf8a,2026-08-02NDH24:30:00Z,1785681146890,1785681300000,0.380000,0.370000,0.630000,0.620000,449.37,10
0x5f561c6b3949662b1cf40a3b1b09d675aa566129bc321ce743d839b03742bf8a,2026-08-02NDH24:30:00Z,1785681147389,1785681300000,0.360000,0.350000,0.650000,0.640000,210,416.24
0x5f561c6b3949662b1cf40a3b1b09d675aa566129bc321ce743d839b03742bf8a,2026-08-02NDH24:30:00Z,1785681147889,1785681300000,0.360000,0.350000,0.650000,0.640000,221.61,181.2
0x5f561c6b3949662b1cf40a3b1b09d675aa566129bc321ce743d839b03742bf8a,2026-08-02NDH24:30:00Z,1785681148389,1785681300000,0.360000,0.350000,0.650000,0.640000,201.11,203.69
0x5f561c6b3949662b1cf40a3b1b09d675aa566129bc321ce743d839b03742bf8a,2026-08-02NDH24:30:00Z,1785681148889,1785681300000,0.350000,0.340000,0.660000,0.650000,150,285.95
0x5f561c6b3949662b1cf40a3b1b09d675aa566129bc321ce743d839b03742bf8a,2026-08-02NDH24:30:00Z,1785681149389,1785681300000,0.350000,0.340000,0.660000,0.650000,331.38,27.32
0x5f561c6b3949662b1cf40a3b1b09d675aa566129bc321ce743d839b03742bf8a,2026-08-02NDH24:30:00Z,1785681149890,1785681300000,0.340000,0.330000,0.670000,0.660000,165.96,2092.12
0x5f561c6b3949662b1cf40a3b1b09d675aa566129bc321ce743d839b03742bf8a,2026-08-02NDH24:30:00Z,1785681150389,1785681300000,0.340000,0.330000,0.670000,0.660000,155.96,2094.38
0x5f561c6b3949662b1cf40a3b1b09d675aa566129bc321ce743d839b03742bf8a,2026-08-02NDH24:30:00Z,1785681150888,1785681300000,0.340000,0.330000,0.670000,0.660000,145,2033.25
0x5f561c6b3949662b1cf40a3b1b09d675aa566129bc321ce743d839b03742bf8a,2026-08-02NDH24:30:00Z,1785681151389,1785681300000,0.340000,0.330000,0.670000,0.660000,136.87,1778.71
0x5f561c6b3949662b1cf40a3b1b09d675aa566129bc321ce743d839b03742bf8a,2026-08-02NDH24:30:00Z,1785681151890,1785681300000,0.340000,0.330000,0.670000,0.660000,75.15,1763.29
0x5f561c6b3949662b1cf40a3b1b09d675aa566129bc321ce743d839b03742bf8a,2026-08-02NDH24:30:00Z,1785681152390,1785681300000,0.340000,0.330000,0.670000,0.660000,75.15,1638.02
0x5f561c6b3949662b1cf40a3b1b09d675aa566129bc321ce743d839b03742bf8a,2026-08-02NDH24:30:00Z,1785681152889,1785681300000,0.350000,0.340000,0.660000,0.650000,78.08,49.71
0x5f561c6b3949662b1cf40a3b1b09d675aa566129bc321ce743d839b03742bf8a,2026-08-02NDH24:30:00Z,1785681153390,1785681300000,0.350000,0.340000,0.660000,0.650000,76.5,46.67
0x5f561c6b3949662b1cf40a3b1b09d675aa566129bc321ce743d839b03742bf8a,2026-08-02NDH24:30:00Z,1785681153889,1785681300000,0.350000,0.340000,0.660000,0.650000,86.5,17.07
0x5f561c6b3949662b1cf40a3b1b09d675aa566129bc321ce743d839b03742bf8a,2026-08-02NDH24:30:00Z,1785681154389,1785681300000,0.350000,0.340000,0.660000,0.650000,19.78,31.32
0x5f561c6b3949662b1cf40a3b1b09d675aa566129bc321ce743d839b03742bf8a,2026-08-02NDH24:30:00Z,1785681154888,1785681300000,0.340000,0.330000,0.670000,0.660000,5,1582.89
0x5f561c6b3949662b1cf40a3b1b09d675aa566129bc321ce743d839b03742bf8a,2026-08-02NDH24:30:00Z,1785681155389,1785681300000,0.350000,0.340000,0.660000,0.650000,156.41,37.91
0x5f561c6b3949662b1cf40a3b1b09d675aa566129bc321ce743d839b03742bf8a,2026-08-02NDH24:30:00Z,1785681155888,1785681300000,0.340000,0.330000,0.670000,0.660000,130,1585.04
0x5f561c6b3949662b1cf40a3b1b09d675aa566129bc321ce743d839b03742bf8a,2026-08-02NDH24:30:00Z,1785681156389,1785681300000,0.340000,0.330000,0.670000,0.660000,130,1573.09
0x5f561c6b3949662b1cf40a3b1b09d675aa566129bc321ce743d839b03742bf8a,2026-08-02NDH24:30:00Z,1785681156889,1785681300000,0.340000,0.330000,0.670000,0.660000,115,1573.09
0x5f561c6b3949662b1cf40a3b1b09d675aa566129bc321ce743d839b03742bf8a,2026-08-02NDH24:30:00Z,1785681157388,1785681300000,0.340000,0.330000,0.670000,0.660000,231.55,1435.73
0x5f561c6b3949662b1cf40a3b1b09d675aa566129bc321ce743d839b03742bf8a,2026-08-02NDH24:30:00Z,1785681157890,1785681300000,0.340000,0.330000,0.670000,0.660000,73.47,1542.96
0x5f561c6b3949662b1cf40a3b1b09d675aa566129bc321ce743d839b03742bf8a,2026-08-02NDH24:30:00Z,1785681158388,1785681300000,0.340000,0.330000,0.670000,0.660000,0.47,1528.03
0x5f561c6b3949662b1cf40a3b1b09d675aa566129bc321ce743d839b03742bf8a,2026-08-02NDH24:30:00Z,1785681158889,1785681300000,0.340000,0.330000,0.670000,0.660000,230.55,1397.22
0x5f561c6b3949662b1cf40a3b1b09d675aa566129bc321ce743d839b03742bf8a,2026-08-02NDH24:30:00Z,1785681159390,1785681300000,0.340000,0.330000,0.670000,0.660000,220.55,1394.22
0x5f561c6b3949662b1cf40a3b1b09d675aa566129bc321ce743d839b03742bf8a,2026-08-02NDH24:30:00Z,1785681159889,1785681300000,0.340000,0.330000,0.670000,0.660000,225.55,1441.23
0x5f561c6b3949662b1cf40a3b1b09d675aa566129bc321ce743d839b03742bf8a,2026-08-02NDH24:30:00Z,1785681160389,1785681300000,0.340000,0.330000,0.670000,0.660000,249.6,1457.33
0x5f561c6b3949662b1cf40a3b1b09d675aa566129bc321ce743d839b03742bf8a,2026-08-02NDH24:30:00Z,1785681160890,1785681300000,0.360000,0.350000,0.650000,0.640000,24,19.84
0x5f561c6b3949662b1cf40a3b1b09d675aa566129bc321ce743d839b03742bf8a,2026-08-02NDH24:30:00Z,1785681161390,1785681300000,0.360000,0.350000,0.650000,0.640000,19.41,3.75
0x5f561c6b3949662b1cf40a3b1b09d675aa566129bc321ce743d839b03742bf8a,2026-08-02NDH24:30:00Z,1785681161889,1785681300000,0.370000,0.360000,0.640000,0.630000,88.37,15
0x5f561c6b3949662b1cf40a3b1b09d675aa566129bc321ce743d839b03742bf8a,2026-08-02NDH24:30:00Z,1785681162391,1785681300000,0.370000,0.360000,0.640000,0.630000,98.37,5
0x5f561c6b3949662b1cf40a3b1b09d675aa566129bc321ce743d839b03742bf8a,2026-08-02NDH24:30:00Z,1785681162889,1785681300000,0.350000,0.340000,0.660000,0.650000,10,191.32
0x5f561c6b3949662b1cf40a3b1b09d675aa566129bc321ce743d839b03742bf8a,2026-08-02NDH24:30:00Z,1785681163390,1785681300000,0.350000,0.340000,0.660000,0.650000,10,191.32
0x5f561c6b3949662b1cf40a3b1b09d675aa566129bc321ce743d839b03742bf8a,2026-08-02NDH24:30:00Z,1785681163890,1785681300000,0.350000,0.340000,0.660000,0.650000,10,191.32
0x5f561c6b3949662b1cf40a3b1b09d675aa566129bc321ce743d839b03742bf8a,2026-08-02NDH24:30:00Z,1785681164390,1785681300000,0.350000,0.340000,0.660000,0.650000,10,191.32
0x5f561c6b3949662b1cf40a3b1b09d675aa566129bc321ce743d839b03742bf8a,2026-08-02NDH24:30:00Z,1785681164889,1785681300000,0.350000,0.340000,0.660000,0.650000,10,191.32
0x5f561c6b3949662b1cf40a3b1b09d675aa566129bc321ce743d839b03742bf8a,2026-08-02NDH24:30:00Z,1785681165389,1785681300000,0.350000,0.340000,0.660000,0.650000,10,191.32
0x5f561c6b3949662b1cf40a3b1b09d675aa566129bc321ce743d839b03742bf8a,2026-08-02NDH24:30:00Z,1785681165890,1785681300000,0.350000,0.340000,0.660000,0.650000,10,191.32
0x5f561c6b3949662b1cf40a3b1b09d675aa566129bc321ce743d839b03742bf8a,2026-08-02NDH24:30:00Z,1785681166389,1785681300000,0.350000,0.340000,0.660000,0.650000,10,191.32
0x5f561c6b3949662b1cf40a3b1b09d675aa566129bc321ce743d839b03742bf8a,2026-08-02NDH24:30:00Z,1785681166889,1785681300000,0.350000,0.340000,0.660000,0.650000,10,191.32
0x5f561c6b3949662b1cf40a3b1b09d675aa566129bc321ce743d839b03742bf8a,2026-08-02NDH24:30:00Z,1785681167390,1785681300000,0.360000,0.350000,0.650000,0.640000,230,150.88
0x5f561c6b3949662b1cf40a3b1b09d675aa566129bc321ce743d839b03742bf8a,2026-08-02NDH24:30:00Z,1785681167888,1785681300000,0.350000,0.340000,0.660000,0.650000,964.18,74.04
0x5f561c6b3949662b1cf40a3b1b09d675aa566129bc321ce743d839b03742bf8a,2026-08-02NDH24:30:00Z,1785681168389,1785681300000,0.350000,0.340000,0.660000,0.650000,959.18,79.48
0x5f561c6b3949662b1cf40a3b1b09d675aa566129bc321ce743d839b03742bf8a,2026-08-02NDH24:30:00Z,1785681168890,1785681300000,0.350000,0.340000,0.660000,0.650000,972.6,77.96
0x5f561c6b3949662b1cf40a3b1b09d675aa566129bc321ce743d839b03742bf8a,2026-08-02NDH24:30:00Z,1785681169388,1785681300000,0.350000,0.340000,0.660000,0.650000,1002.35,77.96
0x5f561c6b3949662b1cf40a3b1b09d675aa566129bc321ce743d839b03742bf8a,2026-08-02NDH24:30:00Z,1785681169889,1785681300000,0.330000,0.320000,0.680000,0.670000,164.3,1384.33
0x5f561c6b3949662b1cf40a3b1b09d675aa566129bc321ce743d839b03742bf8a,2026-08-02NDH24:30:00Z,1785681170389,1785681300000,0.330000,0.320000,0.680000,0.670000,118.22,1248.14
0x5f561c6b3949662b1cf40a3b1b09d675aa566129bc321ce743d839b03742bf8a,2026-08-02NDH24:30:00Z,1785681170889,1785681300000,0.330000,0.320000,0.680000,0.670000,84.76,1195.85
0x5f561c6b3949662b1cf40a3b1b09d675aa566129bc321ce743d839b03742bf8a,2026-08-02NDH24:30:00Z,1785681171389,1785681300000,0.340000,0.330000,0.670000,0.660000,300.14,64.15
0x5f561c6b3949662b1cf40a3b1b09d675aa566129bc321ce743d839b03742bf8a,2026-08-02NDH24:30:00Z,1785681171889,1785681300000,0.340000,0.330000,0.670000,0.660000,354.96,31.15
0x5f561c6b3949662b1cf40a3b1b09d675aa566129bc321ce743d839b03742bf8a,2026-08-02NDH24:30:00Z,1785681172390,1785681300000,0.330000,0.320000,0.680000,0.670000,113.78,849.13
0x5f561c6b3949662b1cf40a3b1b09d675aa566129bc321ce743d839b03742bf8a,2026-08-02NDH24:30:00Z,1785681172888,1785681300000,0.330000,0.320000,0.680000,0.670000,38.49,965.67
0x5f561c6b3949662b1cf40a3b1b09d675aa566129bc321ce743d839b03742bf8a,2026-08-02NDH24:30:00Z,1785681173389,1785681300000,0.340000,0.330000,0.670000,0.660000,262.08,52.97
0x5f561c6b3949662b1cf40a3b1b09d675aa566129bc321ce743d839b03742bf8a,2026-08-02NDH24:30:00Z,1785681173889,1785681300000,0.340000,0.330000,0.670000,0.660000,198.46,45.5
0x5f561c6b3949662b1cf40a3b1b09d675aa566129bc321ce743d839b03742bf8a,2026-08-02NDH24:30:00Z,1785681174389,1785681300000,0.340000,0.330000,0.670000,0.660000,162.43,45.5
0x5f561c6b3949662b1cf40a3b1b09d675aa566129bc321ce743d839b03742bf8a,2026-08-02NDH24:30:00Z,1785681174889,1785681300000,0.350000,0.340000,0.660000,0.650000,82,416.46
0x5f561c6b3949662b1cf40a3b1b09d675aa566129bc321ce743d839b03742bf8a,2026-08-02NDH24:30:00Z,1785681175389,1785681300000,0.450000,0.440000,0.560000,0.550000,44.08,9.57
0x5f561c6b3949662b1cf40a3b1b09d675aa566129bc321ce743d839b03742bf8a,2026-08-02NDH24:30:00Z,1785681175889,1785681300000,0.460000,0.450000,0.550000,0.540000,20.12,232.4
0x5f561c6b3949662b1cf40a3b1b09d675aa566129bc321ce743d839b03742bf8a,2026-08-02NDH24:30:00Z,1785681176389,1785681300000,0.460000,0.450000,0.550000,0.540000,296.37,64.67
0x5f561c6b3949662b1cf40a3b1b09d675aa566129bc321ce743d839b03742bf8a,2026-08-02NDH24:30:00Z,1785681176890,1785681300000,0.450000,0.440000,0.560000,0.550000,268.45,57.85
0x5f561c6b3949662b1cf40a3b1b09d675aa566129bc321ce743d839b03742bf8a,2026-08-02NDH24:30:00Z,1785681177389,1785681300000,0.330000,0.320000,0.680000,0.670000,39,903.36
0x5f561c6b3949662b1cf40a3b1b09d675aa566129bc321ce743d839b03742bf8a,2026-08-02NDH24:30:00Z,1785681177890,1785681300000,0.380000,0.370000,0.630000,0.620000,11,349.35
0x5f561c6b3949662b1cf40a3b1b09d675aa566129bc321ce743d839b03742bf8a,2026-08-02NDH24:30:00Z,1785681178390,1785681300000,0.420000,0.410000,0.590000,0.580000,117.25,51.6
0x5f561c6b3949662b1cf40a3b1b09d675aa566129bc321ce743d839b03742bf8a,2026-08-02NDH24:30:00Z,1785681178888,1785681300000,0.410000,0.400000,0.600000,0.590000,231.66,8.71
0x5f561c6b3949662b1cf40a3b1b09d675aa566129bc321ce743d839b03742bf8a,2026-08-02NDH24:30:00Z,1785681179389,1785681300000,0.360000,0.350000,0.650000,0.640000,5,258.3
0x5f561c6b3949662b1cf40a3b1b09d675aa566129bc321ce743d839b03742bf8a,2026-08-02NDH24:30:00Z,1785681179889,1785681300000,0.390000,0.380000,0.620000,0.610000,110.39,5
0x5f561c6b3949662b1cf40a3b1b09d675aa566129bc321ce743d839b03742bf8a,2026-08-02NDH24:30:00Z,1785681180390,1785681300000,0.360000,0.350000,0.650000,0.640000,14,70.93
0x5f561c6b3949662b1cf40a3b1b09d675aa566129bc321ce743d839b03742bf8a,2026-08-02NDH24:30:00Z,1785681180890,1785681300000,0.370000,0.360000,0.640000,0.630000,429.77,11
0x5f561c6b3949662b1cf40a3b1b09d675aa566129bc321ce743d839b03742bf8a,2026-08-02NDH24:30:00Z,1785681181389,1785681300000,0.340000,0.330000,0.670000,0.660000,5,15
0x5f561c6b3949662b1cf40a3b1b09d675aa566129bc321ce743d839b03742bf8a,2026-08-02NDH24:30:00Z,1785681181890,1785681300000,0.340000,0.330000,0.670000,0.660000,2.05,7.53
0x5f561c6b3949662b1cf40a3b1b09d675aa566129bc321ce743d839b03742bf8a,2026-08-02NDH24:30:00Z,1785681182388,1785681300000,0.330000,0.320000,0.680000,0.670000,70,720.07
0x5f561c6b3949662b1cf40a3b1b09d675aa566129bc321ce743d839b03742bf8a,2026-08-02NDH24:30:00Z,1785681182888,1785681300000,0.330000,0.320000,0.680000,0.670000,15,673.1
0x5f561c6b3949662b1cf40a3b1b09d675aa566129bc321ce743d839b03742bf8a,2026-08-02NDH24:30:00Z,1785681183390,1785681300000,0.340000,0.330000,0.670000,0.660000,21.05,36.44
0x5f561c6b3949662b1cf40a3b1b09d675aa566129bc321ce743d839b03742bf8a,2026-08-02NDH24:30:00Z,1785681183889,1785681300000,0.340000,0.330000,0.670000,0.660000,21.05,23.44
0x5f561c6b3949662b1cf40a3b1b09d675aa566129bc321ce743d839b03742bf8a,2026-08-02NDH24:30:00Z,1785681184388,1785681300000,0.340000,0.330000,0.670000,0.660000,82.16,6.17
0x5f561c6b3949662b1cf40a3b1b09d675aa566129bc321ce743d839b03742bf8a,2026-08-02NDH24:30:00Z,1785681184889,1785681300000,0.340000,0.330000,0.670000,0.660000,171.73,6.69
0x5f561c6b3949662b1cf40a3b1b09d675aa566129bc321ce743d839b03742bf8a,2026-08-02NDH24:30:00Z,1785681185389,1785681300000,0.370000,0.360000,0.640000,0.630000,166,108.3
0x5f561c6b3949662b1cf40a3b1b09d675aa566129bc321ce743d839b03742bf8a,2026-08-02NDH24:30:00Z,1785681185889,1785681300000,0.360000,0.350000,0.650000,0.640000,246.61,3.46
0x5f561c6b3949662b1cf40a3b1b09d675aa566129bc321ce743d839b03742bf8a,2026-08-02NDH24:30:00Z,1785681186390,1785681300000,0.350000,0.340000,0.660000,0.650000,5,2133.46
0x5f561c6b3949662b1cf40a3b1b09d675aa566129bc321ce743d839b03742bf8a,2026-08-02NDH24:30:00Z,1785681186889,1785681300000,0.360000,0.350000,0.650000,0.640000,248.37,20
0x5f561c6b3949662b1cf40a3b1b09d675aa566129bc321ce743d839b03742bf8a,2026-08-02NDH24:30:00Z,1785681187388,1785681300000,0.360000,0.350000,0.650000,0.640000,270.43,8.46
0x5f561c6b3949662b1cf40a3b1b09d675aa566129bc321ce743d839b03742bf8a,2026-08-02NDH24:30:00Z,1785681187890,1785681300000,0.360000,0.350000,0.650000,0.640000,242.11,2.65
0x5f561c6b3949662b1cf40a3b1b09d675aa566129bc321ce743d839b03742bf8a,2026-08-02NDH24:30:00Z,1785681188388,1785681300000,0.350000,0.340000,0.660000,0.650000,45,1959.98
0x5f561c6b3949662b1cf40a3b1b09d675aa566129bc321ce743d839b03742bf8a,2026-08-02NDH24:30:00Z,1785681188889,1785681300000,0.350000,0.340000,0.660000,0.650000,10,1980.18
0x5f561c6b3949662b1cf40a3b1b09d675aa566129bc321ce743d839b03742bf8a,2026-08-02NDH24:30:00Z,1785681189389,1785681300000,0.350000,0.340000,0.660000,0.650000,80,1997.53
0x5f561c6b3949662b1cf40a3b1b09d675aa566129bc321ce743d839b03742bf8a,2026-08-02NDH24:30:00Z,1785681189889,1785681300000,0.350000,0.340000,0.660000,0.650000,80,2006.85
0x5f561c6b3949662b1cf40a3b1b09d675aa566129bc321ce743d839b03742bf8a,2026-08-02NDH24:30:00Z,1785681190390,1785681300000,0.350000,0.340000,0.660000,0.650000,80,2006.85
0x5f561c6b3949662b1cf40a3b1b09d675aa566129bc321ce743d839b03742bf8a,2026-08-02NDH24:30:00Z,1785681190889,1785681300000,0.350000,0.340000,0.660000,0.650000,124.91,1938.78
0x5f561c6b3949662b1cf40a3b1b09d675aa566129bc321ce743d839b03742bf8a,2026-08-02NDH24:30:00Z,1785681191388,1785681300000,0.350000,0.340000,0.660000,0.650000,80,2070.33
0x5f561c6b3949662b1cf40a3b1b09d675aa566129bc321ce743d839b03742bf8a,2026-08-02NDH24:30:00Z,1785681191889,1785681300000,0.350000,0.340000,0.660000,0.650000,15,2078.29
0x5f561c6b3949662b1cf40a3b1b09d675aa566129bc321ce743d839b03742bf8a,2026-08-02NDH24:30:00Z,1785681192389,1785681300000,0.360000,0.350000,0.650000,0.640000,4.1,521.89
0x5f561c6b3949662b1cf40a3b1b09d675aa566129bc321ce743d839b03742bf8a,2026-08-02NDH24:30:00Z,1785681192890,1785681300000,0.370000,0.360000,0.640000,0.630000,143.93,371.49
0x5f561c6b3949662b1cf40a3b1b09d675aa566129bc321ce743d839b03742bf8a,2026-08-02NDH24:30:00Z,1785681193388,1785681300000,0.370000,0.360000,0.640000,0.630000,134.55,204.86
0x5f561c6b3949662b1cf40a3b1b09d675aa566129bc321ce743d839b03742bf8a,2026-08-02NDH24:30:00Z,1785681193889,1785681300000,0.370000,0.360000,0.640000,0.630000,107.84,232.86
0x5f561c6b3949662b1cf40a3b1b09d675aa566129bc321ce743d839b03742bf8a,2026-08-02NDH24:30:00Z,1785681194390,1785681300000,0.370000,0.360000,0.640000,0.630000,103.08,197.05
0x5f561c6b3949662b1cf40a3b1b09d675aa566129bc321ce743d839b03742bf8a,2026-08-02NDH24:30:00Z,1785681194889,1785681300000,0.370000,0.360000,0.640000,0.630000,103.08,197.05
0x5f561c6b3949662b1cf40a3b1b09d675aa566129bc321ce743d839b03742bf8a,2026-08-02NDH24:30:00Z,1785681195389,1785681300000,0.370000,0.360000,0.640000,0.630000,98.43,197.05
0x5f561c6b3949662b1cf40a3b1b09d675aa566129bc321ce743d839b03742bf8a,2026-08-02NDH24:30:00Z,1785681195890,1785681300000,0.430000,0.420000,0.580000,0.570000,50.17,14
0x5f561c6b3949662b1cf40a3b1b09d675aa566129bc321ce743d839b03742bf8a,2026-08-02NDH24:30:00Z,1785681196388,1785681300000,0.430000,0.420000,0.580000,0.570000,81.17,63.42
0x5f561c6b3949662b1cf40a3b1b09d675aa566129bc321ce743d839b03742bf8a,2026-08-02NDH24:30:00Z,1785681196889,1785681300000,0.430000,0.420000,0.580000,0.570000,110.17,53.42
0x5f561c6b3949662b1cf40a3b1b09d675aa566129bc321ce743d839b03742bf8a,2026-08-02NDH24:30:00Z,1785681197388,1785681300000,0.420000,0.410000,0.590000,0.580000,253.17,58.6
0x5f561c6b3949662b1cf40a3b1b09d675aa566129bc321ce743d839b03742bf8a,2026-08-02NDH24:30:00Z,1785681197888,1785681300000,0.420000,0.410000,0.590000,0.580000,198.55,0.73
0x5f561c6b3949662b1cf40a3b1b09d675aa566129bc321ce743d839b03742bf8a,2026-08-02NDH24:30:00Z,1785681198389,1785681300000,0.420000,0.410000,0.590000,0.580000,187.96,129.74
0x5f561c6b3949662b1cf40a3b1b09d675aa566129bc321ce743d839b03742bf8a,2026-08-02NDH24:30:00Z,1785681198890,1785681300000,0.420000,0.410000,0.590000,0.580000,39.8,129.74
0x5f561c6b3949662b1cf40a3b1b09d675aa566129bc321ce743d839b03742bf8a,2026-08-02NDH24:30:00Z,1785681199388,1785681300000,0.430000,0.420000,0.580000,0.570000,110.17,105.79
0x5f561c6b3949662b1cf40a3b1b09d675aa566129bc321ce743d839b03742bf8a,2026-08-02NDH24:30:00Z,1785681199889,1785681300000,0.430000,0.420000,0.580000,0.570000,109.92,40.96
0x5f561c6b3949662b1cf40a3b1b09d675aa566129bc321ce743d839b03742bf8a,2026-08-02NDH24:30:00Z,1785681200389,1785681300000,0.430000,0.420000,0.580000,0.570000,131.34,37.33
0x5f561c6b3949662b1cf40a3b1b09d675aa566129bc321ce743d839b03742bf8a,2026-08-02NDH24:30:00Z,1785681200890,1785681300000,0.430000,0.420000,0.580000,0.570000,126.34,16.97
0x5f561c6b3949662b1cf40a3b1b09d675aa566129bc321ce743d839b03742bf8a,2026-08-02NDH24:30:00Z,1785681201389,1785681300000,0.430000,0.420000,0.580000,0.570000,126.34,6.61
0x5f561c6b3949662b1cf40a3b1b09d675aa566129bc321ce743d839b03742bf8a,2026-08-02NDH24:30:00Z,1785681201889,1785681300000,0.420000,0.410000,0.590000,0.580000,253.13,41.78
0x5f561c6b3949662b1cf40a3b1b09d675aa566129bc321ce743d839b03742bf8a,2026-08-02NDH24:30:00Z,1785681202388,1785681300000,0.420000,0.410000,0.590000,0.580000,256.13,41.78
0x5f561c6b3949662b1cf40a3b1b09d675aa566129bc321ce743d839b03742bf8a,2026-08-02NDH24:30:00Z,1785681202890,1785681300000,0.420000,0.410000,0.590000,0.580000,256.13,41.78
0x5f561c6b3949662b1cf40a3b1b09d675aa566129bc321ce743d839b03742bf8a,2026-08-02NDH24:30:00Z,1785681203390,1785681300000,0.410000,0.400000,0.600000,0.590000,204.37,5
0x5f561c6b3949662b1cf40a3b1b09d675aa566129bc321ce743d839b03742bf8a,2026-08-02NDH24:30:00Z,1785681203890,1785681300000,0.400000,0.390000,0.610000,0.600000,168.07,56.4
0x5f561c6b3949662b1cf40a3b1b09d675aa566129bc321ce743d839b03742bf8a,2026-08-02NDH24:30:00Z,1785681204390,1785681300000,0.400000,0.390000,0.610000,0.600000,140.58,0.97
0x5f561c6b3949662b1cf40a3b1b09d675aa566129bc321ce743d839b03742bf8a,2026-08-02NDH24:30:00Z,1785681204889,1785681300000,0.360000,0.350000,0.650000,0.640000,10,44.16
0x5f561c6b3949662b1cf40a3b1b09d675aa566129bc321ce743d839b03742bf8a,2026-08-02NDH24:30:00Z,1785681205389,1785681300000,0.350000,0.340000,0.660000,0.650000,44.84,1791.75
0x5f561c6b3949662b1cf40a3b1b09d675aa566129bc321ce743d839b03742bf8a,2026-08-02NDH24:30:00Z,1785681205889,1785681300000,0.350000,0.340000,0.660000,0.650000,17.14,1877.87
0x5f561c6b3949662b1cf40a3b1b09d675aa566129bc321ce743d839b03742bf8a,2026-08-02NDH24:30:00Z,1785681206390,1785681300000,0.360000,0.350000,0.650000,0.640000,227.47,59
0x5f561c6b3949662b1cf40a3b1b09d675aa566129bc321ce743d839b03742bf8a,2026-08-02NDH24:30:00Z,1785681206888,1785681300000,0.360000,0.350000,0.650000,0.640000,68,190.99
0x5f561c6b3949662b1cf40a3b1b09d675aa566129bc321ce743d839b03742bf8a,2026-08-02NDH24:30:00Z,1785681207389,1785681300000,0.360000,0.350000,0.650000,0.640000,32.04,99.25
0x5f561c6b3949662b1cf40a3b1b09d675aa566129bc321ce743d839b03742bf8a,2026-08-02NDH24:30:00Z,1785681207888,1785681300000,0.350000,0.340000,0.660000,0.650000,15,1807.54
0x5f561c6b3949662b1cf40a3b1b09d675aa566129bc321ce743d839b03742bf8a,2026-08-02NDH24:30:00Z,1785681208389,1785681300000,0.350000,0.340000,0.660000,0.650000,15,1796.39
0x5f561c6b3949662b1cf40a3b1b09d675aa566129bc321ce743d839b03742bf8a,2026-08-02NDH24:30:00Z,1785681208890,1785681300000,0.350000,0.340000,0.660000,0.650000,46.05,1780.26
0x5f561c6b3949662b1cf40a3b1b09d675aa566129bc321ce743d839b03742bf8a,2026-08-02NDH24:30:00Z,1785681209388,1785681300000,0.360000,0.350000,0.650000,0.640000,344.25,26.23
0x5f561c6b3949662b1cf40a3b1b09d675aa566129bc321ce743d839b03742bf8a,2026-08-02NDH24:30:00Z,1785681209889,1785681300000,0.360000,0.350000,0.650000,0.640000,425.79,6.23
0x5f561c6b3949662b1cf40a3b1b09d675aa566129bc321ce743d839b03742bf8a,2026-08-02NDH24:30:00Z,1785681210390,1785681300000,0.360000,0.350000,0.650000,0.640000,388.04,25
0x5f561c6b3949662b1cf40a3b1b09d675aa566129bc321ce743d839b03742bf8a,2026-08-02NDH24:30:00Z,1785681210889,1785681300000,0.350000,0.340000,0.660000,0.650000,10,1665.65
0x5f561c6b3949662b1cf40a3b1b09d675aa566129bc321ce743d839b03742bf8a,2026-08-02NDH24:30:00Z,1785681211390,1785681300000,0.350000,0.340000,0.660000,0.650000,10,1707.26
0x5f561c6b3949662b1cf40a3b1b09d675aa566129bc321ce743d839b03742bf8a,2026-08-02NDH24:30:00Z,1785681211889,1785681300000,0.370000,0.360000,0.640000,0.630000,83.64,28.31
0x5f561c6b3949662b1cf40a3b1b09d675aa566129bc321ce743d839b03742bf8a,2026-08-02NDH24:30:00Z,1785681212390,1785681300000,0.350000,0.340000,0.660000,0.650000,62.59,1512.55
0x5f561c6b3949662b1cf40a3b1b09d675aa566129bc321ce743d839b03742bf8a,2026-08-02NDH24:30:00Z,1785681212890,1785681300000,0.390000,0.380000,0.620000,0.610000,89,10
0x5f561c6b3949662b1cf40a3b1b09d675aa566129bc321ce743d839b03742bf8a,2026-08-02NDH24:30:00Z,1785681213389,1785681300000,0.380000,0.370000,0.630000,0.620000,198.38,5.59
0x5f561c6b3949662b1cf40a3b1b09d675aa566129bc321ce743d839b03742bf8a,2026-08-02NDH24:30:00Z,1785681213888,1785681300000,0.380000,0.370000,0.630000,0.620000,246.38,2.41
0x5f561c6b3949662b1cf40a3b1b09d675aa566129bc321ce743d839b03742bf8a,2026-08-02NDH24:30:00Z,1785681214390,1785681300000,0.370000,0.360000,0.640000,0.630000,245.8,11.92
0x5f561c6b3949662b1cf40a3b1b09d675aa566129bc321ce743d839b03742bf8a,2026-08-02NDH24:30:00Z,1785681214888,1785681300000,0.370000,0.360000,0.640000,0.630000,273.8,11.92
0x5f561c6b3949662b1cf40a3b1b09d675aa566129bc321ce743d839b03742bf8a,2026-08-02NDH24:30:00Z,1785681215389,1785681300000,0.360000,0.350000,0.650000,0.640000,264.89,67.26
0x5f561c6b3949662b1cf40a3b1b09d675aa566129bc321ce743d839b03742bf8a,2026-08-02NDH24:30:00Z,1785681215889,1785681300000,0.350000,0.340000,0.660000,0.650000,71.23,45
0x5f561c6b3949662b1cf40a3b1b09d675aa566129bc321ce743d839b03742bf8a,2026-08-02NDH24:30:00Z,1785681216389,1785681300000,0.350000,0.340000,0.660000,0.650000,58.37,47.8
0x5f561c6b3949662b1cf40a3b1b09d675aa566129bc321ce743d839b03742bf8a,2026-08-02NDH24:30:00Z,1785681216890,1785681300000,0.350000,0.340000,0.660000,0.650000,63.37,12.64
0x5f561c6b3949662b1cf40a3b1b09d675aa566129bc321ce743d839b03742bf8a,2026-08-02NDH24:30:00Z,1785681217389,1785681300000,0.350000,0.340000,0.660000,0.650000,28.22,12.64
0x5f561c6b3949662b1cf40a3b1b09d675aa566129bc321ce743d839b03742bf8a,2026-08-02NDH24:30:00Z,1785681217888,1785681300000,0.350000,0.340000,0.660000,0.650000,13.22,29.57
0x5f561c6b3949662b1cf40a3b1b09d675aa566129bc321ce743d839b03742bf8a,2026-08-02NDH24:30:00Z,1785681218390,1785681300000,0.330000,0.320000,0.680000,0.670000,5,779.19
0x5f561c6b3949662b1cf40a3b1b09d675aa566129bc321ce743d839b03742bf8a,2026-08-02NDH24:30:00Z,1785681218888,1785681300000,0.340000,0.330000,0.670000,0.660000,409.56,66.25
0x5f561c6b3949662b1cf40a3b1b09d675aa566129bc321ce743d839b03742bf8a,2026-08-02NDH24:30:00Z,1785681219390,1785681300000,0.340000,0.330000,0.670000,0.660000,387.06,56.25
0x5f561c6b3949662b1cf40a3b1b09d675aa566129bc321ce743d839b03742bf8a,2026-08-02NDH24:30:00Z,1785681219890,1785681300000,0.340000,0.330000,0.670000,0.660000,172.5,182
0x5f561c6b3949662b1cf40a3b1b09d675aa566129bc321ce743d839b03742bf8a,2026-08-02NDH24:30:00Z,1785681220389,1785681300000,0.340000,0.330000,0.670000,0.660000,165,150.87
0x5f561c6b3949662b1cf40a3b1b09d675aa566129bc321ce743d839b03742bf8a,2026-08-02NDH24:30:00Z,1785681220888,1785681300000,0.340000,0.330000,0.670000,0.660000,170,137.56
0x5f561c6b3949662b1cf40a3b1b09d675aa566129bc321ce743d839b03742bf8a,2026-08-02NDH24:30:00Z,1785681221389,1785681300000,0.330000,0.320000,0.680000,0.670000,109.61,534.44
0x5f561c6b3949662b1cf40a3b1b09d675aa566129bc321ce743d839b03742bf8a,2026-08-02NDH24:30:00Z,1785681221888,1785681300000,0.330000,0.320000,0.680000,0.670000,99.74,526.56
0x5f561c6b3949662b1cf40a3b1b09d675aa566129bc321ce743d839b03742bf8a,2026-08-02NDH24:30:00Z,1785681222389,1785681300000,0.330000,0.320000,0.680000,0.670000,89.74,389.12
0x5f561c6b3949662b1cf40a3b1b09d675aa566129bc321ce743d839b03742bf8a,2026-08-02NDH24:30:00Z,1785681222890,1785681300000,0.310000,0.300000,0.700000,0.690000,74.52,7.66
0x5f561c6b3949662b1cf40a3b1b09d675aa566129bc321ce743d839b03742bf8a,2026-08-02NDH24:30:00Z,1785681223390,1785681300000,0.320000,0.310000,0.690000,0.680000,69.4,1124.93
0x5f561c6b3949662b1cf40a3b1b09d675aa566129bc321ce743d839b03742bf8a,2026-08-02NDH24:30:00Z,1785681223890,1785681300000,0.390000,0.380000,0.620000,0.610000,38.32,616.4
0x5f561c6b3949662b1cf40a3b1b09d675aa566129bc321ce743d839b03742bf8a,2026-08-02NDH24:30:00Z,1785681224390,1785681300000,0.460000,0.450000,0.550000,0.540000,121.66,40.59
0x5f561c6b3949662b1cf40a3b1b09d675aa566129bc321ce743d839b03742bf8a,2026-08-02NDH24:30:00Z,1785681224888,1785681300000,0.460000,0.450000,0.550000,0.540000,135.72,36.96
0x5f561c6b3949662b1cf40a3b1b09d675aa566129bc321ce743d839b03742bf8a,2026-08-02NDH24:30:00Z,1785681225388,1785681300000,0.460000,0.450000,0.550000,0.540000,125.72,15.59
0x5f561c6b3949662b1cf40a3b1b09d675aa566129bc321ce743d839b03742bf8a,2026-08-02NDH24:30:00Z,1785681225888,1785681300000,0.450000,0.440000,0.560000,0.550000,205.91,120
0x5f561c6b3949662b1cf40a3b1b09d675aa566129bc321ce743d839b03742bf8a,2026-08-02NDH24:30:00Z,1785681226389,1785681300000,0.440000,0.430000,0.570000,0.560000,130,15
0x5f561c6b3949662b1cf40a3b1b09d675aa566129bc321ce743d839b03742bf8a,2026-08-02NDH24:30:00Z,1785681226889,1785681300000,0.430000,0.420000,0.580000,0.570000,52.15,27.58
0x5f561c6b3949662b1cf40a3b1b09d675aa566129bc321ce743d839b03742bf8a,2026-08-02NDH24:30:00Z,1785681227389,1785681300000,0.430000,0.420000,0.580000,0.570000,103.52,8.39
0x5f561c6b3949662b1cf40a3b1b09d675aa566129bc321ce743d839b03742bf8a,2026-08-02NDH24:30:00Z,1785681227889,1785681300000,0.530000,0.510000,0.490000,0.470000,40,15
0x5f561c6b3949662b1cf40a3b1b09d675aa566129bc321ce743d839b03742bf8a,2026-08-02NDH24:30:00Z,1785681228388,1785681300000,0.510000,0.500000,0.500000,0.490000,203.21,5.4
0x5f561c6b3949662b1cf40a3b1b09d675aa566129bc321ce743d839b03742bf8a,2026-08-02NDH24:30:00Z,1785681228889,1785681300000,0.500000,0.490000,0.510000,0.500000,193.48,8.37
0x5f561c6b3949662b1cf40a3b1b09d675aa566129bc321ce743d839b03742bf8a,2026-08-02NDH24:30:00Z,1785681229389,1785681300000,0.450000,0.440000,0.560000,0.550000,123.17,65
0x5f561c6b3949662b1cf40a3b1b09d675aa566129bc321ce743d839b03742bf8a,2026-08-02NDH24:30:00Z,1785681229890,1785681300000,0.450000,0.440000,0.560000,0.550000,10,296.09
0x5f561c6b3949662b1cf40a3b1b09d675aa566129bc321ce743d839b03742bf8a,2026-08-02NDH24:30:00Z,1785681230388,1785681300000,0.450000,0.440000,0.560000,0.550000,5,346.09
0x5f561c6b3949662b1cf40a3b1b09d675aa566129bc321ce743d839b03742bf8a,2026-08-02NDH24:30:00Z,1785681230890,1785681300000,0.450000,0.440000,0.560000,0.550000,21.02,5
0x5f561c6b3949662b1cf40a3b1b09d675aa566129bc321ce743d839b03742bf8a,2026-08-02NDH24:30:00Z,1785681231390,1785681300000,0.460000,0.450000,0.550000,0.540000,5,392.3
0x5f561c6b3949662b1cf40a3b1b09d675aa566129bc321ce743d839b03742bf8a,2026-08-02NDH24:30:00Z,1785681231889,1785681300000,0.510000,0.500000,0.500000,0.490000,36,164.71
0x5f561c6b3949662b1cf40a3b1b09d675aa566129bc321ce743d839b03742bf8a,2026-08-02NDH24:30:00Z,1785681232389,1785681300000,0.510000,0.500000,0.500000,0.490000,31,162.71
0x5f561c6b3949662b1cf40a3b1b09d675aa566129bc321ce743d839b03742bf8a,2026-08-02NDH24:30:00Z,1785681232888,1785681300000,0.520000,0.510000,0.490000,0.480000,355.45,28.83
0x5f561c6b3949662b1cf40a3b1b09d675aa566129bc321ce743d839b03742bf8a,2026-08-02NDH24:30:00Z,1785681233390,1785681300000,0.480000,0.470000,0.530000,0.520000,5,2096.74
0x5f561c6b3949662b1cf40a3b1b09d675aa566129bc321ce743d839b03742bf8a,2026-08-02NDH24:30:00Z,1785681233888,1785681300000,0.510000,0.500000,0.500000,0.490000,5,73.44
0x5f561c6b3949662b1cf40a3b1b09d675aa566129bc321ce743d839b03742bf8a,2026-08-02NDH24:30:00Z,1785681234390,1785681300000,0.540000,0.530000,0.470000,0.460000,389.48,15
0x5f561c6b3949662b1cf40a3b1b09d675aa566129bc321ce743d839b03742bf8a,2026-08-02NDH24:30:00Z,1785681234890,1785681300000,0.680000,0.670000,0.330000,0.320000,46.54,75.14
0x5f561c6b3949662b1cf40a3b1b09d675aa566129bc321ce743d839b03742bf8a,2026-08-02NDH24:30:00Z,1785681235388,1785681300000,0.670000,0.660000,0.340000,0.330000,15.01,21.98
0x5f561c6b3949662b1cf40a3b1b09d675aa566129bc321ce743d839b03742bf8a,2026-08-02NDH24:30:00Z,1785681235889,1785681300000,0.680000,0.660000,0.340000,0.320000,6.83,8.5
0x5f561c6b3949662b1cf40a3b1b09d675aa566129bc321ce743d839b03742bf8a,2026-08-02NDH24:30:00Z,1785681236390,1785681300000,0.710000,0.660000,0.340000,0.290000,20,31.25
0x5f561c6b3949662b1cf40a3b1b09d675aa566129bc321ce743d839b03742bf8a,2026-08-02NDH24:30:00Z,1785681236888,1785681300000,0.680000,0.670000,0.330000,0.320000,61.04,180.92
0x5f561c6b3949662b1cf40a3b1b09d675aa566129bc321ce743d839b03742bf8a,2026-08-02NDH24:30:00Z,1785681237390,1785681300000,0.670000,0.610000,0.390000,0.330000,50,43.6
0x5f561c6b3949662b1cf40a3b1b09d675aa566129bc321ce743d839b03742bf8a,2026-08-02NDH24:30:00Z,1785681237890,1785681300000,0.710000,0.700000,0.300000,0.290000,55.9,12.59
0x5f561c6b3949662b1cf40a3b1b09d675aa566129bc321ce743d839b03742bf8a,2026-08-02NDH24:30:00Z,1785681238390,1785681300000,0.670000,0.660000,0.340000,0.330000,9.4,57.69
0x5f561c6b3949662b1cf40a3b1b09d675aa566129bc321ce743d839b03742bf8a,2026-08-02NDH24:30:00Z,1785681238888,1785681300000,0.680000,0.670000,0.330000,0.320000,22.59,35.06
0x5f561c6b3949662b1cf40a3b1b09d675aa566129bc321ce743d839b03742bf8a,2026-08-02NDH24:30:00Z,1785681239389,1785681300000,0.670000,0.660000,0.340000,0.330000,11.03,107.8
0x5f561c6b3949662b1cf40a3b1b09d675aa566129bc321ce743d839b03742bf8a,2026-08-02NDH24:30:00Z,1785681239890,1785681300000,0.670000,0.660000,0.340000,0.330000,6.77,409.62
0x5f561c6b3949662b1cf40a3b1b09d675aa566129bc321ce743d839b03742bf8a,2026-08-02NDH24:30:00Z,1785681240388,1785681300000,0.720000,0.680000,0.320000,0.280000,29,72
0x5f561c6b3949662b1cf40a3b1b09d675aa566129bc321ce743d839b03742bf8a,2026-08-02NDH24:30:00Z,1785681240889,1785681300000,0.720000,0.710000,0.290000,0.280000,19.03,51.39
0x5f561c6b3949662b1cf40a3b1b09d675aa566129bc321ce743d839b03742bf8a,2026-08-02NDH24:30:00Z,1785681241390,1785681300000,0.750000,0.740000,0.260000,0.250000,299.89,3.15
0x5f561c6b3949662b1cf40a3b1b09d675aa566129bc321ce743d839b03742bf8a,2026-08-02NDH24:30:00Z,1785681241888,1785681300000,0.770000,0.760000,0.240000,0.230000,17.91,22.26
0x5f561c6b3949662b1cf40a3b1b09d675aa566129bc321ce743d839b03742bf8a,2026-08-02NDH24:30:00Z,1785681242390,1785681300000,0.740000,0.730000,0.270000,0.260000,34,11.6
0x5f561c6b3949662b1cf40a3b1b09d675aa566129bc321ce743d839b03742bf8a,2026-08-02NDH24:30:00Z,1785681242889,1785681300000,0.760000,0.750000,0.250000,0.240000,177.31,11.2
0x5f561c6b3949662b1cf40a3b1b09d675aa566129bc321ce743d839b03742bf8a,2026-08-02NDH24:30:00Z,1785681243390,1785681300000,0.700000,0.690000,0.310000,0.300000,40,28.26
0x5f561c6b3949662b1cf40a3b1b09d675aa566129bc321ce743d839b03742bf8a,2026-08-02NDH24:30:00Z,1785681243889,1785681300000,0.720000,0.710000,0.290000,0.280000,46.87,30
0x5f561c6b3949662b1cf40a3b1b09d675aa566129bc321ce743d839b03742bf8a,2026-08-02NDH24:30:00Z,1785681244389,1785681300000,0.710000,0.700000,0.300000,0.290000,10,484.37
0x5f561c6b3949662b1cf40a3b1b09d675aa566129bc321ce743d839b03742bf8a,2026-08-02NDH24:30:00Z,1785681244889,1785681300000,0.740000,0.730000,0.270000,0.260000,7.01,72.81
0x5f561c6b3949662b1cf40a3b1b09d675aa566129bc321ce743d839b03742bf8a,2026-08-02NDH24:30:00Z,1785681245390,1785681300000,0.700000,0.690000,0.310000,0.300000,76.56,25
0x5f561c6b3949662b1cf40a3b1b09d675aa566129bc321ce743d839b03742bf8a,2026-08-02NDH24:30:00Z,1785681245889,1785681300000,0.720000,0.710000,0.290000,0.280000,10,5
0x5f561c6b3949662b1cf40a3b1b09d675aa566129bc321ce743d839b03742bf8a,2026-08-02NDH24:30:00Z,1785681246390,1785681300000,0.700000,0.690000,0.310000,0.300000,34,94.92
0x5f561c6b3949662b1cf40a3b1b09d675aa566129bc321ce743d839b03742bf8a,2026-08-02NDH24:30:00Z,1785681246890,1785681300000,0.700000,0.690000,0.310000,0.300000,3.57,172.44
0x5f561c6b3949662b1cf40a3b1b09d675aa566129bc321ce743d839b03742bf8a,2026-08-02NDH24:30:00Z,1785681247389,1785681300000,0.760000,0.750000,0.250000,0.240000,29,22
0x5f561c6b3949662b1cf40a3b1b09d675aa566129bc321ce743d839b03742bf8a,2026-08-02NDH24:30:00Z,1785681247889,1785681300000,0.770000,0.760000,0.240000,0.230000,5,20
0x5f561c6b3949662b1cf40a3b1b09d675aa566129bc321ce743d839b03742bf8a,2026-08-02NDH24:30:00Z,1785681248389,1785681300000,0.760000,0.750000,0.250000,0.240000,42,47
0x5f561c6b3949662b1cf40a3b1b09d675aa566129bc321ce743d839b03742bf8a,2026-08-02NDH24:30:00Z,1785681248890,1785681300000,0.780000,0.770000,0.230000,0.220000,7.4,1.45
0x5f561c6b3949662b1cf40a3b1b09d675aa566129bc321ce743d839b03742bf8a,2026-08-02NDH24:30:00Z,1785681249388,1785681300000,0.790000,0.780000,0.220000,0.210000,141.11,10
0x5f561c6b3949662b1cf40a3b1b09d675aa566129bc321ce743d839b03742bf8a,2026-08-02NDH24:30:00Z,1785681249889,1785681300000,0.770000,0.760000,0.240000,0.230000,52.08,302.98
0x5f561c6b3949662b1cf40a3b1b09d675aa566129bc321ce743d839b03742bf8a,2026-08-02NDH24:30:00Z,1785681250390,1785681300000,0.750000,0.710000,0.290000,0.250000,5,5
0x5f561c6b3949662b1cf40a3b1b09d675aa566129bc321ce743d839b03742bf8a,2026-08-02NDH24:30:00Z,1785681250889,1785681300000,0.760000,0.750000,0.250000,0.240000,15.56,28
0x5f561c6b3949662b1cf40a3b1b09d675aa566129bc321ce743d839b03742bf8a,2026-08-02NDH24:30:00Z,1785681251389,1785681300000,0.780000,0.770000,0.230000,0.220000,70.23,26
0x5f561c6b3949662b1cf40a3b1b09d675aa566129bc321ce743d839b03742bf8a,2026-08-02NDH24:30:00Z,1785681251889,1785681300000,0.750000,0.740000,0.260000,0.250000,20,35
0x5f561c6b3949662b1cf40a3b1b09d675aa566129bc321ce743d839b03742bf8a,2026-08-02NDH24:30:00Z,1785681252390,1785681300000,0.790000,0.780000,0.220000,0.210000,297.15,10
0x5f561c6b3949662b1cf40a3b1b09d675aa566129bc321ce743d839b03742bf8a,2026-08-02NDH24:30:00Z,1785681252889,1785681300000,0.780000,0.770000,0.230000,0.220000,11.68,10
0x5f561c6b3949662b1cf40a3b1b09d675aa566129bc321ce743d839b03742bf8a,2026-08-02NDH24:30:00Z,1785681253390,1785681300000,0.780000,0.770000,0.230000,0.220000,35,9.1
0x5f561c6b3949662b1cf40a3b1b09d675aa566129bc321ce743d839b03742bf8a,2026-08-02NDH24:30:00Z,1785681253890,1785681300000,0.780000,0.760000,0.240000,0.220000,29,15.68
0x5f561c6b3949662b1cf40a3b1b09d675aa566129bc321ce743d839b03742bf8a,2026-08-02NDH24:30:00Z,1785681254388,1785681300000,0.770000,0.760000,0.240000,0.230000,13.7,81
0x5f561c6b3949662b1cf40a3b1b09d675aa566129bc321ce743d839b03742bf8a,2026-08-02NDH24:30:00Z,1785681254889,1785681300000,0.800000,0.790000,0.210000,0.200000,120.13,60
0x5f561c6b3949662b1cf40a3b1b09d675aa566129bc321ce743d839b03742bf8a,2026-08-02NDH24:30:00Z,1785681255389,1785681300000,0.800000,0.790000,0.210000,0.200000,368.18,159.87
0x5f561c6b3949662b1cf40a3b1b09d675aa566129bc321ce743d839b03742bf8a,2026-08-02NDH24:30:00Z,1785681255889,1785681300000,0.800000,0.790000,0.210000,0.200000,148.63,5
0x5f561c6b3949662b1cf40a3b1b09d675aa566129bc321ce743d839b03742bf8a,2026-08-02NDH24:30:00Z,1785681256390,1785681300000,0.800000,0.790000,0.210000,0.200000,63.86,30
0x5f561c6b3949662b1cf40a3b1b09d675aa566129bc321ce743d839b03742bf8a,2026-08-02NDH24:30:00Z,1785681256889,1785681300000,0.800000,0.790000,0.210000,0.200000,12.25,458.04
0x5f561c6b3949662b1cf40a3b1b09d675aa566129bc321ce743d839b03742bf8a,2026-08-02NDH24:30:00Z,1785681257389,1785681300000,0.800000,0.790000,0.210000,0.200000,11,418.89
0x5f561c6b3949662b1cf40a3b1b09d675aa566129bc321ce743d839b03742bf8a,2026-08-02NDH24:30:00Z,1785681257889,1785681300000,0.800000,0.790000,0.210000,0.200000,11,422.63
0x5f561c6b3949662b1cf40a3b1b09d675aa566129bc321ce743d839b03742bf8a,2026-08-02NDH24:30:00Z,1785681258390,1785681300000,0.820000,0.810000,0.190000,0.180000,92.93,78.12
0x5f561c6b3949662b1cf40a3b1b09d675aa566129bc321ce743d839b03742bf8a,2026-08-02NDH24:30:00Z,1785681258889,1785681300000,0.820000,0.810000,0.190000,0.180000,102,59.3
0x5f561c6b3949662b1cf40a3b1b09d675aa566129bc321ce743d839b03742bf8a,2026-08-02NDH24:30:00Z,1785681259389,1785681300000,0.800000,0.790000,0.210000,0.200000,26.25,12.48
0x5f561c6b3949662b1cf40a3b1b09d675aa566129bc321ce743d839b03742bf8a,2026-08-02NDH24:30:00Z,1785681259889,1785681300000,0.800000,0.790000,0.210000,0.200000,10,2.95
0x5f561c6b3949662b1cf40a3b1b09d675aa566129bc321ce743d839b03742bf8a,2026-08-02NDH24:30:00Z,1785681260389,1785681300000,0.800000,0.790000,0.210000,0.200000,70,43.6
0x5f561c6b3949662b1cf40a3b1b09d675aa566129bc321ce743d839b03742bf8a,2026-08-02NDH24:30:00Z,1785681260889,1785681300000,0.800000,0.790000,0.210000,0.200000,37.5,77.6
0x5f561c6b3949662b1cf40a3b1b09d675aa566129bc321ce743d839b03742bf8a,2026-08-02NDH24:30:00Z,1785681261390,1785681300000,0.860000,0.850000,0.150000,0.140000,23.49,23.52
0x5f561c6b3949662b1cf40a3b1b09d675aa566129bc321ce743d839b03742bf8a,2026-08-02NDH24:30:00Z,1785681261889,1785681300000,0.840000,0.830000,0.170000,0.160000,35.52,35
0x5f561c6b3949662b1cf40a3b1b09d675aa566129bc321ce743d839b03742bf8a,2026-08-02NDH24:30:00Z,1785681262389,1785681300000,0.840000,0.830000,0.170000,0.160000,24,128.12
0x5f561c6b3949662b1cf40a3b1b09d675aa566129bc321ce743d839b03742bf8a,2026-08-02NDH24:30:00Z,1785681262889,1785681300000,0.850000,0.840000,0.160000,0.150000,29,25.76
0x5f561c6b3949662b1cf40a3b1b09d675aa566129bc321ce743d839b03742bf8a,2026-08-02NDH24:30:00Z,1785681263390,1785681300000,0.850000,0.840000,0.160000,0.150000,11,7
0x5f561c6b3949662b1cf40a3b1b09d675aa566129bc321ce743d839b03742bf8a,2026-08-02NDH24:30:00Z,1785681263890,1785681300000,0.850000,0.840000,0.160000,0.150000,40,0.75
0x5f561c6b3949662b1cf40a3b1b09d675aa566129bc321ce743d839b03742bf8a,2026-08-02NDH24:30:00Z,1785681264390,1785681300000,0.860000,0.850000,0.150000,0.140000,220.11,5
0x5f561c6b3949662b1cf40a3b1b09d675aa566129bc321ce743d839b03742bf8a,2026-08-02NDH24:30:00Z,1785681264889,1785681300000,0.840000,0.830000,0.170000,0.160000,180,11.64
0x5f561c6b3949662b1cf40a3b1b09d675aa566129bc321ce743d839b03742bf8a,2026-08-02NDH24:30:00Z,1785681265389,1785681300000,0.780000,0.770000,0.230000,0.220000,179.37,255.29
0x5f561c6b3949662b1cf40a3b1b09d675aa566129bc321ce743d839b03742bf8a,2026-08-02NDH24:30:00Z,1785681265890,1785681300000,0.800000,0.790000,0.210000,0.200000,53,5
0x5f561c6b3949662b1cf40a3b1b09d675aa566129bc321ce743d839b03742bf8a,2026-08-02NDH24:30:00Z,1785681266390,1785681300000,0.800000,0.790000,0.210000,0.200000,5,231.42
0x5f561c6b3949662b1cf40a3b1b09d675aa566129bc321ce743d839b03742bf8a,2026-08-02NDH24:30:00Z,1785681266889,1785681300000,0.810000,0.790000,0.210000,0.190000,564.68,5.46
0x5f561c6b3949662b1cf40a3b1b09d675aa566129bc321ce743d839b03742bf8a,2026-08-02NDH24:30:00Z,1785681267389,1785681300000,0.800000,0.790000,0.210000,0.200000,8.75,1.97
0x5f561c6b3949662b1cf40a3b1b09d675aa566129bc321ce743d839b03742bf8a,2026-08-02NDH24:30:00Z,1785681267890,1785681300000,0.810000,0.800000,0.200000,0.190000,10,41.23
0x5f561c6b3949662b1cf40a3b1b09d675aa566129bc321ce743d839b03742bf8a,2026-08-02NDH24:30:00Z,1785681268389,1785681300000,0.840000,0.830000,0.170000,0.160000,0.87,41.25
0x5f561c6b3949662b1cf40a3b1b09d675aa566129bc321ce743d839b03742bf8a,2026-08-02NDH24:30:00Z,1785681268891,1785681300000,0.780000,0.770000,0.230000,0.220000,130.6,9.1
0x5f561c6b3949662b1cf40a3b1b09d675aa566129bc321ce743d839b03742bf8a,2026-08-02NDH24:30:00Z,1785681269388,1785681300000,0.780000,0.770000,0.230000,0.220000,120.6,408.89
0x5f561c6b3949662b1cf40a3b1b09d675aa566129bc321ce743d839b03742bf8a,2026-08-02NDH24:30:00Z,1785681269890,1785681300000,0.780000,0.770000,0.230000,0.220000,120.6,292.89
0x5f561c6b3949662b1cf40a3b1b09d675aa566129bc321ce743d839b03742bf8a,2026-08-02NDH24:30:00Z,1785681270389,1785681300000,0.780000,0.770000,0.230000,0.220000,120.6,378.89
0x5f561c6b3949662b1cf40a3b1b09d675aa566129bc321ce743d839b03742bf8a,2026-08-02NDH24:30:00Z,1785681270890,1785681300000,0.780000,0.770000,0.230000,0.220000,108.66,297.19
0x5f561c6b3949662b1cf40a3b1b09d675aa566129bc321ce743d839b03742bf8a,2026-08-02NDH24:30:00Z,1785681271390,1785681300000,0.780000,0.770000,0.230000,0.220000,80.72,373.19
0x5f561c6b3949662b1cf40a3b1b09d675aa566129bc321ce743d839b03742bf8a,2026-08-02NDH24:30:00Z,1785681271889,1785681300000,0.740000,0.730000,0.270000,0.260000,10,137.67
0x5f561c6b3949662b1cf40a3b1b09d675aa566129bc321ce743d839b03742bf8a,2026-08-02NDH24:30:00Z,1785681272389,1785681300000,0.750000,0.740000,0.260000,0.250000,48.38,63.59
0x5f561c6b3949662b1cf40a3b1b09d675aa566129bc321ce743d839b03742bf8a,2026-08-02NDH24:30:00Z,1785681272889,1785681300000,0.720000,0.710000,0.290000,0.280000,151.82,44.39
0x5f561c6b3949662b1cf40a3b1b09d675aa566129bc321ce743d839b03742bf8a,2026-08-02NDH24:30:00Z,1785681273390,1785681300000,0.720000,0.710000,0.290000,0.280000,150.43,40.94
0x5f561c6b3949662b1cf40a3b1b09d675aa566129bc321ce743d839b03742bf8a,2026-08-02NDH24:30:00Z,1785681273888,1785681300000,0.710000,0.700000,0.300000,0.290000,2.95,136.7
0x5f561c6b3949662b1cf40a3b1b09d675aa566129bc321ce743d839b03742bf8a,2026-08-02NDH24:30:00Z,1785681274389,1785681300000,0.730000,0.710000,0.290000,0.270000,5,45
0x5f561c6b3949662b1cf40a3b1b09d675aa566129bc321ce743d839b03742bf8a,2026-08-02NDH24:30:00Z,1785681274890,1785681300000,0.760000,0.750000,0.250000,0.240000,267.81,25.32
0x5f561c6b3949662b1cf40a3b1b09d675aa566129bc321ce743d839b03742bf8a,2026-08-02NDH24:30:00Z,1785681275389,1785681300000,0.720000,0.710000,0.290000,0.280000,5,104.9
0x5f561c6b3949662b1cf40a3b1b09d675aa566129bc321ce743d839b03742bf8a,2026-08-02NDH24:30:00Z,1785681275888,1785681300000,0.760000,0.750000,0.250000,0.240000,20,20
0x5f561c6b3949662b1cf40a3b1b09d675aa566129bc321ce743d839b03742bf8a,2026-08-02NDH24:30:00Z,1785681276389,1785681300000,0.760000,0.750000,0.250000,0.240000,70,90.34
0x5f561c6b3949662b1cf40a3b1b09d675aa566129bc321ce743d839b03742bf8a,2026-08-02NDH24:30:00Z,1785681276890,1785681300000,0.760000,0.750000,0.250000,0.240000,3.62,121.02
0x5f561c6b3949662b1cf40a3b1b09d675aa566129bc321ce743d839b03742bf8a,2026-08-02NDH24:30:00Z,1785681277389,1785681300000,0.780000,0.770000,0.230000,0.220000,39.87,93
0x5f561c6b3949662b1cf40a3b1b09d675aa566129bc321ce743d839b03742bf8a,2026-08-02NDH24:30:00Z,1785681277890,1785681300000,0.770000,0.760000,0.240000,0.230000,3.22,75
0x5f561c6b3949662b1cf40a3b1b09d675aa566129bc321ce743d839b03742bf8a,2026-08-02NDH24:30:00Z,1785681278390,1785681300000,0.750000,0.740000,0.260000,0.250000,140.72,15
0x5f561c6b3949662b1cf40a3b1b09d675aa566129bc321ce743d839b03742bf8a,2026-08-02NDH24:30:00Z,1785681278890,1785681300000,0.780000,0.770000,0.230000,0.220000,24.96,217.63
0x5f561c6b3949662b1cf40a3b1b09d675aa566129bc321ce743d839b03742bf8a,2026-08-02NDH24:30:00Z,1785681279389,1785681300000,0.750000,0.740000,0.260000,0.250000,5,17.84
0x5f561c6b3949662b1cf40a3b1b09d675aa566129bc321ce743d839b03742bf8a,2026-08-02NDH24:30:00Z,1785681279889,1785681300000,0.760000,0.750000,0.250000,0.240000,29,159.95
0x5f561c6b3949662b1cf40a3b1b09d675aa566129bc321ce743d839b03742bf8a,2026-08-02NDH24:30:00Z,1785681280390,1785681300000,0.780000,0.770000,0.230000,0.220000,3.58,25
0x5f561c6b3949662b1cf40a3b1b09d675aa566129bc321ce743d839b03742bf8a,2026-08-02NDH24:30:00Z,1785681280890,1785681300000,0.790000,0.780000,0.220000,0.210000,150.46,15.9
0x5f561c6b3949662b1cf40a3b1b09d675aa566129bc321ce743d839b03742bf8a,2026-08-02NDH24:30:00Z,1785681281389,1785681300000,0.780000,0.770000,0.230000,0.220000,83.12,63.68
0x5f561c6b3949662b1cf40a3b1b09d675aa566129bc321ce743d839b03742bf8a,2026-08-02NDH24:30:00Z,1785681281890,1785681300000,0.810000,0.800000,0.200000,0.190000,70.63,120
0x5f561c6b3949662b1cf40a3b1b09d675aa566129bc321ce743d839b03742bf8a,2026-08-02NDH24:30:00Z,1785681282388,1785681300000,0.800000,0.790000,0.210000,0.200000,5,6.68
0x5f561c6b3949662b1cf40a3b1b09d675aa566129bc321ce743d839b03742bf8a,2026-08-02NDH24:30:00Z,1785681282889,1785681300000,0.720000,0.710000,0.290000,0.280000,5,143.04
0x5f561c6b3949662b1cf40a3b1b09d675aa566129bc321ce743d839b03742bf8a,2026-08-02NDH24:30:00Z,1785681283390,1785681300000,0.790000,0.780000,0.220000,0.210000,47.61,109.37
0x5f561c6b3949662b1cf40a3b1b09d675aa566129bc321ce743d839b03742bf8a,2026-08-02NDH24:30:00Z,1785681283889,1785681300000,0.820000,0.810000,0.190000,0.180000,15.06,445.65
0x5f561c6b3949662b1cf40a3b1b09d675aa566129bc321ce743d839b03742bf8a,2026-08-02NDH24:30:00Z,1785681284390,1785681300000,0.820000,0.810000,0.190000,0.180000,13.84,286.11
0x5f561c6b3949662b1cf40a3b1b09d675aa566129bc321ce743d839b03742bf8a,2026-08-02NDH24:30:00Z,1785681284889,1785681300000,0.790000,0.770000,0.230000,0.210000,96.87,10
0x5f561c6b3949662b1cf40a3b1b09d675aa566129bc321ce743d839b03742bf8a,2026-08-02NDH24:30:00Z,1785681285390,1785681300000,0.790000,0.780000,0.220000,0.210000,5,15
0x5f561c6b3949662b1cf40a3b1b09d675aa566129bc321ce743d839b03742bf8a,2026-08-02NDH24:30:00Z,1785681285888,1785681300000,0.840000,0.830000,0.170000,0.160000,312.38,12
0x5f561c6b3949662b1cf40a3b1b09d675aa566129bc321ce743d839b03742bf8a,2026-08-02NDH24:30:00Z,1785681286389,1785681300000,0.810000,0.800000,0.200000,0.190000,10,436.69
0x5f561c6b3949662b1cf40a3b1b09d675aa566129bc321ce743d839b03742bf8a,2026-08-02NDH24:30:00Z,1785681286890,1785681300000,0.860000,0.850000,0.150000,0.140000,212.79,12
0x5f561c6b3949662b1cf40a3b1b09d675aa566129bc321ce743d839b03742bf8a,2026-08-02NDH24:30:00Z,1785681287389,1785681300000,0.810000,0.800000,0.200000,0.190000,3.26,119.29
0x5f561c6b3949662b1cf40a3b1b09d675aa566129bc321ce743d839b03742bf8a,2026-08-02NDH24:30:00Z,1785681287888,1785681300000,0.850000,0.800000,0.200000,0.150000,7,12.5
0x5f561c6b3949662b1cf40a3b1b09d675aa566129bc321ce743d839b03742bf8a,2026-08-02NDH24:30:00Z,1785681288389,1785681300000,0.800000,0.790000,0.210000,0.200000,4.13,27.33
0x5f561c6b3949662b1cf40a3b1b09d675aa566129bc321ce743d839b03742bf8a,2026-08-02NDH24:30:00Z,1785681288889,1785681300000,0.790000,0.780000,0.220000,0.210000,17.49,2.78
0x5f561c6b3949662b1cf40a3b1b09d675aa566129bc321ce743d839b03742bf8a,2026-08-02NDH24:30:00Z,1785681289389,1785681300000,0.740000,0.710000,0.290000,0.260000,5,20
0x5f561c6b3949662b1cf40a3b1b09d675aa566129bc321ce743d839b03742bf8a,2026-08-02NDH24:30:00Z,1785681289889,1785681300000,0.730000,0.710000,0.290000,0.270000,11,5.91
0x5f561c6b3949662b1cf40a3b1b09d675aa566129bc321ce743d839b03742bf8a,2026-08-02NDH24:30:00Z,1785681290389,1785681300000,0.740000,0.730000,0.270000,0.260000,5,15
0x5f561c6b3949662b1cf40a3b1b09d675aa566129bc321ce743d839b03742bf8a,2026-08-02NDH24:30:00Z,1785681290890,1785681300000,0.780000,0.760000,0.240000,0.220000,20,15
0x5f561c6b3949662b1cf40a3b1b09d675aa566129bc321ce743d839b03742bf8a,2026-08-02NDH24:30:00Z,1785681291389,1785681300000,0.780000,0.750000,0.250000,0.220000,19.82,55
0x5f561c6b3949662b1cf40a3b1b09d675aa566129bc321ce743d839b03742bf8a,2026-08-02NDH24:30:00Z,1785681291889,1785681300000,0.800000,0.790000,0.210000,0.200000,105,5
0x5f561c6b3949662b1cf40a3b1b09d675aa566129bc321ce743d839b03742bf8a,2026-08-02NDH24:30:00Z,1785681292389,1785681300000,0.800000,0.790000,0.210000,0.200000,24.45,15
0x5f561c6b3949662b1cf40a3b1b09d675aa566129bc321ce743d839b03742bf8a,2026-08-02NDH24:30:00Z,1785681292890,1785681300000,0.820000,0.810000,0.190000,0.180000,39.53,14.73
0x5f561c6b3949662b1cf40a3b1b09d675aa566129bc321ce743d839b03742bf8a,2026-08-02NDH24:30:00Z,1785681293389,1785681300000,0.780000,0.770000,0.230000,0.220000,18.33,12
0x5f561c6b3949662b1cf40a3b1b09d675aa566129bc321ce743d839b03742bf8a,2026-08-02NDH24:30:00Z,1785681293889,1785681300000,0.800000,0.750000,0.250000,0.200000,5,12
0x5f561c6b3949662b1cf40a3b1b09d675aa566129bc321ce743d839b03742bf8a,2026-08-02NDH24:30:00Z,1785681294390,1785681300000,0.810000,0.800000,0.200000,0.190000,10.54,11.75
0x5f561c6b3949662b1cf40a3b1b09d675aa566129bc321ce743d839b03742bf8a,2026-08-02NDH24:30:00Z,1785681294888,1785681300000,0.830000,0.800000,0.200000,0.170000,16.21,6.39
0x5f561c6b3949662b1cf40a3b1b09d675aa566129bc321ce743d839b03742bf8a,2026-08-02NDH24:30:00Z,1785681295389,1785681300000,0.810000,0.800000,0.200000,0.190000,5.46,0.76
0x5f561c6b3949662b1cf40a3b1b09d675aa566129bc321ce743d839b03742bf8a,2026-08-02NDH24:30:00Z,1785681295890,1785681300000,0.790000,0.780000,0.220000,0.210000,6,531.63
0x5f561c6b3949662b1cf40a3b1b09d675aa566129bc321ce743d839b03742bf8a,2026-08-02NDH24:30:00Z,1785681296389,1785681300000,0.790000,0.780000,0.220000,0.210000,21,430.71
0x5f561c6b3949662b1cf40a3b1b09d675aa566129bc321ce743d839b03742bf8a,2026-08-02NDH24:30:00Z,1785681296889,1785681300000,0.790000,0.780000,0.220000,0.210000,5.85,329.44
0x5f561c6b3949662b1cf40a3b1b09d675aa566129bc321ce743d839b03742bf8a,2026-08-02NDH24:30:00Z,1785681297388,1785681300000,0.800000,0.790000,0.210000,0.200000,1518.79,20.22
0x5f561c6b3949662b1cf40a3b1b09d675aa566129bc321ce743d839b03742bf8a,2026-08-02NDH24:30:00Z,1785681297889,1785681300000,0.800000,0.790000,0.210000,0.200000,1276.8,19.07
0x5f561c6b3949662b1cf40a3b1b09d675aa566129bc321ce743d839b03742bf8a,2026-08-02NDH24:30:00Z,1785681298389,1785681300000,0.800000,0.790000,0.210000,0.200000,949.89,192.18
0x5f561c6b3949662b1cf40a3b1b09d675aa566129bc321ce743d839b03742bf8a,2026-08-02NDH24:30:00Z,1785681298889,1785681300000,0.800000,0.790000,0.210000,0.200000,216.62,252.04
0x5f561c6b3949662b1cf40a3b1b09d675aa566129bc321ce743d839b03742bf8a,2026-08-02NDH24:30:00Z,1785681299389,1785681300000,0.800000,0.790000,0.210000,0.200000,15.67,286.84
0x5f561c6b3949662b1cf40a3b1b09d675aa566129bc321ce743d839b03742bf8a,2026-08-02NDH24:30:00Z,1785681299889,1785681300000,0.950000,0.930000,0.070000,0.050000,1,5.91
0xd667d3a8a6a565605982a0d319ae5204d390b585ec2a95d7e62bb8520cb3b877,2026-08-02NDH24:45:00Z,1785681900392,1785682200000,,,,,,
0xd667d3a8a6a565605982a0d319ae5204d390b585ec2a95d7e62bb8520cb3b877,2026-08-02NDH24:45:00Z,1785681900890,1785682200000,0.460000,0.450000,0.550000,0.540000,240,265.44
0xd667d3a8a6a565605982a0d319ae5204d390b585ec2a95d7e62bb8520cb3b877,2026-08-02NDH24:45:00Z,1785681901390,1785682200000,0.460000,0.450000,0.550000,0.540000,17.82,277.1
0xd667d3a8a6a565605982a0d319ae5204d390b585ec2a95d7e62bb8520cb3b877,2026-08-02NDH24:45:00Z,1785681901891,1785682200000,0.480000,0.470000,0.530000,0.520000,355.75,367.18
0xd667d3a8a6a565605982a0d319ae5204d390b585ec2a95d7e62bb8520cb3b877,2026-08-02NDH24:45:00Z,1785681902390,1785682200000,0.470000,0.460000,0.540000,0.530000,377.39,20.92
0xd667d3a8a6a565605982a0d319ae5204d390b585ec2a95d7e62bb8520cb3b877,2026-08-02NDH24:45:00Z,1785681902891,1785682200000,0.470000,0.460000,0.540000,0.530000,359.37,7.4
0xd667d3a8a6a565605982a0d319ae5204d390b585ec2a95d7e62bb8520cb3b877,2026-08-02NDH24:45:00Z,1785681903390,1785682200000,0.470000,0.460000,0.540000,0.530000,359.37,15
0xd667d3a8a6a565605982a0d319ae5204d390b585ec2a95d7e62bb8520cb3b877,2026-08-02NDH24:45:00Z,1785681903890,1785682200000,0.430000,0.420000,0.580000,0.570000,207.12,551.59
0xd667d3a8a6a565605982a0d319ae5204d390b585ec2a95d7e62bb8520cb3b877,2026-08-02NDH24:45:00Z,1785681904391,1785682200000,0.450000,0.440000,0.560000,0.550000,15,202.73
0xd667d3a8a6a565605982a0d319ae5204d390b585ec2a95d7e62bb8520cb3b877,2026-08-02NDH24:45:00Z,1785681904890,1785682200000,0.450000,0.440000,0.560000,0.550000,7.77,295.48
0xd667d3a8a6a565605982a0d319ae5204d390b585ec2a95d7e62bb8520cb3b877,2026-08-02NDH24:45:00Z,1785681905390,1785682200000,0.460000,0.450000,0.550000,0.540000,200.15,429.48
0xd667d3a8a6a565605982a0d319ae5204d390b585ec2a95d7e62bb8520cb3b877,2026-08-02NDH24:45:00Z,1785681905890,1785682200000,0.460000,0.450000,0.550000,0.540000,201.88,110.29
0xd667d3a8a6a565605982a0d319ae5204d390b585ec2a95d7e62bb8520cb3b877,2026-08-02NDH24:45:00Z,1785681906390,1785682200000,0.460000,0.450000,0.550000,0.540000,101.74,681.78
0xd667d3a8a6a565605982a0d319ae5204d390b585ec2a95d7e62bb8520cb3b877,2026-08-02NDH24:45:00Z,1785681906890,1785682200000,0.460000,0.450000,0.550000,0.540000,94.56,725.6
0xd667d3a8a6a565605982a0d319ae5204d390b585ec2a95d7e62bb8520cb3b877,2026-08-02NDH24:45:00Z,1785681907391,1785682200000,0.460000,0.450000,0.550000,0.540000,238.47,100
0xd667d3a8a6a565605982a0d319ae5204d390b585ec2a95d7e62bb8520cb3b877,2026-08-02NDH24:45:00Z,1785681907890,1785682200000,0.460000,0.450000,0.550000,0.540000,27.69,407.92
0xd667d3a8a6a565605982a0d319ae5204d390b585ec2a95d7e62bb8520cb3b877,2026-08-02NDH24:45:00Z,1785681908390,1785682200000,0.460000,0.450000,0.550000,0.540000,12.69,430.1
0xd667d3a8a6a565605982a0d319ae5204d390b585ec2a95d7e62bb8520cb3b877,2026-08-02NDH24:45:00Z,1785681908891,1785682200000,0.460000,0.450000,0.550000,0.540000,13.33,370.2
0xd667d3a8a6a565605982a0d319ae5204d390b585ec2a95d7e62bb8520cb3b877,2026-08-02NDH24:45:00Z,1785681909390,1785682200000,0.480000,0.470000,0.530000,0.520000,258.35,54.65
0xd667d3a8a6a565605982a0d319ae5204d390b585ec2a95d7e62bb8520cb3b877,2026-08-02NDH24:45:00Z,1785681909890,1785682200000,0.480000,0.470000,0.530000,0.520000,273.35,46.42
0xd667d3a8a6a565605982a0d319ae5204d390b585ec2a95d7e62bb8520cb3b877,2026-08-02NDH24:45:00Z,1785681910391,1785682200000,0.480000,0.470000,0.530000,0.520000,248.11,183.11
0xd667d3a8a6a565605982a0d319ae5204d390b585ec2a95d7e62bb8520cb3b877,2026-08-02NDH24:45:00Z,1785681910890,1785682200000,0.480000,0.470000,0.530000,0.520000,239.11,178.11
0xd667d3a8a6a565605982a0d319ae5204d390b585ec2a95d7e62bb8520cb3b877,2026-08-02NDH24:45:00Z,1785681911390,1785682200000,0.480000,0.470000,0.530000,0.520000,198.69,183.11
0xd667d3a8a6a565605982a0d319ae5204d390b585ec2a95d7e62bb8520cb3b877,2026-08-02NDH24:45:00Z,1785681911890,1785682200000,0.480000,0.470000,0.530000,0.520000,195.68,171.83
0xd667d3a8a6a565605982a0d319ae5204d390b585ec2a95d7e62bb8520cb3b877,2026-08-02NDH24:45:00Z,1785681912390,1785682200000,0.480000,0.470000,0.530000,0.520000,195.68,174.51
0xd667d3a8a6a565605982a0d319ae5204d390b585ec2a95d7e62bb8520cb3b877,2026-08-02NDH24:45:00Z,1785681912889,1785682200000,0.460000,0.450000,0.550000,0.540000,105,281.24
0xd667d3a8a6a565605982a0d319ae5204d390b585ec2a95d7e62bb8520cb3b877,2026-08-02NDH24:45:00Z,1785681913391,1785682200000,0.460000,0.450000,0.550000,0.540000,311.78,349.1
0xd667d3a8a6a565605982a0d319ae5204d390b585ec2a95d7e62bb8520cb3b877,2026-08-02NDH24:45:00Z,1785681913890,1785682200000,0.460000,0.450000,0.550000,0.540000,167.4,411.37
0xd667d3a8a6a565605982a0d319ae5204d390b585ec2a95d7e62bb8520cb3b877,2026-08-02NDH24:45:00Z,1785681914390,1785682200000,0.460000,0.450000,0.550000,0.540000,162.4,385.66
0xd667d3a8a6a565605982a0d319ae5204d390b585ec2a95d7e62bb8520cb3b877,2026-08-02NDH24:45:00Z,1785681914890,1785682200000,0.470000,0.460000,0.540000,0.530000,34.23,159.38
0xd667d3a8a6a565605982a0d319ae5204d390b585ec2a95d7e62bb8520cb3b877,2026-08-02NDH24:45:00Z,1785681915390,1785682200000,0.480000,0.470000,0.530000,0.520000,156.46,866.17
0xd667d3a8a6a565605982a0d319ae5204d390b585ec2a95d7e62bb8520cb3b877,2026-08-02NDH24:45:00Z,1785681915897,1785682200000,0.510000,0.500000,0.500000,0.490000,40,407.7
0xd667d3a8a6a565605982a0d319ae5204d390b585ec2a95d7e62bb8520cb3b877,2026-08-02NDH24:45:00Z,1785681916390,1785682200000,0.520000,0.510000,0.490000,0.480000,473.28,15.64
0xd667d3a8a6a565605982a0d319ae5204d390b585ec2a95d7e62bb8520cb3b877,2026-08-02NDH24:45:00Z,1785681916890,1785682200000,0.500000,0.470000,0.530000,0.500000,12.49,27.8
0xd667d3a8a6a565605982a0d319ae5204d390b585ec2a95d7e62bb8520cb3b877,2026-08-02NDH24:45:00Z,1785681917391,1785682200000,0.490000,0.480000,0.520000,0.510000,152.88,27
0xd667d3a8a6a565605982a0d319ae5204d390b585ec2a95d7e62bb8520cb3b877,2026-08-02NDH24:45:00Z,1785681917890,1785682200000,0.460000,0.450000,0.550000,0.540000,42.09,527.04
0xd667d3a8a6a565605982a0d319ae5204d390b585ec2a95d7e62bb8520cb3b877,2026-08-02NDH24:45:00Z,1785681918390,1785682200000,0.470000,0.460000,0.540000,0.530000,28.22,369.23
0xd667d3a8a6a565605982a0d319ae5204d390b585ec2a95d7e62bb8520cb3b877,2026-08-02NDH24:45:00Z,1785681918891,1785682200000,0.470000,0.460000,0.540000,0.530000,7.74,367.91
0xd667d3a8a6a565605982a0d319ae5204d390b585ec2a95d7e62bb8520cb3b877,2026-08-02NDH24:45:00Z,1785681919389,1785682200000,0.470000,0.460000,0.540000,0.530000,7.74,379.79
0xd667d3a8a6a565605982a0d319ae5204d390b585ec2a95d7e62bb8520cb3b877,2026-08-02NDH24:45:00Z,1785681919890,1785682200000,0.470000,0.460000,0.540000,0.530000,18.61,366.04
0xd667d3a8a6a565605982a0d319ae5204d390b585ec2a95d7e62bb8520cb3b877,2026-08-02NDH24:45:00Z,1785681920391,1785682200000,0.430000,0.420000,0.580000,0.570000,259.37,30.99
0xd667d3a8a6a565605982a0d319ae5204d390b585ec2a95d7e62bb8520cb3b877,2026-08-02NDH24:45:00Z,1785681920889,1785682200000,0.420000,0.410000,0.590000,0.580000,527.67,53.05
0xd667d3a8a6a565605982a0d319ae5204d390b585ec2a95d7e62bb8520cb3b877,2026-08-02NDH24:45:00Z,1785681921390,1785682200000,0.420000,0.410000,0.590000,0.580000,585.47,53.05
0xd667d3a8a6a565605982a0d319ae5204d390b585ec2a95d7e62bb8520cb3b877,2026-08-02NDH24:45:00Z,1785681921889,1785682200000,0.410000,0.400000,0.600000,0.590000,157.52,316.07
0xd667d3a8a6a565605982a0d319ae5204d390b585ec2a95d7e62bb8520cb3b877,2026-08-02NDH24:45:00Z,1785681922390,1785682200000,0.450000,0.440000,0.560000,0.550000,123,204.99
0xd667d3a8a6a565605982a0d319ae5204d390b585ec2a95d7e62bb8520cb3b877,2026-08-02NDH24:45:00Z,1785681922891,1785682200000,0.450000,0.440000,0.560000,0.550000,75.08,64.44
0xd667d3a8a6a565605982a0d319ae5204d390b585ec2a95d7e62bb8520cb3b877,2026-08-02NDH24:45:00Z,1785681923389,1785682200000,0.460000,0.450000,0.550000,0.540000,193.4,15.11
0xd667d3a8a6a565605982a0d319ae5204d390b585ec2a95d7e62bb8520cb3b877,2026-08-02NDH24:45:00Z,1785681923891,1785682200000,0.460000,0.450000,0.550000,0.540000,199.61,10.11
0xd667d3a8a6a565605982a0d319ae5204d390b585ec2a95d7e62bb8520cb3b877,2026-08-02NDH24:45:00Z,1785681924389,1785682200000,0.460000,0.450000,0.550000,0.540000,331.95,5.11
0xd667d3a8a6a565605982a0d319ae5204d390b585ec2a95d7e62bb8520cb3b877,2026-08-02NDH24:45:00Z,1785681924890,1785682200000,0.460000,0.450000,0.550000,0.540000,321.25,5.11
0xd667d3a8a6a565605982a0d319ae5204d390b585ec2a95d7e62bb8520cb3b877,2026-08-02NDH24:45:00Z,1785681925389,1785682200000,0.460000,0.450000,0.550000,0.540000,149.06,70.23
0xd667d3a8a6a565605982a0d319ae5204d390b585ec2a95d7e62bb8520cb3b877,2026-08-02NDH24:45:00Z,1785681925891,1785682200000,0.460000,0.450000,0.550000,0.540000,182.78,61.13
0xd667d3a8a6a565605982a0d319ae5204d390b585ec2a95d7e62bb8520cb3b877,2026-08-02NDH24:45:00Z,1785681926389,1785682200000,0.460000,0.450000,0.550000,0.540000,194.99,45.67
0xd667d3a8a6a565605982a0d319ae5204d390b585ec2a95d7e62bb8520cb3b877,2026-08-02NDH24:45:00Z,1785681926890,1785682200000,0.450000,0.440000,0.560000,0.550000,473.26,13.21
0xd667d3a8a6a565605982a0d319ae5204d390b585ec2a95d7e62bb8520cb3b877,2026-08-02NDH24:45:00Z,1785681927391,1785682200000,0.450000,0.440000,0.560000,0.550000,411.35,11.42
0xd667d3a8a6a565605982a0d319ae5204d390b585ec2a95d7e62bb8520cb3b877,2026-08-02NDH24:45:00Z,1785681927890,1785682200000,0.450000,0.440000,0.560000,0.550000,316.63,7.84
0xd667d3a8a6a565605982a0d319ae5204d390b585ec2a95d7e62bb8520cb3b877,2026-08-02NDH24:45:00Z,1785681928389,1785682200000,0.450000,0.440000,0.560000,0.550000,296.65,33.48
0xd667d3a8a6a565605982a0d319ae5204d390b585ec2a95d7e62bb8520cb3b877,2026-08-02NDH24:45:00Z,1785681928890,1785682200000,0.440000,0.430000,0.570000,0.560000,357.41,54.3
0xd667d3a8a6a565605982a0d319ae5204d390b585ec2a95d7e62bb8520cb3b877,2026-08-02NDH24:45:00Z,1785681929391,1785682200000,0.440000,0.430000,0.570000,0.560000,42.4,248.16
0xd667d3a8a6a565605982a0d319ae5204d390b585ec2a95d7e62bb8520cb3b877,2026-08-02NDH24:45:00Z,1785681929890,1785682200000,0.450000,0.440000,0.560000,0.550000,18.41,302.38
0xd667d3a8a6a565605982a0d319ae5204d390b585ec2a95d7e62bb8520cb3b877,2026-08-02NDH24:45:00Z,1785681930391,1785682200000,0.470000,0.460000,0.540000,0.530000,62.94,107.05
0xd667d3a8a6a565605982a0d319ae5204d390b585ec2a95d7e62bb8520cb3b877,2026-08-02NDH24:45:00Z,1785681930889,1785682200000,0.470000,0.460000,0.540000,0.530000,27.94,244.22
0xd667d3a8a6a565605982a0d319ae5204d390b585ec2a95d7e62bb8520cb3b877,2026-08-02NDH24:45:00Z,1785681931391,1785682200000,0.470000,0.460000,0.540000,0.530000,27.94,253.22
0xd667d3a8a6a565605982a0d319ae5204d390b585ec2a95d7e62bb8520cb3b877,2026-08-02NDH24:45:00Z,1785681931889,1785682200000,0.470000,0.460000,0.540000,0.530000,6,265.36
0xd667d3a8a6a565605982a0d319ae5204d390b585ec2a95d7e62bb8520cb3b877,2026-08-02NDH24:45:00Z,1785681932389,1785682200000,0.480000,0.470000,0.530000,0.520000,69.38,239.37
0xd667d3a8a6a565605982a0d319ae5204d390b585ec2a95d7e62bb8520cb3b877,2026-08-02NDH24:45:00Z,1785681932891,1785682200000,0.480000,0.470000,0.530000,0.520000,74.38,234.37
0xd667d3a8a6a565605982a0d319ae5204d390b585ec2a95d7e62bb8520cb3b877,2026-08-02NDH24:45:00Z,1785681933389,1785682200000,0.480000,0.470000,0.530000,0.520000,67.02,238.37
0xd667d3a8a6a565605982a0d319ae5204d390b585ec2a95d7e62bb8520cb3b877,2026-08-02NDH24:45:00Z,1785681933890,1785682200000,0.480000,0.470000,0.530000,0.520000,55.76,134.37
0xd667d3a8a6a565605982a0d319ae5204d390b585ec2a95d7e62bb8520cb3b877,2026-08-02NDH24:45:00Z,1785681934390,1785682200000,0.450000,0.440000,0.560000,0.550000,249.36,18.6
0xd667d3a8a6a565605982a0d319ae5204d390b585ec2a95d7e62bb8520cb3b877,2026-08-02NDH24:45:00Z,1785681934890,1785682200000,0.420000,0.410000,0.590000,0.580000,10,129.99
0xd667d3a8a6a565605982a0d319ae5204d390b585ec2a95d7e62bb8520cb3b877,2026-08-02NDH24:45:00Z,1785681935391,1785682200000,0.410000,0.390000,0.610000,0.590000,523.84,28.44
0xd667d3a8a6a565605982a0d319ae5204d390b585ec2a95d7e62bb8520cb3b877,2026-08-02NDH24:45:00Z,1785681935890,1785682200000,0.390000,0.380000,0.620000,0.610000,40,69.08
0xd667d3a8a6a565605982a0d319ae5204d390b585ec2a95d7e62bb8520cb3b877,2026-08-02NDH24:45:00Z,1785681936389,1785682200000,0.400000,0.390000,0.610000,0.600000,5,466.98
0xd667d3a8a6a565605982a0d319ae5204d390b585ec2a95d7e62bb8520cb3b877,2026-08-02NDH24:45:00Z,1785681936891,1785682200000,0.410000,0.400000,0.600000,0.590000,133.95,253.11
0xd667d3a8a6a565605982a0d319ae5204d390b585ec2a95d7e62bb8520cb3b877,2026-08-02NDH24:45:00Z,1785681937390,1785682200000,0.410000,0.400000,0.600000,0.590000,138.95,243.11
0xd667d3a8a6a565605982a0d319ae5204d390b585ec2a95d7e62bb8520cb3b877,2026-08-02NDH24:45:00Z,1785681937890,1785682200000,0.380000,0.370000,0.630000,0.620000,326.37,46.97
0xd667d3a8a6a565605982a0d319ae5204d390b585ec2a95d7e62bb8520cb3b877,2026-08-02NDH24:45:00Z,1785681938390,1785682200000,0.380000,0.370000,0.630000,0.620000,197.12,102.16
0xd667d3a8a6a565605982a0d319ae5204d390b585ec2a95d7e62bb8520cb3b877,2026-08-02NDH24:45:00Z,1785681938889,1785682200000,0.380000,0.370000,0.630000,0.620000,262.12,92.87
0xd667d3a8a6a565605982a0d319ae5204d390b585ec2a95d7e62bb8520cb3b877,2026-08-02NDH24:45:00Z,1785681939390,1785682200000,0.440000,0.430000,0.570000,0.560000,25.99,359.62
0xd667d3a8a6a565605982a0d319ae5204d390b585ec2a95d7e62bb8520cb3b877,2026-08-02NDH24:45:00Z,1785681939890,1785682200000,0.420000,0.410000,0.590000,0.580000,61.83,55.61
0xd667d3a8a6a565605982a0d319ae5204d390b585ec2a95d7e62bb8520cb3b877,2026-08-02NDH24:45:00Z,1785681940390,1785682200000,0.420000,0.410000,0.590000,0.580000,113.07,29.61
0xd667d3a8a6a565605982a0d319ae5204d390b585ec2a95d7e62bb8520cb3b877,2026-08-02NDH24:45:00Z,1785681940891,1785682200000,0.380000,0.370000,0.630000,0.620000,31.25,438.62
0xd667d3a8a6a565605982a0d319ae5204d390b585ec2a95d7e62bb8520cb3b877,2026-08-02NDH24:45:00Z,1785681941391,1785682200000,0.440000,0.430000,0.570000,0.560000,458.37,14.61
0xd667d3a8a6a565605982a0d319ae5204d390b585ec2a95d7e62bb8520cb3b877,2026-08-02NDH24:45:00Z,1785681941890,1785682200000,0.430000,0.420000,0.580000,0.570000,20.26,314.81
0xd667d3a8a6a565605982a0d319ae5204d390b585ec2a95d7e62bb8520cb3b877,2026-08-02NDH24:45:00Z,1785681942389,1785682200000,0.450000,0.440000,0.560000,0.550000,410.56,15
0xd667d3a8a6a565605982a0d319ae5204d390b585ec2a95d7e62bb8520cb3b877,2026-08-02NDH24:45:00Z,1785681942890,1785682200000,0.440000,0.430000,0.570000,0.560000,225.95,37.93
0xd667d3a8a6a565605982a0d319ae5204d390b585ec2a95d7e62bb8520cb3b877,2026-08-02NDH24:45:00Z,1785681943390,1785682200000,0.440000,0.430000,0.570000,0.560000,246.13,47.93
0xd667d3a8a6a565605982a0d319ae5204d390b585ec2a95d7e62bb8520cb3b877,2026-08-02NDH24:45:00Z,1785681943890,1785682200000,0.440000,0.430000,0.570000,0.560000,208.22,47.93
0xd667d3a8a6a565605982a0d319ae5204d390b585ec2a95d7e62bb8520cb3b877,2026-08-02NDH24:45:00Z,1785681944390,1785682200000,0.440000,0.430000,0.570000,0.560000,178.01,167.5
0xd667d3a8a6a565605982a0d319ae5204d390b585ec2a95d7e62bb8520cb3b877,2026-08-02NDH24:45:00Z,1785681944889,1785682200000,0.440000,0.430000,0.570000,0.560000,254.52,59.83
0xd667d3a8a6a565605982a0d319ae5204d390b585ec2a95d7e62bb8520cb3b877,2026-08-02NDH24:45:00Z,1785681945390,1785682200000,0.410000,0.400000,0.600000,0.590000,241.25,28.12
0xd667d3a8a6a565605982a0d319ae5204d390b585ec2a95d7e62bb8520cb3b877,2026-08-02NDH24:45:00Z,1785681945891,1785682200000,0.430000,0.420000,0.580000,0.570000,13.75,412.77
0xd667d3a8a6a565605982a0d319ae5204d390b585ec2a95d7e62bb8520cb3b877,2026-08-02NDH24:45:00Z,1785681946390,1785682200000,0.440000,0.430000,0.570000,0.560000,32.18,488.69
0xd667d3a8a6a565605982a0d319ae5204d390b585ec2a95d7e62bb8520cb3b877,2026-08-02NDH24:45:00Z,1785681946890,1785682200000,0.440000,0.430000,0.570000,0.560000,47.18,478.97
0xd667d3a8a6a565605982a0d319ae5204d390b585ec2a95d7e62bb8520cb3b877,2026-08-02NDH24:45:00Z,1785681947390,1785682200000,0.440000,0.430000,0.570000,0.560000,22,461.66
0xd667d3a8a6a565605982a0d319ae5204d390b585ec2a95d7e62bb8520cb3b877,2026-08-02NDH24:45:00Z,1785681947890,1785682200000,0.440000,0.430000,0.570000,0.560000,43.1,457.6
0xd667d3a8a6a565605982a0d319ae5204d390b585ec2a95d7e62bb8520cb3b877,2026-08-02NDH24:45:00Z,1785681948390,1785682200000,0.430000,0.420000,0.580000,0.570000,440.94,10
0xd667d3a8a6a565605982a0d319ae5204d390b585ec2a95d7e62bb8520cb3b877,2026-08-02NDH24:45:00Z,1785681948890,1785682200000,0.400000,0.390000,0.610000,0.600000,225.25,45.21
0xd667d3a8a6a565605982a0d319ae5204d390b585ec2a95d7e62bb8520cb3b877,2026-08-02NDH24:45:00Z,1785681949390,1785682200000,0.400000,0.390000,0.610000,0.600000,131.92,17.1
0xd667d3a8a6a565605982a0d319ae5204d390b585ec2a95d7e62bb8520cb3b877,2026-08-02NDH24:45:00Z,1785681949890,1785682200000,0.390000,0.380000,0.620000,0.610000,199.12,65.49
0xd667d3a8a6a565605982a0d319ae5204d390b585ec2a95d7e62bb8520cb3b877,2026-08-02NDH24:45:00Z,1785681950389,1785682200000,0.390000,0.380000,0.620000,0.610000,205.67,42.36
0xd667d3a8a6a565605982a0d319ae5204d390b585ec2a95d7e62bb8520cb3b877,2026-08-02NDH24:45:00Z,1785681950890,1785682200000,0.370000,0.360000,0.640000,0.630000,702.59,25
0xd667d3a8a6a565605982a0d319ae5204d390b585ec2a95d7e62bb8520cb3b877,2026-08-02NDH24:45:00Z,1785681951390,1785682200000,0.330000,0.320000,0.680000,0.670000,26.81,208.24
0xd667d3a8a6a565605982a0d319ae5204d390b585ec2a95d7e62bb8520cb3b877,2026-08-02NDH24:45:00Z,1785681951890,1785682200000,0.340000,0.330000,0.670000,0.660000,19.85,280.53
0xd667d3a8a6a565605982a0d319ae5204d390b585ec2a95d7e62bb8520cb3b877,2026-08-02NDH24:45:00Z,1785681952389,1785682200000,0.340000,0.330000,0.670000,0.660000,10,256.95
0xd667d3a8a6a565605982a0d319ae5204d390b585ec2a95d7e62bb8520cb3b877,2026-08-02NDH24:45:00Z,1785681952889,1785682200000,0.350000,0.340000,0.660000,0.650000,50.2,350.66
0xd667d3a8a6a565605982a0d319ae5204d390b585ec2a95d7e62bb8520cb3b877,2026-08-02NDH24:45:00Z,1785681953391,1785682200000,0.350000,0.340000,0.660000,0.650000,45.7,414.99
0xd667d3a8a6a565605982a0d319ae5204d390b585ec2a95d7e62bb8520cb3b877,2026-08-02NDH24:45:00Z,1785681953890,1785682200000,0.360000,0.350000,0.650000,0.640000,74.82,271.17
0xd667d3a8a6a565605982a0d319ae5204d390b585ec2a95d7e62bb8520cb3b877,2026-08-02NDH24:45:00Z,1785681954389,1785682200000,0.360000,0.350000,0.650000,0.640000,47.4,269.08
0xd667d3a8a6a565605982a0d319ae5204d390b585ec2a95d7e62bb8520cb3b877,2026-08-02NDH24:45:00Z,1785681954890,1785682200000,0.360000,0.350000,0.650000,0.640000,36,343.55
0xd667d3a8a6a565605982a0d319ae5204d390b585ec2a95d7e62bb8520cb3b877,2026-08-02NDH24:45:00Z,1785681955390,1785682200000,0.360000,0.350000,0.650000,0.640000,51.02,134.08
0xd667d3a8a6a565605982a0d319ae5204d390b585ec2a95d7e62bb8520cb3b877,2026-08-02NDH24:45:00Z,1785681955890,1785682200000,0.280000,0.270000,0.730000,0.720000,27,399.25
0xd667d3a8a6a565605982a0d319ae5204d390b585ec2a95d7e62bb8520cb3b877,2026-08-02NDH24:45:00Z,1785681956390,1785682200000,0.410000,0.350000,0.650000,0.590000,13.64,78.12
0xd667d3a8a6a565605982a0d319ae5204d390b585ec2a95d7e62bb8520cb3b877,2026-08-02NDH24:45:00Z,1785681956890,1785682200000,0.420000,0.410000,0.590000,0.580000,72.63,30.85
0xd667d3a8a6a565605982a0d319ae5204d390b585ec2a95d7e62bb8520cb3b877,2026-08-02NDH24:45:00Z,1785681957391,1785682200000,0.420000,0.410000,0.590000,0.580000,17,58.07
0xd667d3a8a6a565605982a0d319ae5204d390b585ec2a95d7e62bb8520cb3b877,2026-08-02NDH24:45:00Z,1785681957891,1785682200000,0.450000,0.440000,0.560000,0.550000,1002.19,27
0xd667d3a8a6a565605982a0d319ae5204d390b585ec2a95d7e62bb8520cb3b877,2026-08-02NDH24:45:00Z,1785681958389,1785682200000,0.450000,0.440000,0.560000,0.550000,1025.83,46.58
0xd667d3a8a6a565605982a0d319ae5204d390b585ec2a95d7e62bb8520cb3b877,2026-08-02NDH24:45:00Z,1785681958890,1785682200000,0.440000,0.430000,0.570000,0.560000,442.36,304.85
0xd667d3a8a6a565605982a0d319ae5204d390b585ec2a95d7e62bb8520cb3b877,2026-08-02NDH24:45:00Z,1785681959390,1785682200000,0.440000,0.430000,0.570000,0.560000,362.99,28.84
0xd667d3a8a6a565605982a0d319ae5204d390b585ec2a95d7e62bb8520cb3b877,2026-08-02NDH24:45:00Z,1785681959889,1785682200000,0.440000,0.430000,0.570000,0.560000,89,40.01
0xd667d3a8a6a565605982a0d319ae5204d390b585ec2a95d7e62bb8520cb3b877,2026-08-02NDH24:45:00Z,1785681960390,1785682200000,0.440000,0.430000,0.570000,0.560000,55,317.29
0xd667d3a8a6a565605982a0d319ae5204d390b585ec2a95d7e62bb8520cb3b877,2026-08-02NDH24:45:00Z,1785681960891,1785682200000,0.450000,0.440000,0.560000,0.550000,1264.64,5
0xd667d3a8a6a565605982a0d319ae5204d390b585ec2a95d7e62bb8520cb3b877,2026-08-02NDH24:45:00Z,1785681961390,1785682200000,0.440000,0.430000,0.570000,0.560000,234.81,20.75
0xd667d3a8a6a565605982a0d319ae5204d390b585ec2a95d7e62bb8520cb3b877,2026-08-02NDH24:45:00Z,1785681961890,1785682200000,0.420000,0.410000,0.590000,0.580000,129.37,83.53
0xd667d3a8a6a565605982a0d319ae5204d390b585ec2a95d7e62bb8520cb3b877,2026-08-02NDH24:45:00Z,1785681962391,1785682200000,0.420000,0.410000,0.590000,0.580000,25,141.17
0xd667d3a8a6a565605982a0d319ae5204d390b585ec2a95d7e62bb8520cb3b877,2026-08-02NDH24:45:00Z,1785681962891,1785682200000,0.440000,0.430000,0.570000,0.560000,34.69,139.37
0xd667d3a8a6a565605982a0d319ae5204d390b585ec2a95d7e62bb8520cb3b877,2026-08-02NDH24:45:00Z,1785681963391,1785682200000,0.450000,0.440000,0.560000,0.550000,541.07,661.27
0xd667d3a8a6a565605982a0d319ae5204d390b585ec2a95d7e62bb8520cb3b877,2026-08-02NDH24:45:00Z,1785681963890,1785682200000,0.540000,0.530000,0.470000,0.460000,19.07,988.95
0xd667d3a8a6a565605982a0d319ae5204d390b585ec2a95d7e62bb8520cb3b877,2026-08-02NDH24:45:00Z,1785681964389,1785682200000,0.590000,0.580000,0.420000,0.410000,24.01,258.12
0xd667d3a8a6a565605982a0d319ae5204d390b585ec2a95d7e62bb8520cb3b877,2026-08-02NDH24:45:00Z,1785681964890,1785682200000,0.600000,0.590000,0.410000,0.400000,400.61,248.11
0xd667d3a8a6a565605982a0d319ae5204d390b585ec2a95d7e62bb8520cb3b877,2026-08-02NDH24:45:00Z,1785681965389,1785682200000,0.570000,0.560000,0.440000,0.430000,155.45,7.12
0xd667d3a8a6a565605982a0d319ae5204d390b585ec2a95d7e62bb8520cb3b877,2026-08-02NDH24:45:00Z,1785681965891,1785682200000,0.570000,0.560000,0.440000,0.430000,10,129.88
0xd667d3a8a6a565605982a0d319ae5204d390b585ec2a95d7e62bb8520cb3b877,2026-08-02NDH24:45:00Z,1785681966389,1785682200000,0.580000,0.570000,0.430000,0.420000,16,478.26
0xd667d3a8a6a565605982a0d319ae5204d390b585ec2a95d7e62bb8520cb3b877,2026-08-02NDH24:45:00Z,1785681966890,1785682200000,0.580000,0.570000,0.430000,0.420000,794.85,5
0xd667d3a8a6a565605982a0d319ae5204d390b585ec2a95d7e62bb8520cb3b877,2026-08-02NDH24:45:00Z,1785681967391,1785682200000,0.550000,0.540000,0.460000,0.450000,364.96,0.49
0xd667d3a8a6a565605982a0d319ae5204d390b585ec2a95d7e62bb8520cb3b877,2026-08-02NDH24:45:00Z,1785681967890,1785682200000,0.530000,0.520000,0.480000,0.470000,145.23,50
0xd667d3a8a6a565605982a0d319ae5204d390b585ec2a95d7e62bb8520cb3b877,2026-08-02NDH24:45:00Z,1785681968389,1785682200000,0.520000,0.510000,0.490000,0.480000,166.91,209.32
0xd667d3a8a6a565605982a0d319ae5204d390b585ec2a95d7e62bb8520cb3b877,2026-08-02NDH24:45:00Z,1785681968890,1785682200000,0.520000,0.510000,0.490000,0.480000,296.3,28.73
0xd667d3a8a6a565605982a0d319ae5204d390b585ec2a95d7e62bb8520cb3b877,2026-08-02NDH24:45:00Z,1785681969390,1785682200000,0.500000,0.490000,0.510000,0.500000,269.79,51.13
0xd667d3a8a6a565605982a0d319ae5204d390b585ec2a95d7e62bb8520cb3b877,2026-08-02NDH24:45:00Z,1785681969889,1785682200000,0.390000,0.380000,0.620000,0.610000,121.37,87.58
0xd667d3a8a6a565605982a0d319ae5204d390b585ec2a95d7e62bb8520cb3b877,2026-08-02NDH24:45:00Z,1785681970390,1785682200000,0.420000,0.390000,0.610000,0.580000,35,6
0xd667d3a8a6a565605982a0d319ae5204d390b585ec2a95d7e62bb8520cb3b877,2026-08-02NDH24:45:00Z,1785681970891,1785682200000,0.410000,0.400000,0.600000,0.590000,725.27,144.73
0xd667d3a8a6a565605982a0d319ae5204d390b585ec2a95d7e62bb8520cb3b877,2026-08-02NDH24:45:00Z,1785681971389,1785682200000,0.390000,0.380000,0.620000,0.610000,60.49,55.96
0xd667d3a8a6a565605982a0d319ae5204d390b585ec2a95d7e62bb8520cb3b877,2026-08-02NDH24:45:00Z,1785681971891,1785682200000,0.390000,0.380000,0.620000,0.610000,114.79,287.2
0xd667d3a8a6a565605982a0d319ae5204d390b585ec2a95d7e62bb8520cb3b877,2026-08-02NDH24:45:00Z,1785681972389,1785682200000,0.390000,0.380000,0.620000,0.610000,104.79,301.2
0xd667d3a8a6a565605982a0d319ae5204d390b585ec2a95d7e62bb8520cb3b877,2026-08-02NDH24:45:00Z,1785681972890,1785682200000,0.370000,0.360000,0.640000,0.630000,65.68,450.17
0xd667d3a8a6a565605982a0d319ae5204d390b585ec2a95d7e62bb8520cb3b877,2026-08-02NDH24:45:00Z,1785681973391,1785682200000,0.370000,0.360000,0.640000,0.630000,30,701.9
0xd667d3a8a6a565605982a0d319ae5204d390b585ec2a95d7e62bb8520cb3b877,2026-08-02NDH24:45:00Z,1785681973889,1785682200000,0.380000,0.370000,0.630000,0.620000,203.88,10
0xd667d3a8a6a565605982a0d319ae5204d390b585ec2a95d7e62bb8520cb3b877,2026-08-02NDH24:45:00Z,1785681974390,1785682200000,0.370000,0.360000,0.640000,0.630000,167.3,357
0xd667d3a8a6a565605982a0d319ae5204d390b585ec2a95d7e62bb8520cb3b877,2026-08-02NDH24:45:00Z,1785681974890,1785682200000,0.370000,0.360000,0.640000,0.630000,96.07,425.86
0xd667d3a8a6a565605982a0d319ae5204d390b585ec2a95d7e62bb8520cb3b877,2026-08-02NDH24:45:00Z,1785681975390,1785682200000,0.370000,0.360000,0.640000,0.630000,1.79,454.52
0xd667d3a8a6a565605982a0d319ae5204d390b585ec2a95d7e62bb8520cb3b877,2026-08-02NDH24:45:00Z,1785681975891,1785682200000,0.390000,0.370000,0.630000,0.610000,126.1,254.86
0xd667d3a8a6a565605982a0d319ae5204d390b585ec2a95d7e62bb8520cb3b877,2026-08-02NDH24:45:00Z,1785681976389,1785682200000,0.390000,0.380000,0.620000,0.610000,132.79,308.12
0xd667d3a8a6a565605982a0d319ae5204d390b585ec2a95d7e62bb8520cb3b877,2026-08-02NDH24:45:00Z,1785681976890,1785682200000,0.390000,0.380000,0.620000,0.610000,247.81,293.12
0xd667d3a8a6a565605982a0d319ae5204d390b585ec2a95d7e62bb8520cb3b877,2026-08-02NDH24:45:00Z,1785681977389,1785682200000,0.390000,0.380000,0.620000,0.610000,326.26,177.74
0xd667d3a8a6a565605982a0d319ae5204d390b585ec2a95d7e62bb8520cb3b877,2026-08-02NDH24:45:00Z,1785681977890,1785682200000,0.390000,0.380000,0.620000,0.610000,333.26,172.74
0xd667d3a8a6a565605982a0d319ae5204d390b585ec2a95d7e62bb8520cb3b877,2026-08-02NDH24:45:00Z,1785681978391,1785682200000,0.390000,0.380000,0.620000,0.610000,259.02,172.74
0xd667d3a8a6a565605982a0d319ae5204d390b585ec2a95d7e62bb8520cb3b877,2026-08-02NDH24:45:00Z,1785681978889,1785682200000,0.390000,0.380000,0.620000,0.610000,37,284.49
0xd667d3a8a6a565605982a0d319ae5204d390b585ec2a95d7e62bb8520cb3b877,2026-08-02NDH24:45:00Z,1785681979391,1785682200000,0.390000,0.380000,0.620000,0.610000,37,373.06
0xd667d3a8a6a565605982a0d319ae5204d390b585ec2a95d7e62bb8520cb3b877,2026-08-02NDH24:45:00Z,1785681979890,1785682200000,0.390000,0.380000,0.620000,0.610000,25,373.06
0xd667d3a8a6a565605982a0d319ae5204d390b585ec2a95d7e62bb8520cb3b877,2026-08-02NDH24:45:00Z,1785681980392,1785682200000,0.390000,0.380000,0.620000,0.610000,133,177.74
0xd667d3a8a6a565605982a0d319ae5204d390b585ec2a95d7e62bb8520cb3b877,2026-08-02NDH24:45:00Z,1785681980890,1785682200000,0.390000,0.380000,0.620000,0.610000,23.25,260.1
0xd667d3a8a6a565605982a0d319ae5204d390b585ec2a95d7e62bb8520cb3b877,2026-08-02NDH24:45:00Z,1785681981390,1785682200000,0.390000,0.380000,0.620000,0.610000,20.68,294.61
0xd667d3a8a6a565605982a0d319ae5204d390b585ec2a95d7e62bb8520cb3b877,2026-08-02NDH24:45:00Z,1785681981890,1785682200000,0.390000,0.380000,0.620000,0.610000,20.68,294.61
0xd667d3a8a6a565605982a0d319ae5204d390b585ec2a95d7e62bb8520cb3b877,2026-08-02NDH24:45:00Z,1785681982390,1785682200000,0.390000,0.380000,0.620000,0.610000,136.44,170.87
0xd667d3a8a6a565605982a0d319ae5204d390b585ec2a95d7e62bb8520cb3b877,2026-08-02NDH24:45:00Z,1785681982890,1785682200000,0.410000,0.400000,0.600000,0.590000,23.06,210.84
0xd667d3a8a6a565605982a0d319ae5204d390b585ec2a95d7e62bb8520cb3b877,2026-08-02NDH24:45:00Z,1785681983390,1785682200000,0.410000,0.400000,0.600000,0.590000,115.74,17
0xd667d3a8a6a565605982a0d319ae5204d390b585ec2a95d7e62bb8520cb3b877,2026-08-02NDH24:45:00Z,1785681983890,1785682200000,0.390000,0.380000,0.620000,0.610000,180.51,5
0xd667d3a8a6a565605982a0d319ae5204d390b585ec2a95d7e62bb8520cb3b877,2026-08-02NDH24:45:00Z,1785681984391,1785682200000,0.380000,0.370000,0.630000,0.620000,491.88,10.43
0xd667d3a8a6a565605982a0d319ae5204d390b585ec2a95d7e62bb8520cb3b877,2026-08-02NDH24:45:00Z,1785681984890,1785682200000,0.370000,0.360000,0.640000,0.630000,35,504.57
0xd667d3a8a6a565605982a0d319ae5204d390b585ec2a95d7e62bb8520cb3b877,2026-08-02NDH24:45:00Z,1785681985390,1785682200000,0.390000,0.380000,0.620000,0.610000,15.97,397.9
0xd667d3a8a6a565605982a0d319ae5204d390b585ec2a95d7e62bb8520cb3b877,2026-08-02NDH24:45:00Z,1785681985890,1785682200000,0.400000,0.390000,0.610000,0.600000,101.14,168.12
0xd667d3a8a6a565605982a0d319ae5204d390b585ec2a95d7e62bb8520cb3b877,2026-08-02NDH24:45:00Z,1785681986390,1785682200000,0.400000,0.390000,0.610000,0.600000,127.64,156.48
0xd667d3a8a6a565605982a0d319ae5204d390b585ec2a95d7e62bb8520cb3b877,2026-08-02NDH24:45:00Z,1785681986890,1785682200000,0.400000,0.390000,0.610000,0.600000,183.55,100.08
0xd667d3a8a6a565605982a0d319ae5204d390b585ec2a95d7e62bb8520cb3b877,2026-08-02NDH24:45:00Z,1785681987390,1785682200000,0.400000,0.390000,0.610000,0.600000,10,534.24
0xd667d3a8a6a565605982a0d319ae5204d390b585ec2a95d7e62bb8520cb3b877,2026-08-02NDH24:45:00Z,1785681987890,1785682200000,0.410000,0.400000,0.600000,0.590000,4.69,319.12
0xd667d3a8a6a565605982a0d319ae5204d390b585ec2a95d7e62bb8520cb3b877,2026-08-02NDH24:45:00Z,1785681988390,1785682200000,0.420000,0.410000,0.590000,0.580000,41.29,319.37
0xd667d3a8a6a565605982a0d319ae5204d390b585ec2a95d7e62bb8520cb3b877,2026-08-02NDH24:45:00Z,1785681988890,1785682200000,0.420000,0.410000,0.590000,0.580000,100.09,122.42
0xd667d3a8a6a565605982a0d319ae5204d390b585ec2a95d7e62bb8520cb3b877,2026-08-02NDH24:45:00Z,1785681989391,1785682200000,0.420000,0.410000,0.590000,0.580000,144.66,20
0xd667d3a8a6a565605982a0d319ae5204d390b585ec2a95d7e62bb8520cb3b877,2026-08-02NDH24:45:00Z,1785681989890,1785682200000,0.400000,0.390000,0.610000,0.600000,115.53,30
0xd667d3a8a6a565605982a0d319ae5204d390b585ec2a95d7e62bb8520cb3b877,2026-08-02NDH24:45:00Z,1785681990390,1785682200000,0.400000,0.390000,0.610000,0.600000,259.53,10.72
0xd667d3a8a6a565605982a0d319ae5204d390b585ec2a95d7e62bb8520cb3b877,2026-08-02NDH24:45:00Z,1785681990890,1785682200000,0.400000,0.390000,0.610000,0.600000,259.53,7.44
0xd667d3a8a6a565605982a0d319ae5204d390b585ec2a95d7e62bb8520cb3b877,2026-08-02NDH24:45:00Z,1785681991391,1785682200000,0.390000,0.380000,0.620000,0.610000,250.14,31
0xd667d3a8a6a565605982a0d319ae5204d390b585ec2a95d7e62bb8520cb3b877,2026-08-02NDH24:45:00Z,1785681991889,1785682200000,0.390000,0.380000,0.620000,0.610000,324.14,31
0xd667d3a8a6a565605982a0d319ae5204d390b585ec2a95d7e62bb8520cb3b877,2026-08-02NDH24:45:00Z,1785681992390,1785682200000,0.390000,0.380000,0.620000,0.610000,279.18,34.44
0xd667d3a8a6a565605982a0d319ae5204d390b585ec2a95d7e62bb8520cb3b877,2026-08-02NDH24:45:00Z,1785681992890,1785682200000,0.370000,0.360000,0.640000,0.630000,117.45,366.54
0xd667d3a8a6a565605982a0d319ae5204d390b585ec2a95d7e62bb8520cb3b877,2026-08-02NDH24:45:00Z,1785681993390,1785682200000,0.370000,0.360000,0.640000,0.630000,119.45,429.54
0xd667d3a8a6a565605982a0d319ae5204d390b585ec2a95d7e62bb8520cb3b877,2026-08-02NDH24:45:00Z,1785681993890,1785682200000,0.370000,0.360000,0.640000,0.630000,153.44,427.65
0xd667d3a8a6a565605982a0d319ae5204d390b585ec2a95d7e62bb8520cb3b877,2026-08-02NDH24:45:00Z,1785681994389,1785682200000,0.370000,0.360000,0.640000,0.630000,158.44,432.65
0xd667d3a8a6a565605982a0d319ae5204d390b585ec2a95d7e62bb8520cb3b877,2026-08-02NDH24:45:00Z,1785681994890,1785682200000,0.370000,0.360000,0.640000,0.630000,210.37,372.91
0xd667d3a8a6a565605982a0d319ae5204d390b585ec2a95d7e62bb8520cb3b877,2026-08-02NDH24:45:00Z,1785681995390,1785682200000,0.370000,0.360000,0.640000,0.630000,212.33,316.34
0xd667d3a8a6a565605982a0d319ae5204d390b585ec2a95d7e62bb8520cb3b877,2026-08-02NDH24:45:00Z,1785681995891,1785682200000,0.370000,0.360000,0.640000,0.630000,212.33,351.87
0xd667d3a8a6a565605982a0d319ae5204d390b585ec2a95d7e62bb8520cb3b877,2026-08-02NDH24:45:00Z,1785681996389,1785682200000,0.370000,0.360000,0.640000,0.630000,208.11,356.87
0xd667d3a8a6a565605982a0d319ae5204d390b585ec2a95d7e62bb8520cb3b877,2026-08-02NDH24:45:00Z,1785681996890,1785682200000,0.370000,0.360000,0.640000,0.630000,208.11,350.87
0xd667d3a8a6a565605982a0d319ae5204d390b585ec2a95d7e62bb8520cb3b877,2026-08-02NDH24:45:00Z,1785681997390,1785682200000,0.370000,0.360000,0.640000,0.630000,101.66,385.9
0xd667d3a8a6a565605982a0d319ae5204d390b585ec2a95d7e62bb8520cb3b877,2026-08-02NDH24:45:00Z,1785681997890,1785682200000,0.370000,0.360000,0.640000,0.630000,101.66,400.84
0xd667d3a8a6a565605982a0d319ae5204d390b585ec2a95d7e62bb8520cb3b877,2026-08-02NDH24:45:00Z,1785681998390,1785682200000,0.370000,0.360000,0.640000,0.630000,279.61,208.25
0xd667d3a8a6a565605982a0d319ae5204d390b585ec2a95d7e62bb8520cb3b877,2026-08-02NDH24:45:00Z,1785681998890,1785682200000,0.370000,0.360000,0.640000,0.630000,279.61,258.25
0xd667d3a8a6a565605982a0d319ae5204d390b585ec2a95d7e62bb8520cb3b877,2026-08-02NDH24:45:00Z,1785681999390,1785682200000,0.360000,0.350000,0.650000,0.640000,68,15
0xd667d3a8a6a565605982a0d319ae5204d390b585ec2a95d7e62bb8520cb3b877,2026-08-02NDH24:45:00Z,1785681999890,1785682200000,0.360000,0.350000,0.650000,0.640000,1049.81,19.3
0xd667d3a8a6a565605982a0d319ae5204d390b585ec2a95d7e62bb8520cb3b877,2026-08-02NDH24:45:00Z,1785682000390,1785682200000,0.310000,0.300000,0.700000,0.690000,31.25,105
0xd667d3a8a6a565605982a0d319ae5204d390b585ec2a95d7e62bb8520cb3b877,2026-08-02NDH24:45:00Z,1785682000890,1785682200000,0.310000,0.300000,0.700000,0.690000,148.07,5.36
0xd667d3a8a6a565605982a0d319ae5204d390b585ec2a95d7e62bb8520cb3b877,2026-08-02NDH24:45:00Z,1785682001391,1785682200000,0.300000,0.290000,0.710000,0.700000,440.32,24.6
0xd667d3a8a6a565605982a0d319ae5204d390b585ec2a95d7e62bb8520cb3b877,2026-08-02NDH24:45:00Z,1785682001891,1785682200000,0.300000,0.290000,0.710000,0.700000,452.32,27
0xd667d3a8a6a565605982a0d319ae5204d390b585ec2a95d7e62bb8520cb3b877,2026-08-02NDH24:45:00Z,1785682002390,1785682200000,0.300000,0.290000,0.710000,0.700000,198.37,13.61
0xd667d3a8a6a565605982a0d319ae5204d390b585ec2a95d7e62bb8520cb3b877,2026-08-02NDH24:45:00Z,1785682002891,1785682200000,0.290000,0.280000,0.720000,0.710000,308.54,6.1
0xd667d3a8a6a565605982a0d319ae5204d390b585ec2a95d7e62bb8520cb3b877,2026-08-02NDH24:45:00Z,1785682003389,1785682200000,0.280000,0.270000,0.730000,0.720000,450.74,12.82
0xd667d3a8a6a565605982a0d319ae5204d390b585ec2a95d7e62bb8520cb3b877,2026-08-02NDH24:45:00Z,1785682003890,1785682200000,0.220000,0.200000,0.800000,0.780000,9.61,95.69
0xd667d3a8a6a565605982a0d319ae5204d390b585ec2a95d7e62bb8520cb3b877,2026-08-02NDH24:45:00Z,1785682004390,1785682200000,0.210000,0.200000,0.800000,0.790000,55,5
0xd667d3a8a6a565605982a0d319ae5204d390b585ec2a95d7e62bb8520cb3b877,2026-08-02NDH24:45:00Z,1785682004891,1785682200000,0.200000,0.190000,0.810000,0.800000,15,130.07
0xd667d3a8a6a565605982a0d319ae5204d390b585ec2a95d7e62bb8520cb3b877,2026-08-02NDH24:45:00Z,1785682005389,1785682200000,0.200000,0.190000,0.810000,0.800000,27.57,266.77
0xd667d3a8a6a565605982a0d319ae5204d390b585ec2a95d7e62bb8520cb3b877,2026-08-02NDH24:45:00Z,1785682005890,1785682200000,0.210000,0.200000,0.800000,0.790000,95.87,367.65
0xd667d3a8a6a565605982a0d319ae5204d390b585ec2a95d7e62bb8520cb3b877,2026-08-02NDH24:45:00Z,1785682006390,1785682200000,0.210000,0.200000,0.800000,0.790000,105.87,183
0xd667d3a8a6a565605982a0d319ae5204d390b585ec2a95d7e62bb8520cb3b877,2026-08-02NDH24:45:00Z,1785682006891,1785682200000,0.220000,0.210000,0.790000,0.780000,18.41,176.25
0xd667d3a8a6a565605982a0d319ae5204d390b585ec2a95d7e62bb8520cb3b877,2026-08-02NDH24:45:00Z,1785682007390,1785682200000,0.250000,0.240000,0.760000,0.750000,192.46,55.11
0xd667d3a8a6a565605982a0d319ae5204d390b585ec2a95d7e62bb8520cb3b877,2026-08-02NDH24:45:00Z,1785682007891,1785682200000,0.250000,0.240000,0.760000,0.750000,78.52,108.55
0xd667d3a8a6a565605982a0d319ae5204d390b585ec2a95d7e62bb8520cb3b877,2026-08-02NDH24:45:00Z,1785682008391,1785682200000,0.250000,0.240000,0.760000,0.750000,468.63,13.02
0xd667d3a8a6a565605982a0d319ae5204d390b585ec2a95d7e62bb8520cb3b877,2026-08-02NDH24:45:00Z,1785682008889,1785682200000,0.240000,0.230000,0.770000,0.760000,215.41,27.51
0xd667d3a8a6a565605982a0d319ae5204d390b585ec2a95d7e62bb8520cb3b877,2026-08-02NDH24:45:00Z,1785682009390,1785682200000,0.230000,0.220000,0.780000,0.770000,253.07,21.52
0xd667d3a8a6a565605982a0d319ae5204d390b585ec2a95d7e62bb8520cb3b877,2026-08-02NDH24:45:00Z,1785682009891,1785682200000,0.230000,0.220000,0.780000,0.770000,235.53,20.23
0xd667d3a8a6a565605982a0d319ae5204d390b585ec2a95d7e62bb8520cb3b877,2026-08-02NDH24:45:00Z,1785682010390,1785682200000,0.220000,0.210000,0.790000,0.780000,242.71,158.08
0xd667d3a8a6a565605982a0d319ae5204d390b585ec2a95d7e62bb8520cb3b877,2026-08-02NDH24:45:00Z,1785682010891,1785682200000,0.220000,0.210000,0.790000,0.780000,3.12,303.93
0xd667d3a8a6a565605982a0d319ae5204d390b585ec2a95d7e62bb8520cb3b877,2026-08-02NDH24:45:00Z,1785682011389,1785682200000,0.240000,0.230000,0.770000,0.760000,67.04,189.21
0xd667d3a8a6a565605982a0d319ae5204d390b585ec2a95d7e62bb8520cb3b877,2026-08-02NDH24:45:00Z,1785682011890,1785682200000,0.240000,0.230000,0.770000,0.760000,6,319.94
0xd667d3a8a6a565605982a0d319ae5204d390b585ec2a95d7e62bb8520cb3b877,2026-08-02NDH24:45:00Z,1785682012391,1785682200000,0.250000,0.240000,0.760000,0.750000,124.18,643.73
0xd667d3a8a6a565605982a0d319ae5204d390b585ec2a95d7e62bb8520cb3b877,2026-08-02NDH24:45:00Z,1785682012889,1785682200000,0.250000,0.240000,0.760000,0.750000,124.18,631.09
0xd667d3a8a6a565605982a0d319ae5204d390b585ec2a95d7e62bb8520cb3b877,2026-08-02NDH24:45:00Z,1785682013390,1785682200000,0.250000,0.240000,0.760000,0.750000,129.18,503.25
0xd667d3a8a6a565605982a0d319ae5204d390b585ec2a95d7e62bb8520cb3b877,2026-08-02NDH24:45:00Z,1785682013890,1785682200000,0.250000,0.240000,0.760000,0.750000,143.52,456.37
0xd667d3a8a6a565605982a0d319ae5204d390b585ec2a95d7e62bb8520cb3b877,2026-08-02NDH24:45:00Z,1785682014390,1785682200000,0.250000,0.240000,0.760000,0.750000,148.52,444.47
0xd667d3a8a6a565605982a0d319ae5204d390b585ec2a95d7e62bb8520cb3b877,2026-08-02NDH24:45:00Z,1785682014891,1785682200000,0.250000,0.240000,0.760000,0.750000,99.26,444.47
0xd667d3a8a6a565605982a0d319ae5204d390b585ec2a95d7e62bb8520cb3b877,2026-08-02NDH24:45:00Z,1785682015389,1785682200000,0.270000,0.260000,0.740000,0.730000,264.46,10
0xd667d3a8a6a565605982a0d319ae5204d390b585ec2a95d7e62bb8520cb3b877,2026-08-02NDH24:45:00Z,1785682015891,1785682200000,0.260000,0.250000,0.750000,0.740000,107.45,45.07
0xd667d3a8a6a565605982a0d319ae5204d390b585ec2a95d7e62bb8520cb3b877,2026-08-02NDH24:45:00Z,1785682016389,1785682200000,0.260000,0.250000,0.750000,0.740000,78.45,86.07
0xd667d3a8a6a565605982a0d319ae5204d390b585ec2a95d7e62bb8520cb3b877,2026-08-02NDH24:45:00Z,1785682016891,1785682200000,0.290000,0.280000,0.720000,0.710000,82.4,181.29
0xd667d3a8a6a565605982a0d319ae5204d390b585ec2a95d7e62bb8520cb3b877,2026-08-02NDH24:45:00Z,1785682017389,1785682200000,0.310000,0.300000,0.700000,0.690000,80.12,101.05
0xd667d3a8a6a565605982a0d319ae5204d390b585ec2a95d7e62bb8520cb3b877,2026-08-02NDH24:45:00Z,1785682017890,1785682200000,0.310000,0.300000,0.700000,0.690000,38,177.4
0xd667d3a8a6a565605982a0d319ae5204d390b585ec2a95d7e62bb8520cb3b877,2026-08-02NDH24:45:00Z,1785682018391,1785682200000,0.310000,0.300000,0.700000,0.690000,38,177.25
0xd667d3a8a6a565605982a0d319ae5204d390b585ec2a95d7e62bb8520cb3b877,2026-08-02NDH24:45:00Z,1785682018889,1785682200000,0.300000,0.290000,0.710000,0.700000,451.25,35.73
0xd667d3a8a6a565605982a0d319ae5204d390b585ec2a95d7e62bb8520cb3b877,2026-08-02NDH24:45:00Z,1785682019391,1785682200000,0.300000,0.290000,0.710000,0.700000,461.78,19.72
0xd667d3a8a6a565605982a0d319ae5204d390b585ec2a95d7e62bb8520cb3b877,2026-08-02NDH24:45:00Z,1785682019889,1785682200000,0.280000,0.270000,0.730000,0.720000,483.49,42.98
0xd667d3a8a6a565605982a0d319ae5204d390b585ec2a95d7e62bb8520cb3b877,2026-08-02NDH24:45:00Z,1785682020390,1785682200000,0.250000,0.230000,0.770000,0.750000,78.12,54.77
0xd667d3a8a6a565605982a0d319ae5204d390b585ec2a95d7e62bb8520cb3b877,2026-08-02NDH24:45:00Z,1785682020891,1785682200000,0.250000,0.240000,0.760000,0.750000,40.87,292.86
0xd667d3a8a6a565605982a0d319ae5204d390b585ec2a95d7e62bb8520cb3b877,2026-08-02NDH24:45:00Z,1785682021389,1785682200000,0.250000,0.240000,0.760000,0.750000,35.67,242.86
0xd667d3a8a6a565605982a0d319ae5204d390b585ec2a95d7e62bb8520cb3b877,2026-08-02NDH24:45:00Z,1785682021889,1785682200000,0.250000,0.240000,0.760000,0.750000,31.67,304.7
0xd667d3a8a6a565605982a0d319ae5204d390b585ec2a95d7e62bb8520cb3b877,2026-08-02NDH24:45:00Z,1785682022390,1785682200000,0.250000,0.240000,0.760000,0.750000,26.67,330.16
0xd667d3a8a6a565605982a0d319ae5204d390b585ec2a95d7e62bb8520cb3b877,2026-08-02NDH24:45:00Z,1785682022890,1785682200000,0.250000,0.240000,0.760000,0.750000,14.15,371.39
0xd667d3a8a6a565605982a0d319ae5204d390b585ec2a95d7e62bb8520cb3b877,2026-08-02NDH24:45:00Z,1785682023390,1785682200000,0.290000,0.280000,0.720000,0.710000,33.35,182.76
0xd667d3a8a6a565605982a0d319ae5204d390b585ec2a95d7e62bb8520cb3b877,2026-08-02NDH24:45:00Z,1785682023890,1785682200000,0.290000,0.280000,0.720000,0.710000,375.03,19.19
0xd667d3a8a6a565605982a0d319ae5204d390b585ec2a95d7e62bb8520cb3b877,2026-08-02NDH24:45:00Z,1785682024391,1785682200000,0.270000,0.260000,0.740000,0.730000,15,164.1
0xd667d3a8a6a565605982a0d319ae5204d390b585ec2a95d7e62bb8520cb3b877,2026-08-02NDH24:45:00Z,1785682024890,1785682200000,0.270000,0.260000,0.740000,0.730000,64.03,20.12
0xd667d3a8a6a565605982a0d319ae5204d390b585ec2a95d7e62bb8520cb3b877,2026-08-02NDH24:45:00Z,1785682025390,1785682200000,0.260000,0.250000,0.750000,0.740000,99.95,216.02
0xd667d3a8a6a565605982a0d319ae5204d390b585ec2a95d7e62bb8520cb3b877,2026-08-02NDH24:45:00Z,1785682025890,1785682200000,0.260000,0.250000,0.750000,0.740000,129.58,295.24
0xd667d3a8a6a565605982a0d319ae5204d390b585ec2a95d7e62bb8520cb3b877,2026-08-02NDH24:45:00Z,1785682026390,1785682200000,0.260000,0.250000,0.750000,0.740000,119.58,334.41
0xd667d3a8a6a565605982a0d319ae5204d390b585ec2a95d7e62bb8520cb3b877,2026-08-02NDH24:45:00Z,1785682026890,1785682200000,0.260000,0.250000,0.750000,0.740000,310.11,90.48
0xd667d3a8a6a565605982a0d319ae5204d390b585ec2a95d7e62bb8520cb3b877,2026-08-02NDH24:45:00Z,1785682027390,1785682200000,0.260000,0.250000,0.750000,0.740000,163.43,206.3
0xd667d3a8a6a565605982a0d319ae5204d390b585ec2a95d7e62bb8520cb3b877,2026-08-02NDH24:45:00Z,1785682027890,1785682200000,0.260000,0.250000,0.750000,0.740000,768.21,17.96
0xd667d3a8a6a565605982a0d319ae5204d390b585ec2a95d7e62bb8520cb3b877,2026-08-02NDH24:45:00Z,1785682028391,1785682200000,0.240000,0.230000,0.770000,0.760000,307.07,47
0xd667d3a8a6a565605982a0d319ae5204d390b585ec2a95d7e62bb8520cb3b877,2026-08-02NDH24:45:00Z,1785682028889,1785682200000,0.250000,0.240000,0.760000,0.750000,338.31,692.5
0xd667d3a8a6a565605982a0d319ae5204d390b585ec2a95d7e62bb8520cb3b877,2026-08-02NDH24:45:00Z,1785682029390,1785682200000,0.250000,0.240000,0.760000,0.750000,6,784.64
0xd667d3a8a6a565605982a0d319ae5204d390b585ec2a95d7e62bb8520cb3b877,2026-08-02NDH24:45:00Z,1785682029890,1785682200000,0.250000,0.240000,0.760000,0.750000,8.64,890.57
0xd667d3a8a6a565605982a0d319ae5204d390b585ec2a95d7e62bb8520cb3b877,2026-08-02NDH24:45:00Z,1785682030390,1785682200000,0.250000,0.240000,0.760000,0.750000,8.64,912.25
0xd667d3a8a6a565605982a0d319ae5204d390b585ec2a95d7e62bb8520cb3b877,2026-08-02NDH24:45:00Z,1785682030890,1785682200000,0.250000,0.240000,0.760000,0.750000,8.64,796.81
0xd667d3a8a6a565605982a0d319ae5204d390b585ec2a95d7e62bb8520cb3b877,2026-08-02NDH24:45:00Z,1785682031390,1785682200000,0.250000,0.240000,0.760000,0.750000,8.64,795.49
0xd667d3a8a6a565605982a0d319ae5204d390b585ec2a95d7e62bb8520cb3b877,2026-08-02NDH24:45:00Z,1785682031890,1785682200000,0.250000,0.240000,0.760000,0.750000,8.64,787.88
0xd667d3a8a6a565605982a0d319ae5204d390b585ec2a95d7e62bb8520cb3b877,2026-08-02NDH24:45:00Z,1785682032390,1785682200000,0.250000,0.240000,0.760000,0.750000,8.64,795.59
0xd667d3a8a6a565605982a0d319ae5204d390b585ec2a95d7e62bb8520cb3b877,2026-08-02NDH24:45:00Z,1785682032889,1785682200000,0.250000,0.240000,0.760000,0.750000,8.64,787.88
0xd667d3a8a6a565605982a0d319ae5204d390b585ec2a95d7e62bb8520cb3b877,2026-08-02NDH24:45:00Z,1785682033391,1785682200000,0.220000,0.210000,0.790000,0.780000,316.96,2.36
0xd667d3a8a6a565605982a0d319ae5204d390b585ec2a95d7e62bb8520cb3b877,2026-08-02NDH24:45:00Z,1785682033890,1785682200000,0.220000,0.210000,0.790000,0.780000,346.41,11.36
0xd667d3a8a6a565605982a0d319ae5204d390b585ec2a95d7e62bb8520cb3b877,2026-08-02NDH24:45:00Z,1785682034390,1785682200000,0.210000,0.200000,0.800000,0.790000,70,278.99
0xd667d3a8a6a565605982a0d319ae5204d390b585ec2a95d7e62bb8520cb3b877,2026-08-02NDH24:45:00Z,1785682034891,1785682200000,0.210000,0.200000,0.800000,0.790000,70,278.99
0xd667d3a8a6a565605982a0d319ae5204d390b585ec2a95d7e62bb8520cb3b877,2026-08-02NDH24:45:00Z,1785682035389,1785682200000,0.220000,0.210000,0.790000,0.780000,19.76,325.55
0xd667d3a8a6a565605982a0d319ae5204d390b585ec2a95d7e62bb8520cb3b877,2026-08-02NDH24:45:00Z,1785682035891,1785682200000,0.220000,0.210000,0.790000,0.780000,19.76,361.88
0xd667d3a8a6a565605982a0d319ae5204d390b585ec2a95d7e62bb8520cb3b877,2026-08-02NDH24:45:00Z,1785682036389,1785682200000,0.220000,0.210000,0.790000,0.780000,33.76,318.01
0xd667d3a8a6a565605982a0d319ae5204d390b585ec2a95d7e62bb8520cb3b877,2026-08-02NDH24:45:00Z,1785682036890,1785682200000,0.230000,0.220000,0.780000,0.770000,313.66,16.29
0xd667d3a8a6a565605982a0d319ae5204d390b585ec2a95d7e62bb8520cb3b877,2026-08-02NDH24:45:00Z,1785682037390,1785682200000,0.200000,0.190000,0.810000,0.800000,149.29,31.82
0xd667d3a8a6a565605982a0d319ae5204d390b585ec2a95d7e62bb8520cb3b877,2026-08-02NDH24:45:00Z,1785682037890,1785682200000,0.260000,0.200000,0.800000,0.740000,85.35,20
0xd667d3a8a6a565605982a0d319ae5204d390b585ec2a95d7e62bb8520cb3b877,2026-08-02NDH24:45:00Z,1785682038390,1785682200000,0.210000,0.200000,0.800000,0.790000,60.71,39.37
0xd667d3a8a6a565605982a0d319ae5204d390b585ec2a95d7e62bb8520cb3b877,2026-08-02NDH24:45:00Z,1785682038890,1785682200000,0.210000,0.200000,0.800000,0.790000,70.47,75.43
0xd667d3a8a6a565605982a0d319ae5204d390b585ec2a95d7e62bb8520cb3b877,2026-08-02NDH24:45:00Z,1785682039390,1785682200000,0.230000,0.220000,0.780000,0.770000,31,64.14
0xd667d3a8a6a565605982a0d319ae5204d390b585ec2a95d7e62bb8520cb3b877,2026-08-02NDH24:45:00Z,1785682039890,1785682200000,0.220000,0.210000,0.790000,0.780000,20.71,53.6
0xd667d3a8a6a565605982a0d319ae5204d390b585ec2a95d7e62bb8520cb3b877,2026-08-02NDH24:45:00Z,1785682040391,1785682200000,0.220000,0.210000,0.790000,0.780000,15,234.55
0xd667d3a8a6a565605982a0d319ae5204d390b585ec2a95d7e62bb8520cb3b877,2026-08-02NDH24:45:00Z,1785682040889,1785682200000,0.220000,0.210000,0.790000,0.780000,15,234.55
0xd667d3a8a6a565605982a0d319ae5204d390b585ec2a95d7e62bb8520cb3b877,2026-08-02NDH24:45:00Z,1785682041390,1785682200000,0.220000,0.210000,0.790000,0.780000,15,219.18
0xd667d3a8a6a565605982a0d319ae5204d390b585ec2a95d7e62bb8520cb3b877,2026-08-02NDH24:45:00Z,1785682041891,1785682200000,0.220000,0.210000,0.790000,0.780000,8.69,212.07
0xd667d3a8a6a565605982a0d319ae5204d390b585ec2a95d7e62bb8520cb3b877,2026-08-02NDH24:45:00Z,1785682042389,1785682200000,0.220000,0.210000,0.790000,0.780000,8.69,213.96
0xd667d3a8a6a565605982a0d319ae5204d390b585ec2a95d7e62bb8520cb3b877,2026-08-02NDH24:45:00Z,1785682042891,1785682200000,0.220000,0.210000,0.790000,0.780000,8.69,195.84
0xd667d3a8a6a565605982a0d319ae5204d390b585ec2a95d7e62bb8520cb3b877,2026-08-02NDH24:45:00Z,1785682043389,1785682200000,0.220000,0.210000,0.790000,0.780000,8.69,206.72
0xd667d3a8a6a565605982a0d319ae5204d390b585ec2a95d7e62bb8520cb3b877,2026-08-02NDH24:45:00Z,1785682043890,1785682200000,0.230000,0.220000,0.780000,0.770000,20.8,194
0xd667d3a8a6a565605982a0d319ae5204d390b585ec2a95d7e62bb8520cb3b877,2026-08-02NDH24:45:00Z,1785682044390,1785682200000,0.230000,0.220000,0.780000,0.770000,20.8,208.17
0xd667d3a8a6a565605982a0d319ae5204d390b585ec2a95d7e62bb8520cb3b877,2026-08-02NDH24:45:00Z,1785682044891,1785682200000,0.230000,0.220000,0.780000,0.770000,25.8,208.17
0xd667d3a8a6a565605982a0d319ae5204d390b585ec2a95d7e62bb8520cb3b877,2026-08-02NDH24:45:00Z,1785682045389,1785682200000,0.230000,0.220000,0.780000,0.770000,25.8,205.6
0xd667d3a8a6a565605982a0d319ae5204d390b585ec2a95d7e62bb8520cb3b877,2026-08-02NDH24:45:00Z,1785682045891,1785682200000,0.230000,0.220000,0.780000,0.770000,16.45,226.51
0xd667d3a8a6a565605982a0d319ae5204d390b585ec2a95d7e62bb8520cb3b877,2026-08-02NDH24:45:00Z,1785682046391,1785682200000,0.250000,0.240000,0.760000,0.750000,336.4,32.4
0xd667d3a8a6a565605982a0d319ae5204d390b585ec2a95d7e62bb8520cb3b877,2026-08-02NDH24:45:00Z,1785682046890,1785682200000,0.240000,0.230000,0.770000,0.760000,374.84,33.12
0xd667d3a8a6a565605982a0d319ae5204d390b585ec2a95d7e62bb8520cb3b877,2026-08-02NDH24:45:00Z,1785682047390,1785682200000,0.240000,0.230000,0.770000,0.760000,374.84,28.12
0xd667d3a8a6a565605982a0d319ae5204d390b585ec2a95d7e62bb8520cb3b877,2026-08-02NDH24:45:00Z,1785682047890,1785682200000,0.200000,0.190000,0.810000,0.800000,5,389.92
0xd667d3a8a6a565605982a0d319ae5204d390b585ec2a95d7e62bb8520cb3b877,2026-08-02NDH24:45:00Z,1785682048390,1785682200000,0.210000,0.200000,0.800000,0.790000,92,130.13
0xd667d3a8a6a565605982a0d319ae5204d390b585ec2a95d7e62bb8520cb3b877,2026-08-02NDH24:45:00Z,1785682048891,1785682200000,0.210000,0.200000,0.800000,0.790000,112,32.63
0xd667d3a8a6a565605982a0d319ae5204d390b585ec2a95d7e62bb8520cb3b877,2026-08-02NDH24:45:00Z,1785682049390,1785682200000,0.180000,0.170000,0.830000,0.820000,262.24,89.65
0xd667d3a8a6a565605982a0d319ae5204d390b585ec2a95d7e62bb8520cb3b877,2026-08-02NDH24:45:00Z,1785682049890,1785682200000,0.180000,0.170000,0.830000,0.820000,337.2,68.97
0xd667d3a8a6a565605982a0d319ae5204d390b585ec2a95d7e62bb8520cb3b877,2026-08-02NDH24:45:00Z,1785682050390,1785682200000,0.180000,0.170000,0.830000,0.820000,309.31,83.97
0xd667d3a8a6a565605982a0d319ae5204d390b585ec2a95d7e62bb8520cb3b877,2026-08-02NDH24:45:00Z,1785682050890,1785682200000,0.180000,0.170000,0.830000,0.820000,315.69,83.97
0xd667d3a8a6a565605982a0d319ae5204d390b585ec2a95d7e62bb8520cb3b877,2026-08-02NDH24:45:00Z,1785682051391,1785682200000,0.180000,0.170000,0.830000,0.820000,286.28,78.36
0xd667d3a8a6a565605982a0d319ae5204d390b585ec2a95d7e62bb8520cb3b877,2026-08-02NDH24:45:00Z,1785682051889,1785682200000,0.180000,0.170000,0.830000,0.820000,286.28,68.12
0xd667d3a8a6a565605982a0d319ae5204d390b585ec2a95d7e62bb8520cb3b877,2026-08-02NDH24:45:00Z,1785682052390,1785682200000,0.180000,0.170000,0.830000,0.820000,307.06,42.93
0xd667d3a8a6a565605982a0d319ae5204d390b585ec2a95d7e62bb8520cb3b877,2026-08-02NDH24:45:00Z,1785682052890,1785682200000,0.180000,0.170000,0.830000,0.820000,332,6.56
0xd667d3a8a6a565605982a0d319ae5204d390b585ec2a95d7e62bb8520cb3b877,2026-08-02NDH24:45:00Z,1785682053390,1785682200000,0.180000,0.170000,0.830000,0.820000,220.51,1.74
0xd667d3a8a6a565605982a0d319ae5204d390b585ec2a95d7e62bb8520cb3b877,2026-08-02NDH24:45:00Z,1785682053890,1785682200000,0.160000,0.150000,0.850000,0.840000,86.06,195.25
0xd667d3a8a6a565605982a0d319ae5204d390b585ec2a95d7e62bb8520cb3b877,2026-08-02NDH24:45:00Z,1785682054391,1785682200000,0.160000,0.150000,0.850000,0.840000,192.16,194.71
0xd667d3a8a6a565605982a0d319ae5204d390b585ec2a95d7e62bb8520cb3b877,2026-08-02NDH24:45:00Z,1785682054889,1785682200000,0.160000,0.150000,0.850000,0.840000,96.06,266.92
0xd667d3a8a6a565605982a0d319ae5204d390b585ec2a95d7e62bb8520cb3b877,2026-08-02NDH24:45:00Z,1785682055391,1785682200000,0.160000,0.150000,0.850000,0.840000,96.06,261.72
0xd667d3a8a6a565605982a0d319ae5204d390b585ec2a95d7e62bb8520cb3b877,2026-08-02NDH24:45:00Z,1785682055889,1785682200000,0.160000,0.150000,0.850000,0.840000,54.62,254.66
0xd667d3a8a6a565605982a0d319ae5204d390b585ec2a95d7e62bb8520cb3b877,2026-08-02NDH24:45:00Z,1785682056391,1785682200000,0.160000,0.150000,0.850000,0.840000,242.04,115.25
0xd667d3a8a6a565605982a0d319ae5204d390b585ec2a95d7e62bb8520cb3b877,2026-08-02NDH24:45:00Z,1785682056890,1785682200000,0.150000,0.140000,0.860000,0.850000,226.07,5
0xd667d3a8a6a565605982a0d319ae5204d390b585ec2a95d7e62bb8520cb3b877,2026-08-02NDH24:45:00Z,1785682057389,1785682200000,0.150000,0.140000,0.860000,0.850000,292.16,5
0xd667d3a8a6a565605982a0d319ae5204d390b585ec2a95d7e62bb8520cb3b877,2026-08-02NDH24:45:00Z,1785682057890,1785682200000,0.150000,0.140000,0.860000,0.850000,287.16,2.46
0xd667d3a8a6a565605982a0d319ae5204d390b585ec2a95d7e62bb8520cb3b877,2026-08-02NDH24:45:00Z,1785682058389,1785682200000,0.140000,0.130000,0.870000,0.860000,226.14,77.1
0xd667d3a8a6a565605982a0d319ae5204d390b585ec2a95d7e62bb8520cb3b877,2026-08-02NDH24:45:00Z,1785682058890,1785682200000,0.140000,0.130000,0.870000,0.860000,317.44,99.11
0xd667d3a8a6a565605982a0d319ae5204d390b585ec2a95d7e62bb8520cb3b877,2026-08-02NDH24:45:00Z,1785682059390,1785682200000,0.140000,0.130000,0.870000,0.860000,296.84,47.99
0xd667d3a8a6a565605982a0d319ae5204d390b585ec2a95d7e62bb8520cb3b877,2026-08-02NDH24:45:00Z,1785682059890,1785682200000,0.140000,0.130000,0.870000,0.860000,329.09,32.99
0xd667d3a8a6a565605982a0d319ae5204d390b585ec2a95d7e62bb8520cb3b877,2026-08-02NDH24:45:00Z,1785682060391,1785682200000,0.140000,0.130000,0.870000,0.860000,345.16,36.84
0xd667d3a8a6a565605982a0d319ae5204d390b585ec2a95d7e62bb8520cb3b877,2026-08-02NDH24:45:00Z,1785682060889,1785682200000,0.130000,0.120000,0.880000,0.870000,252.17,201.45
0xd667d3a8a6a565605982a0d319ae5204d390b585ec2a95d7e62bb8520cb3b877,2026-08-02NDH24:45:00Z,1785682061390,1785682200000,0.130000,0.120000,0.880000,0.870000,81.7,211.17
0xd667d3a8a6a565605982a0d319ae5204d390b585ec2a95d7e62bb8520cb3b877,2026-08-02NDH24:45:00Z,1785682061889,1785682200000,0.130000,0.120000,0.880000,0.870000,104,216.17
0xd667d3a8a6a565605982a0d319ae5204d390b585ec2a95d7e62bb8520cb3b877,2026-08-02NDH24:45:00Z,1785682062390,1785682200000,0.130000,0.120000,0.880000,0.870000,191.66,70
0xd667d3a8a6a565605982a0d319ae5204d390b585ec2a95d7e62bb8520cb3b877,2026-08-02NDH24:45:00Z,1785682062891,1785682200000,0.130000,0.120000,0.880000,0.870000,221.66,53
0xd667d3a8a6a565605982a0d319ae5204d390b585ec2a95d7e62bb8520cb3b877,2026-08-02NDH24:45:00Z,1785682063391,1785682200000,0.130000,0.120000,0.880000,0.870000,211.66,50.72
0xd667d3a8a6a565605982a0d319ae5204d390b585ec2a95d7e62bb8520cb3b877,2026-08-02NDH24:45:00Z,1785682063890,1785682200000,0.130000,0.120000,0.880000,0.870000,211.66,39.34
0xd667d3a8a6a565605982a0d319ae5204d390b585ec2a95d7e62bb8520cb3b877,2026-08-02NDH24:45:00Z,1785682064390,1785682200000,0.130000,0.120000,0.880000,0.870000,210.66,32.52
0xd667d3a8a6a565605982a0d319ae5204d390b585ec2a95d7e62bb8520cb3b877,2026-08-02NDH24:45:00Z,1785682064891,1785682200000,0.110000,0.100000,0.900000,0.890000,74.06,675.34
0xd667d3a8a6a565605982a0d319ae5204d390b585ec2a95d7e62bb8520cb3b877,2026-08-02NDH24:45:00Z,1785682065390,1785682200000,0.110000,0.100000,0.900000,0.890000,93.06,605.09
0xd667d3a8a6a565605982a0d319ae5204d390b585ec2a95d7e62bb8520cb3b877,2026-08-02NDH24:45:00Z,1785682065889,1785682200000,0.110000,0.100000,0.900000,0.890000,83.96,665.99
0xd667d3a8a6a565605982a0d319ae5204d390b585ec2a95d7e62bb8520cb3b877,2026-08-02NDH24:45:00Z,1785682066391,1785682200000,0.110000,0.100000,0.900000,0.890000,83.96,664.12
0xd667d3a8a6a565605982a0d319ae5204d390b585ec2a95d7e62bb8520cb3b877,2026-08-02NDH24:45:00Z,1785682066890,1785682200000,0.110000,0.100000,0.900000,0.890000,76.92,650.77
0xd667d3a8a6a565605982a0d319ae5204d390b585ec2a95d7e62bb8520cb3b877,2026-08-02NDH24:45:00Z,1785682067390,1785682200000,0.110000,0.100000,0.900000,0.890000,39.01,540.76
0xd667d3a8a6a565605982a0d319ae5204d390b585ec2a95d7e62bb8520cb3b877,2026-08-02NDH24:45:00Z,1785682067890,1785682200000,0.110000,0.100000,0.900000,0.890000,39.01,590.36
0xd667d3a8a6a565605982a0d319ae5204d390b585ec2a95d7e62bb8520cb3b877,2026-08-02NDH24:45:00Z,1785682068390,1785682200000,0.110000,0.100000,0.900000,0.890000,32.62,587.12
0xd667d3a8a6a565605982a0d319ae5204d390b585ec2a95d7e62bb8520cb3b877,2026-08-02NDH24:45:00Z,1785682068890,1785682200000,0.110000,0.100000,0.900000,0.890000,165.13,470.24
0xd667d3a8a6a565605982a0d319ae5204d390b585ec2a95d7e62bb8520cb3b877,2026-08-02NDH24:45:00Z,1785682069390,1785682200000,0.110000,0.100000,0.900000,0.890000,154.79,454.06
0xd667d3a8a6a565605982a0d319ae5204d390b585ec2a95d7e62bb8520cb3b877,2026-08-02NDH24:45:00Z,1785682069891,1785682200000,0.110000,0.100000,0.900000,0.890000,27.62,582.39
0xd667d3a8a6a565605982a0d319ae5204d390b585ec2a95d7e62bb8520cb3b877,2026-08-02NDH24:45:00Z,1785682070389,1785682200000,0.110000,0.100000,0.900000,0.890000,42.62,592.39
0xd667d3a8a6a565605982a0d319ae5204d390b585ec2a95d7e62bb8520cb3b877,2026-08-02NDH24:45:00Z,1785682070890,1785682200000,0.110000,0.100000,0.900000,0.890000,36.34,591.27
0xd667d3a8a6a565605982a0d319ae5204d390b585ec2a95d7e62bb8520cb3b877,2026-08-02NDH24:45:00Z,1785682071391,1785682200000,0.110000,0.100000,0.900000,0.890000,72.83,574.94
0xd667d3a8a6a565605982a0d319ae5204d390b585ec2a95d7e62bb8520cb3b877,2026-08-02NDH24:45:00Z,1785682071891,1785682200000,0.140000,0.130000,0.870000,0.860000,55,20.5
0xd667d3a8a6a565605982a0d319ae5204d390b585ec2a95d7e62bb8520cb3b877,2026-08-02NDH24:45:00Z,1785682072389,1785682200000,0.140000,0.130000,0.870000,0.860000,83.5,122
0xd667d3a8a6a565605982a0d319ae5204d390b585ec2a95d7e62bb8520cb3b877,2026-08-02NDH24:45:00Z,1785682072890,1785682200000,0.140000,0.130000,0.870000,0.860000,24.81,173.44
0xd667d3a8a6a565605982a0d319ae5204d390b585ec2a95d7e62bb8520cb3b877,2026-08-02NDH24:45:00Z,1785682073391,1785682200000,0.160000,0.150000,0.850000,0.840000,83.1,30
0xd667d3a8a6a565605982a0d319ae5204d390b585ec2a95d7e62bb8520cb3b877,2026-08-02NDH24:45:00Z,1785682073891,1785682200000,0.160000,0.150000,0.850000,0.840000,115.45,119.88
0xd667d3a8a6a565605982a0d319ae5204d390b585ec2a95d7e62bb8520cb3b877,2026-08-02NDH24:45:00Z,1785682074390,1785682200000,0.160000,0.150000,0.850000,0.840000,242.11,114.88
0xd667d3a8a6a565605982a0d319ae5204d390b585ec2a95d7e62bb8520cb3b877,2026-08-02NDH24:45:00Z,1785682074890,1785682200000,0.160000,0.150000,0.850000,0.840000,237.11,119.88
0xd667d3a8a6a565605982a0d319ae5204d390b585ec2a95d7e62bb8520cb3b877,2026-08-02NDH24:45:00Z,1785682075390,1785682200000,0.160000,0.150000,0.850000,0.840000,76.26,156.78
0xd667d3a8a6a565605982a0d319ae5204d390b585ec2a95d7e62bb8520cb3b877,2026-08-02NDH24:45:00Z,1785682075891,1785682200000,0.160000,0.150000,0.850000,0.840000,107.7,122.46
0xd667d3a8a6a565605982a0d319ae5204d390b585ec2a95d7e62bb8520cb3b877,2026-08-02NDH24:45:00Z,1785682076389,1785682200000,0.160000,0.150000,0.850000,0.840000,101.14,146.13
0xd667d3a8a6a565605982a0d319ae5204d390b585ec2a95d7e62bb8520cb3b877,2026-08-02NDH24:45:00Z,1785682076890,1785682200000,0.160000,0.150000,0.850000,0.840000,158.91,88.04
0xd667d3a8a6a565605982a0d319ae5204d390b585ec2a95d7e62bb8520cb3b877,2026-08-02NDH24:45:00Z,1785682077389,1785682200000,0.160000,0.150000,0.850000,0.840000,158.91,49
0xd667d3a8a6a565605982a0d319ae5204d390b585ec2a95d7e62bb8520cb3b877,2026-08-02NDH24:45:00Z,1785682077890,1785682200000,0.140000,0.130000,0.870000,0.860000,291.17,82.94
0xd667d3a8a6a565605982a0d319ae5204d390b585ec2a95d7e62bb8520cb3b877,2026-08-02NDH24:45:00Z,1785682078391,1785682200000,0.140000,0.130000,0.870000,0.860000,27.3,274.2
0xd667d3a8a6a565605982a0d319ae5204d390b585ec2a95d7e62bb8520cb3b877,2026-08-02NDH24:45:00Z,1785682078891,1785682200000,0.140000,0.130000,0.870000,0.860000,191.3,30
0xd667d3a8a6a565605982a0d319ae5204d390b585ec2a95d7e62bb8520cb3b877,2026-08-02NDH24:45:00Z,1785682079389,1785682200000,0.120000,0.110000,0.890000,0.880000,163.77,129.68
0xd667d3a8a6a565605982a0d319ae5204d390b585ec2a95d7e62bb8520cb3b877,2026-08-02NDH24:45:00Z,1785682079891,1785682200000,0.140000,0.130000,0.870000,0.860000,101.36,135.88
0xd667d3a8a6a565605982a0d319ae5204d390b585ec2a95d7e62bb8520cb3b877,2026-08-02NDH24:45:00Z,1785682080389,1785682200000,0.140000,0.130000,0.870000,0.860000,60.42,436.52
0xd667d3a8a6a565605982a0d319ae5204d390b585ec2a95d7e62bb8520cb3b877,2026-08-02NDH24:45:00Z,1785682080890,1785682200000,0.140000,0.130000,0.870000,0.860000,70.42,445.63
0xd667d3a8a6a565605982a0d319ae5204d390b585ec2a95d7e62bb8520cb3b877,2026-08-02NDH24:45:00Z,1785682081391,1785682200000,0.140000,0.130000,0.870000,0.860000,60.42,437.58
0xd667d3a8a6a565605982a0d319ae5204d390b585ec2a95d7e62bb8520cb3b877,2026-08-02NDH24:45:00Z,1785682081890,1785682200000,0.140000,0.130000,0.870000,0.860000,9,485.85
0xd667d3a8a6a565605982a0d319ae5204d390b585ec2a95d7e62bb8520cb3b877,2026-08-02NDH24:45:00Z,1785682082389,1785682200000,0.160000,0.150000,0.850000,0.840000,29.18,12.35
0xd667d3a8a6a565605982a0d319ae5204d390b585ec2a95d7e62bb8520cb3b877,2026-08-02NDH24:45:00Z,1785682082891,1785682200000,0.160000,0.150000,0.850000,0.840000,48.64,52.35
0xd667d3a8a6a565605982a0d319ae5204d390b585ec2a95d7e62bb8520cb3b877,2026-08-02NDH24:45:00Z,1785682083389,1785682200000,0.160000,0.150000,0.850000,0.840000,58.82,76
0xd667d3a8a6a565605982a0d319ae5204d390b585ec2a95d7e62bb8520cb3b877,2026-08-02NDH24:45:00Z,1785682083890,1785682200000,0.160000,0.150000,0.850000,0.840000,58.82,68.64
0xd667d3a8a6a565605982a0d319ae5204d390b585ec2a95d7e62bb8520cb3b877,2026-08-02NDH24:45:00Z,1785682084390,1785682200000,0.160000,0.150000,0.850000,0.840000,63.82,71.28
0xd667d3a8a6a565605982a0d319ae5204d390b585ec2a95d7e62bb8520cb3b877,2026-08-02NDH24:45:00Z,1785682084891,1785682200000,0.160000,0.150000,0.850000,0.840000,63.82,71.28
0xd667d3a8a6a565605982a0d319ae5204d390b585ec2a95d7e62bb8520cb3b877,2026-08-02NDH24:45:00Z,1785682085391,1785682200000,0.160000,0.150000,0.850000,0.840000,63.82,71.28
0xd667d3a8a6a565605982a0d319ae5204d390b585ec2a95d7e62bb8520cb3b877,2026-08-02NDH24:45:00Z,1785682085891,1785682200000,0.160000,0.150000,0.850000,0.840000,63.82,71.28
0xd667d3a8a6a565605982a0d319ae5204d390b585ec2a95d7e62bb8520cb3b877,2026-08-02NDH24:45:00Z,1785682086390,1785682200000,0.160000,0.150000,0.850000,0.840000,63.82,71.28
0xd667d3a8a6a565605982a0d319ae5204d390b585ec2a95d7e62bb8520cb3b877,2026-08-02NDH24:45:00Z,1785682086890,1785682200000,0.160000,0.150000,0.850000,0.840000,63.82,71.28
0xd667d3a8a6a565605982a0d319ae5204d390b585ec2a95d7e62bb8520cb3b877,2026-08-02NDH24:45:00Z,1785682087390,1785682200000,0.150000,0.130000,0.870000,0.850000,22.78,56.75
0xd667d3a8a6a565605982a0d319ae5204d390b585ec2a95d7e62bb8520cb3b877,2026-08-02NDH24:45:00Z,1785682087891,1785682200000,0.150000,0.140000,0.860000,0.850000,37.18,39.12
0xd667d3a8a6a565605982a0d319ae5204d390b585ec2a95d7e62bb8520cb3b877,2026-08-02NDH24:45:00Z,1785682088390,1785682200000,0.150000,0.140000,0.860000,0.850000,72.21,22
0xd667d3a8a6a565605982a0d319ae5204d390b585ec2a95d7e62bb8520cb3b877,2026-08-02NDH24:45:00Z,1785682088890,1785682200000,0.150000,0.140000,0.860000,0.850000,104.03,42.69
0xd667d3a8a6a565605982a0d319ae5204d390b585ec2a95d7e62bb8520cb3b877,2026-08-02NDH24:45:00Z,1785682089391,1785682200000,0.150000,0.140000,0.860000,0.850000,297.52,42.69
0xd667d3a8a6a565605982a0d319ae5204d390b585ec2a95d7e62bb8520cb3b877,2026-08-02NDH24:45:00Z,1785682089889,1785682200000,0.150000,0.140000,0.860000,0.850000,134.55,45.36
0xd667d3a8a6a565605982a0d319ae5204d390b585ec2a95d7e62bb8520cb3b877,2026-08-02NDH24:45:00Z,1785682090389,1785682200000,0.150000,0.140000,0.860000,0.850000,105.52,15
0xd667d3a8a6a565605982a0d319ae5204d390b585ec2a95d7e62bb8520cb3b877,2026-08-02NDH24:45:00Z,1785682090890,1785682200000,0.110000,0.100000,0.900000,0.890000,142.9,108.49
0xd667d3a8a6a565605982a0d319ae5204d390b585ec2a95d7e62bb8520cb3b877,2026-08-02NDH24:45:00Z,1785682091390,1785682200000,0.110000,0.100000,0.900000,0.890000,152.9,108.49
0xd667d3a8a6a565605982a0d319ae5204d390b585ec2a95d7e62bb8520cb3b877,2026-08-02NDH24:45:00Z,1785682091890,1785682200000,0.110000,0.100000,0.900000,0.890000,225.73,99.93
0xd667d3a8a6a565605982a0d319ae5204d390b585ec2a95d7e62bb8520cb3b877,2026-08-02NDH24:45:00Z,1785682092390,1785682200000,0.110000,0.100000,0.900000,0.890000,243.25,99.93
0xd667d3a8a6a565605982a0d319ae5204d390b585ec2a95d7e62bb8520cb3b877,2026-08-02NDH24:45:00Z,1785682092890,1785682200000,0.110000,0.100000,0.900000,0.890000,250.25,94.37
0xd667d3a8a6a565605982a0d319ae5204d390b585ec2a95d7e62bb8520cb3b877,2026-08-02NDH24:45:00Z,1785682093391,1785682200000,0.110000,0.100000,0.900000,0.890000,189.62,94.37
0xd667d3a8a6a565605982a0d319ae5204d390b585ec2a95d7e62bb8520cb3b877,2026-08-02NDH24:45:00Z,1785682093889,1785682200000,0.110000,0.100000,0.900000,0.890000,189.42,35.47
0xd667d3a8a6a565605982a0d319ae5204d390b585ec2a95d7e62bb8520cb3b877,2026-08-02NDH24:45:00Z,1785682094390,1785682200000,0.110000,0.100000,0.900000,0.890000,191.55,8.55
0xd667d3a8a6a565605982a0d319ae5204d390b585ec2a95d7e62bb8520cb3b877,2026-08-02NDH24:45:00Z,1785682094891,1785682200000,0.100000,0.090000,0.910000,0.900000,286.03,52
0xd667d3a8a6a565605982a0d319ae5204d390b585ec2a95d7e62bb8520cb3b877,2026-08-02NDH24:45:00Z,1785682095390,1785682200000,0.100000,0.090000,0.910000,0.900000,268.39,19.46
0xd667d3a8a6a565605982a0d319ae5204d390b585ec2a95d7e62bb8520cb3b877,2026-08-02NDH24:45:00Z,1785682095891,1785682200000,0.100000,0.090000,0.910000,0.900000,327.09,11.33
0xd667d3a8a6a565605982a0d319ae5204d390b585ec2a95d7e62bb8520cb3b877,2026-08-02NDH24:45:00Z,1785682096389,1785682200000,0.090000,0.080000,0.920000,0.910000,326.05,9.17
0xd667d3a8a6a565605982a0d319ae5204d390b585ec2a95d7e62bb8520cb3b877,2026-08-02NDH24:45:00Z,1785682096890,1785682200000,0.080000,0.070000,0.930000,0.920000,285.88,66.49
0xd667d3a8a6a565605982a0d319ae5204d390b585ec2a95d7e62bb8520cb3b877,2026-08-02NDH24:45:00Z,1785682097391,1785682200000,0.080000,0.070000,0.930000,0.920000,256.88,94.41
0xd667d3a8a6a565605982a0d319ae5204d390b585ec2a95d7e62bb8520cb3b877,2026-08-02NDH24:45:00Z,1785682097889,1785682200000,0.080000,0.070000,0.930000,0.920000,379.67,32.68
0xd667d3a8a6a565605982a0d319ae5204d390b585ec2a95d7e62bb8520cb3b877,2026-08-02NDH24:45:00Z,1785682098390,1785682200000,0.070000,0.060000,0.940000,0.930000,120.28,1252.75
0xd667d3a8a6a565605982a0d319ae5204d390b585ec2a95d7e62bb8520cb3b877,2026-08-02NDH24:45:00Z,1785682098890,1785682200000,0.070000,0.060000,0.940000,0.930000,167.07,1269.55
0xd667d3a8a6a565605982a0d319ae5204d390b585ec2a95d7e62bb8520cb3b877,2026-08-02NDH24:45:00Z,1785682099390,1785682200000,0.070000,0.060000,0.940000,0.930000,167.07,1262.59
0xd667d3a8a6a565605982a0d319ae5204d390b585ec2a95d7e62bb8520cb3b877,2026-08-02NDH24:45:00Z,1785682099890,1785682200000,0.070000,0.060000,0.940000,0.930000,27.23,1232.96
0xd667d3a8a6a565605982a0d319ae5204d390b585ec2a95d7e62bb8520cb3b877,2026-08-02NDH24:45:00Z,1785682100391,1785682200000,0.070000,0.060000,0.940000,0.930000,28.2,1297.3
0xd667d3a8a6a565605982a0d319ae5204d390b585ec2a95d7e62bb8520cb3b877,2026-08-02NDH24:45:00Z,1785682100890,1785682200000,0.070000,0.060000,0.940000,0.930000,38.2,1302.51
0xd667d3a8a6a565605982a0d319ae5204d390b585ec2a95d7e62bb8520cb3b877,2026-08-02NDH24:45:00Z,1785682101389,1785682200000,0.080000,0.070000,0.930000,0.920000,213.9,87
0xd667d3a8a6a565605982a0d319ae5204d390b585ec2a95d7e62bb8520cb3b877,2026-08-02NDH24:45:00Z,1785682101890,1785682200000,0.080000,0.070000,0.930000,0.920000,133.9,60.85
0xd667d3a8a6a565605982a0d319ae5204d390b585ec2a95d7e62bb8520cb3b877,2026-08-02NDH24:45:00Z,1785682102389,1785682200000,0.080000,0.070000,0.930000,0.920000,133.9,53.69
0xd667d3a8a6a565605982a0d319ae5204d390b585ec2a95d7e62bb8520cb3b877,2026-08-02NDH24:45:00Z,1785682102891,1785682200000,0.080000,0.070000,0.930000,0.920000,133.9,31.85
0xd667d3a8a6a565605982a0d319ae5204d390b585ec2a95d7e62bb8520cb3b877,2026-08-02NDH24:45:00Z,1785682103390,1785682200000,0.080000,0.070000,0.930000,0.920000,133.9,105.58
0xd667d3a8a6a565605982a0d319ae5204d390b585ec2a95d7e62bb8520cb3b877,2026-08-02NDH24:45:00Z,1785682103891,1785682200000,0.070000,0.060000,0.940000,0.930000,29.26,970.07
0xd667d3a8a6a565605982a0d319ae5204d390b585ec2a95d7e62bb8520cb3b877,2026-08-02NDH24:45:00Z,1785682104389,1785682200000,0.070000,0.060000,0.940000,0.930000,21,899.12
0xd667d3a8a6a565605982a0d319ae5204d390b585ec2a95d7e62bb8520cb3b877,2026-08-02NDH24:45:00Z,1785682104890,1785682200000,0.070000,0.060000,0.940000,0.930000,21,887.52
0xd667d3a8a6a565605982a0d319ae5204d390b585ec2a95d7e62bb8520cb3b877,2026-08-02NDH24:45:00Z,1785682105391,1785682200000,0.070000,0.060000,0.940000,0.930000,23.19,797.34
0xd667d3a8a6a565605982a0d319ae5204d390b585ec2a95d7e62bb8520cb3b877,2026-08-02NDH24:45:00Z,1785682105890,1785682200000,0.070000,0.060000,0.940000,0.930000,29.21,679.6
0xd667d3a8a6a565605982a0d319ae5204d390b585ec2a95d7e62bb8520cb3b877,2026-08-02NDH24:45:00Z,1785682106389,1785682200000,0.070000,0.060000,0.940000,0.930000,23.19,723.94
0xd667d3a8a6a565605982a0d319ae5204d390b585ec2a95d7e62bb8520cb3b877,2026-08-02NDH24:45:00Z,1785682106890,1785682200000,0.070000,0.060000,0.940000,0.930000,23.19,710.49
0xd667d3a8a6a565605982a0d319ae5204d390b585ec2a95d7e62bb8520cb3b877,2026-08-02NDH24:45:00Z,1785682107391,1785682200000,0.090000,0.080000,0.920000,0.910000,301.36,15
0xd667d3a8a6a565605982a0d319ae5204d390b585ec2a95d7e62bb8520cb3b877,2026-08-02NDH24:45:00Z,1785682107890,1785682200000,0.090000,0.080000,0.920000,0.910000,306.36,3.03
0xd667d3a8a6a565605982a0d319ae5204d390b585ec2a95d7e62bb8520cb3b877,2026-08-02NDH24:45:00Z,1785682108390,1785682200000,0.080000,0.070000,0.930000,0.920000,241.93,20
0xd667d3a8a6a565605982a0d319ae5204d390b585ec2a95d7e62bb8520cb3b877,2026-08-02NDH24:45:00Z,1785682108892,1785682200000,0.080000,0.070000,0.930000,0.920000,282.93,25
0xd667d3a8a6a565605982a0d319ae5204d390b585ec2a95d7e62bb8520cb3b877,2026-08-02NDH24:45:00Z,1785682109389,1785682200000,0.080000,0.070000,0.930000,0.920000,132.94,25
0xd667d3a8a6a565605982a0d319ae5204d390b585ec2a95d7e62bb8520cb3b877,2026-08-02NDH24:45:00Z,1785682109890,1785682200000,0.070000,0.060000,0.940000,0.930000,36.95,683.72
0xd667d3a8a6a565605982a0d319ae5204d390b585ec2a95d7e62bb8520cb3b877,2026-08-02NDH24:45:00Z,1785682110389,1785682200000,0.070000,0.060000,0.940000,0.930000,35.95,770.33
0xd667d3a8a6a565605982a0d319ae5204d390b585ec2a95d7e62bb8520cb3b877,2026-08-02NDH24:45:00Z,1785682110890,1785682200000,0.070000,0.060000,0.940000,0.930000,145.95,502.16
0xd667d3a8a6a565605982a0d319ae5204d390b585ec2a95d7e62bb8520cb3b877,2026-08-02NDH24:45:00Z,1785682111390,1785682200000,0.070000,0.060000,0.940000,0.930000,145.95,238.83
0xd667d3a8a6a565605982a0d319ae5204d390b585ec2a95d7e62bb8520cb3b877,2026-08-02NDH24:45:00Z,1785682111890,1785682200000,0.070000,0.060000,0.940000,0.930000,165.22,238.53
0xd667d3a8a6a565605982a0d319ae5204d390b585ec2a95d7e62bb8520cb3b877,2026-08-02NDH24:45:00Z,1785682112390,1785682200000,0.070000,0.060000,0.940000,0.930000,162.2,238.53
0xd667d3a8a6a565605982a0d319ae5204d390b585ec2a95d7e62bb8520cb3b877,2026-08-02NDH24:45:00Z,1785682112890,1785682200000,0.070000,0.060000,0.940000,0.930000,137.93,281.62
0xd667d3a8a6a565605982a0d319ae5204d390b585ec2a95d7e62bb8520cb3b877,2026-08-02NDH24:45:00Z,1785682113390,1785682200000,0.070000,0.060000,0.940000,0.930000,137.93,279.31
0xd667d3a8a6a565605982a0d319ae5204d390b585ec2a95d7e62bb8520cb3b877,2026-08-02NDH24:45:00Z,1785682113891,1785682200000,0.070000,0.060000,0.940000,0.930000,142.93,265.89
0xd667d3a8a6a565605982a0d319ae5204d390b585ec2a95d7e62bb8520cb3b877,2026-08-02NDH24:45:00Z,1785682114389,1785682200000,0.070000,0.060000,0.940000,0.930000,204.66,93.62
0xd667d3a8a6a565605982a0d319ae5204d390b585ec2a95d7e62bb8520cb3b877,2026-08-02NDH24:45:00Z,1785682114890,1785682200000,0.070000,0.060000,0.940000,0.930000,204.66,65.95
0xd667d3a8a6a565605982a0d319ae5204d390b585ec2a95d7e62bb8520cb3b877,2026-08-02NDH24:45:00Z,1785682115389,1785682200000,0.070000,0.060000,0.940000,0.930000,204.66,60.95
0xd667d3a8a6a565605982a0d319ae5204d390b585ec2a95d7e62bb8520cb3b877,2026-08-02NDH24:45:00Z,1785682115890,1785682200000,0.070000,0.060000,0.940000,0.930000,204.66,65.95
0xd667d3a8a6a565605982a0d319ae5204d390b585ec2a95d7e62bb8520cb3b877,2026-08-02NDH24:45:00Z,1785682116389,1785682200000,0.070000,0.060000,0.940000,0.930000,134.16,192.61
0xd667d3a8a6a565605982a0d319ae5204d390b585ec2a95d7e62bb8520cb3b877,2026-08-02NDH24:45:00Z,1785682116890,1785682200000,0.070000,0.060000,0.940000,0.930000,130.95,200.47
0xd667d3a8a6a565605982a0d319ae5204d390b585ec2a95d7e62bb8520cb3b877,2026-08-02NDH24:45:00Z,1785682117391,1785682200000,0.070000,0.060000,0.940000,0.930000,154.81,178.73
0xd667d3a8a6a565605982a0d319ae5204d390b585ec2a95d7e62bb8520cb3b877,2026-08-02NDH24:45:00Z,1785682117890,1785682200000,0.070000,0.060000,0.940000,0.930000,140.52,109.22
0xd667d3a8a6a565605982a0d319ae5204d390b585ec2a95d7e62bb8520cb3b877,2026-08-02NDH24:45:00Z,1785682118390,1785682200000,0.070000,0.060000,0.940000,0.930000,140.52,137.08
0xd667d3a8a6a565605982a0d319ae5204d390b585ec2a95d7e62bb8520cb3b877,2026-08-02NDH24:45:00Z,1785682118891,1785682200000,0.070000,0.060000,0.940000,0.930000,140.52,131.01
0xd667d3a8a6a565605982a0d319ae5204d390b585ec2a95d7e62bb8520cb3b877,2026-08-02NDH24:45:00Z,1785682119392,1785682200000,0.070000,0.060000,0.940000,0.930000,137.86,126.73
0xd667d3a8a6a565605982a0d319ae5204d390b585ec2a95d7e62bb8520cb3b877,2026-08-02NDH24:45:00Z,1785682119890,1785682200000,0.070000,0.060000,0.940000,0.930000,137.86,126.73
0xd667d3a8a6a565605982a0d319ae5204d390b585ec2a95d7e62bb8520cb3b877,2026-08-02NDH24:45:00Z,1785682120390,1785682200000,0.070000,0.060000,0.940000,0.930000,149.16,52
0xd667d3a8a6a565605982a0d319ae5204d390b585ec2a95d7e62bb8520cb3b877,2026-08-02NDH24:45:00Z,1785682120890,1785682200000,0.070000,0.060000,0.940000,0.930000,132.86,124.49
0xd667d3a8a6a565605982a0d319ae5204d390b585ec2a95d7e62bb8520cb3b877,2026-08-02NDH24:45:00Z,1785682121390,1785682200000,0.070000,0.060000,0.940000,0.930000,171.12,41
0xd667d3a8a6a565605982a0d319ae5204d390b585ec2a95d7e62bb8520cb3b877,2026-08-02NDH24:45:00Z,1785682121891,1785682200000,0.070000,0.060000,0.940000,0.930000,171.12,11
0xd667d3a8a6a565605982a0d319ae5204d390b585ec2a95d7e62bb8520cb3b877,2026-08-02NDH24:45:00Z,1785682122390,1785682200000,0.070000,0.060000,0.940000,0.930000,171.12,0.36
0xd667d3a8a6a565605982a0d319ae5204d390b585ec2a95d7e62bb8520cb3b877,2026-08-02NDH24:45:00Z,1785682122890,1785682200000,0.060000,0.050000,0.950000,0.940000,105.73,485.07
0xd667d3a8a6a565605982a0d319ae5204d390b585ec2a95d7e62bb8520cb3b877,2026-08-02NDH24:45:00Z,1785682123390,1785682200000,0.060000,0.050000,0.950000,0.940000,105.73,420.07
0xd667d3a8a6a565605982a0d319ae5204d390b585ec2a95d7e62bb8520cb3b877,2026-08-02NDH24:45:00Z,1785682123891,1785682200000,0.060000,0.050000,0.950000,0.940000,105.73,420.07
0xd667d3a8a6a565605982a0d319ae5204d390b585ec2a95d7e62bb8520cb3b877,2026-08-02NDH24:45:00Z,1785682124390,1785682200000,0.060000,0.050000,0.950000,0.940000,205.8,433.32
0xd667d3a8a6a565605982a0d319ae5204d390b585ec2a95d7e62bb8520cb3b877,2026-08-02NDH24:45:00Z,1785682124891,1785682200000,0.060000,0.050000,0.950000,0.940000,200.8,434.8
0xd667d3a8a6a565605982a0d319ae5204d390b585ec2a95d7e62bb8520cb3b877,2026-08-02NDH24:45:00Z,1785682125390,1785682200000,0.060000,0.050000,0.950000,0.940000,192.73,462.89
0xd667d3a8a6a565605982a0d319ae5204d390b585ec2a95d7e62bb8520cb3b877,2026-08-02NDH24:45:00Z,1785682125891,1785682200000,0.060000,0.050000,0.950000,0.940000,114.39,460.86
0xd667d3a8a6a565605982a0d319ae5204d390b585ec2a95d7e62bb8520cb3b877,2026-08-02NDH24:45:00Z,1785682126390,1785682200000,0.060000,0.050000,0.950000,0.940000,112,482.68
0xd667d3a8a6a565605982a0d319ae5204d390b585ec2a95d7e62bb8520cb3b877,2026-08-02NDH24:45:00Z,1785682126891,1785682200000,0.060000,0.050000,0.950000,0.940000,112,494.39
0xd667d3a8a6a565605982a0d319ae5204d390b585ec2a95d7e62bb8520cb3b877,2026-08-02NDH24:45:00Z,1785682127389,1785682200000,0.060000,0.050000,0.950000,0.940000,96.23,505.54
0xd667d3a8a6a565605982a0d319ae5204d390b585ec2a95d7e62bb8520cb3b877,2026-08-02NDH24:45:00Z,1785682127890,1785682200000,0.060000,0.050000,0.950000,0.940000,182.31,319.12
0xd667d3a8a6a565605982a0d319ae5204d390b585ec2a95d7e62bb8520cb3b877,2026-08-02NDH24:45:00Z,1785682128392,1785682200000,0.060000,0.050000,0.950000,0.940000,84.23,331.27
0xd667d3a8a6a565605982a0d319ae5204d390b585ec2a95d7e62bb8520cb3b877,2026-08-02NDH24:45:00Z,1785682128890,1785682200000,0.060000,0.050000,0.950000,0.940000,62.56,299.95
0xd667d3a8a6a565605982a0d319ae5204d390b585ec2a95d7e62bb8520cb3b877,2026-08-02NDH24:45:00Z,1785682129390,1785682200000,0.060000,0.050000,0.950000,0.940000,62.56,306.55
0xd667d3a8a6a565605982a0d319ae5204d390b585ec2a95d7e62bb8520cb3b877,2026-08-02NDH24:45:00Z,1785682129891,1785682200000,0.060000,0.050000,0.950000,0.940000,67.56,257.84
0xd667d3a8a6a565605982a0d319ae5204d390b585ec2a95d7e62bb8520cb3b877,2026-08-02NDH24:45:00Z,1785682130390,1785682200000,0.060000,0.050000,0.950000,0.940000,76.56,257.84
0xd667d3a8a6a565605982a0d319ae5204d390b585ec2a95d7e62bb8520cb3b877,2026-08-02NDH24:45:00Z,1785682130889,1785682200000,0.060000,0.050000,0.950000,0.940000,71.56,247.31
0xd667d3a8a6a565605982a0d319ae5204d390b585ec2a95d7e62bb8520cb3b877,2026-08-02NDH24:45:00Z,1785682131390,1785682200000,0.060000,0.050000,0.950000,0.940000,8.33,292.92
0xd667d3a8a6a565605982a0d319ae5204d390b585ec2a95d7e62bb8520cb3b877,2026-08-02NDH24:45:00Z,1785682131890,1785682200000,0.060000,0.050000,0.950000,0.940000,63.08,311.79
0xd667d3a8a6a565605982a0d319ae5204d390b585ec2a95d7e62bb8520cb3b877,2026-08-02NDH24:45:00Z,1785682132390,1785682200000,0.060000,0.050000,0.950000,0.940000,63.08,310.73
0xd667d3a8a6a565605982a0d319ae5204d390b585ec2a95d7e62bb8520cb3b877,2026-08-02NDH24:45:00Z,1785682132890,1785682200000,0.060000,0.050000,0.950000,0.940000,60,309.2
0xd667d3a8a6a565605982a0d319ae5204d390b585ec2a95d7e62bb8520cb3b877,2026-08-02NDH24:45:00Z,1785682133390,1785682200000,0.060000,0.050000,0.950000,0.940000,55,365.63
0xd667d3a8a6a565605982a0d319ae5204d390b585ec2a95d7e62bb8520cb3b877,2026-08-02NDH24:45:00Z,1785682133891,1785682200000,0.060000,0.050000,0.950000,0.940000,71.74,179.16
0xd667d3a8a6a565605982a0d319ae5204d390b585ec2a95d7e62bb8520cb3b877,2026-08-02NDH24:45:00Z,1785682134390,1785682200000,0.060000,0.050000,0.950000,0.940000,133.07,184.16
0xd667d3a8a6a565605982a0d319ae5204d390b585ec2a95d7e62bb8520cb3b877,2026-08-02NDH24:45:00Z,1785682134891,1785682200000,0.060000,0.050000,0.950000,0.940000,133.07,167.31
0xd667d3a8a6a565605982a0d319ae5204d390b585ec2a95d7e62bb8520cb3b877,2026-08-02NDH24:45:00Z,1785682135389,1785682200000,0.060000,0.050000,0.950000,0.940000,133.07,114.67
0xd667d3a8a6a565605982a0d319ae5204d390b585ec2a95d7e62bb8520cb3b877,2026-08-02NDH24:45:00Z,1785682135891,1785682200000,0.060000,0.050000,0.950000,0.940000,117.58,142.55
0xd667d3a8a6a565605982a0d319ae5204d390b585ec2a95d7e62bb8520cb3b877,2026-08-02NDH24:45:00Z,1785682136389,1785682200000,0.060000,0.050000,0.950000,0.940000,117.86,102.02
0xd667d3a8a6a565605982a0d319ae5204d390b585ec2a95d7e62bb8520cb3b877,2026-08-02NDH24:45:00Z,1785682136890,1785682200000,0.080000,0.070000,0.930000,0.920000,36.21,66.83
0xd667d3a8a6a565605982a0d319ae5204d390b585ec2a95d7e62bb8520cb3b877,2026-08-02NDH24:45:00Z,1785682137392,1785682200000,0.080000,0.070000,0.930000,0.920000,14,81.75
0xd667d3a8a6a565605982a0d319ae5204d390b585ec2a95d7e62bb8520cb3b877,2026-08-02NDH24:45:00Z,1785682137889,1785682200000,0.080000,0.070000,0.930000,0.920000,24,45.15
0xd667d3a8a6a565605982a0d319ae5204d390b585ec2a95d7e62bb8520cb3b877,2026-08-02NDH24:45:00Z,1785682138391,1785682200000,0.080000,0.070000,0.930000,0.920000,64.48,51.98
0xd667d3a8a6a565605982a0d319ae5204d390b585ec2a95d7e62bb8520cb3b877,2026-08-02NDH24:45:00Z,1785682138891,1785682200000,0.080000,0.070000,0.930000,0.920000,85.57,33.77
0xd667d3a8a6a565605982a0d319ae5204d390b585ec2a95d7e62bb8520cb3b877,2026-08-02NDH24:45:00Z,1785682139390,1785682200000,0.080000,0.070000,0.930000,0.920000,85.57,37.69
0xd667d3a8a6a565605982a0d319ae5204d390b585ec2a95d7e62bb8520cb3b877,2026-08-02NDH24:45:00Z,1785682139890,1785682200000,0.060000,0.050000,0.950000,0.940000,31.25,257.72
0xd667d3a8a6a565605982a0d319ae5204d390b585ec2a95d7e62bb8520cb3b877,2026-08-02NDH24:45:00Z,1785682140392,1785682200000,0.060000,0.050000,0.950000,0.940000,60,260.1
0xd667d3a8a6a565605982a0d319ae5204d390b585ec2a95d7e62bb8520cb3b877,2026-08-02NDH24:45:00Z,1785682140890,1785682200000,0.060000,0.050000,0.950000,0.940000,43.16,249.9
0xd667d3a8a6a565605982a0d319ae5204d390b585ec2a95d7e62bb8520cb3b877,2026-08-02NDH24:45:00Z,1785682141391,1785682200000,0.060000,0.050000,0.950000,0.940000,43.16,192
0xd667d3a8a6a565605982a0d319ae5204d390b585ec2a95d7e62bb8520cb3b877,2026-08-02NDH24:45:00Z,1785682141890,1785682200000,0.060000,0.050000,0.950000,0.940000,72.78,171.51
0xd667d3a8a6a565605982a0d319ae5204d390b585ec2a95d7e62bb8520cb3b877,2026-08-02NDH24:45:00Z,1785682142390,1785682200000,0.060000,0.050000,0.950000,0.940000,67.78,171.51
0xd667d3a8a6a565605982a0d319ae5204d390b585ec2a95d7e62bb8520cb3b877,2026-08-02NDH24:45:00Z,1785682142891,1785682200000,0.060000,0.050000,0.950000,0.940000,67.78,113.73
0xd667d3a8a6a565605982a0d319ae5204d390b585ec2a95d7e62bb8520cb3b877,2026-08-02NDH24:45:00Z,1785682143390,1785682200000,0.060000,0.050000,0.950000,0.940000,72.78,113.73
0xd667d3a8a6a565605982a0d319ae5204d390b585ec2a95d7e62bb8520cb3b877,2026-08-02NDH24:45:00Z,1785682143890,1785682200000,0.060000,0.050000,0.950000,0.940000,43.16,137.19
0xd667d3a8a6a565605982a0d319ae5204d390b585ec2a95d7e62bb8520cb3b877,2026-08-02NDH24:45:00Z,1785682144389,1785682200000,0.060000,0.050000,0.950000,0.940000,58.71,19
0xd667d3a8a6a565605982a0d319ae5204d390b585ec2a95d7e62bb8520cb3b877,2026-08-02NDH24:45:00Z,1785682144891,1785682200000,0.060000,0.050000,0.950000,0.940000,29.14,134.85
0xd667d3a8a6a565605982a0d319ae5204d390b585ec2a95d7e62bb8520cb3b877,2026-08-02NDH24:45:00Z,1785682145389,1785682200000,0.060000,0.050000,0.950000,0.940000,147.51,19
0xd667d3a8a6a565605982a0d319ae5204d390b585ec2a95d7e62bb8520cb3b877,2026-08-02NDH24:45:00Z,1785682145891,1785682200000,0.050000,0.040000,0.960000,0.950000,161.37,118.47
0xd667d3a8a6a565605982a0d319ae5204d390b585ec2a95d7e62bb8520cb3b877,2026-08-02NDH24:45:00Z,1785682146391,1785682200000,0.050000,0.040000,0.960000,0.950000,171.37,86.51
0xd667d3a8a6a565605982a0d319ae5204d390b585ec2a95d7e62bb8520cb3b877,2026-08-02NDH24:45:00Z,1785682146889,1785682200000,0.040000,0.030000,0.970000,0.960000,140.41,955.05
0xd667d3a8a6a565605982a0d319ae5204d390b585ec2a95d7e62bb8520cb3b877,2026-08-02NDH24:45:00Z,1785682147391,1785682200000,0.040000,0.030000,0.970000,0.960000,45.41,1029.56
0xd667d3a8a6a565605982a0d319ae5204d390b585ec2a95d7e62bb8520cb3b877,2026-08-02NDH24:45:00Z,1785682147890,1785682200000,0.040000,0.030000,0.970000,0.960000,50.41,1027.48
0xd667d3a8a6a565605982a0d319ae5204d390b585ec2a95d7e62bb8520cb3b877,2026-08-02NDH24:45:00Z,1785682148390,1785682200000,0.040000,0.030000,0.970000,0.960000,50.41,1027.48
0xd667d3a8a6a565605982a0d319ae5204d390b585ec2a95d7e62bb8520cb3b877,2026-08-02NDH24:45:00Z,1785682148891,1785682200000,0.040000,0.030000,0.970000,0.960000,50.41,1021.11
0xd667d3a8a6a565605982a0d319ae5204d390b585ec2a95d7e62bb8520cb3b877,2026-08-02NDH24:45:00Z,1785682149390,1785682200000,0.050000,0.040000,0.960000,0.950000,110.23,127.98
0xd667d3a8a6a565605982a0d319ae5204d390b585ec2a95d7e62bb8520cb3b877,2026-08-02NDH24:45:00Z,1785682149890,1785682200000,0.050000,0.040000,0.960000,0.950000,82.52,153.37
0xd667d3a8a6a565605982a0d319ae5204d390b585ec2a95d7e62bb8520cb3b877,2026-08-02NDH24:45:00Z,1785682150390,1785682200000,0.050000,0.040000,0.960000,0.950000,100.16,126.34
0xd667d3a8a6a565605982a0d319ae5204d390b585ec2a95d7e62bb8520cb3b877,2026-08-02NDH24:45:00Z,1785682150890,1785682200000,0.050000,0.040000,0.960000,0.950000,100.16,4.47
0xd667d3a8a6a565605982a0d319ae5204d390b585ec2a95d7e62bb8520cb3b877,2026-08-02NDH24:45:00Z,1785682151390,1785682200000,0.040000,0.030000,0.970000,0.960000,10,779.02
0xd667d3a8a6a565605982a0d319ae5204d390b585ec2a95d7e62bb8520cb3b877,2026-08-02NDH24:45:00Z,1785682151891,1785682200000,0.040000,0.030000,0.970000,0.960000,6.9,708.4
0xd667d3a8a6a565605982a0d319ae5204d390b585ec2a95d7e62bb8520cb3b877,2026-08-02NDH24:45:00Z,1785682152391,1785682200000,0.040000,0.030000,0.970000,0.960000,6.9,755.3
0xd667d3a8a6a565605982a0d319ae5204d390b585ec2a95d7e62bb8520cb3b877,2026-08-02NDH24:45:00Z,1785682152890,1785682200000,0.040000,0.030000,0.970000,0.960000,6.9,562.59
0xd667d3a8a6a565605982a0d319ae5204d390b585ec2a95d7e62bb8520cb3b877,2026-08-02NDH24:45:00Z,1785682153390,1785682200000,0.050000,0.040000,0.960000,0.950000,240.64,35
0xd667d3a8a6a565605982a0d319ae5204d390b585ec2a95d7e62bb8520cb3b877,2026-08-02NDH24:45:00Z,1785682153891,1785682200000,0.050000,0.040000,0.960000,0.950000,99.84,111.4
0xd667d3a8a6a565605982a0d319ae5204d390b585ec2a95d7e62bb8520cb3b877,2026-08-02NDH24:45:00Z,1785682154391,1785682200000,0.050000,0.040000,0.960000,0.950000,93.34,109.23
0xd667d3a8a6a565605982a0d319ae5204d390b585ec2a95d7e62bb8520cb3b877,2026-08-02NDH24:45:00Z,1785682154890,1785682200000,0.050000,0.040000,0.960000,0.950000,225.34,104.02
0xd667d3a8a6a565605982a0d319ae5204d390b585ec2a95d7e62bb8520cb3b877,2026-08-02NDH24:45:00Z,1785682155389,1785682200000,0.050000,0.040000,0.960000,0.950000,252.48,17.42
0xd667d3a8a6a565605982a0d319ae5204d390b585ec2a95d7e62bb8520cb3b877,2026-08-02NDH24:45:00Z,1785682155890,1785682200000,0.050000,0.040000,0.960000,0.950000,252.48,11.17
0xd667d3a8a6a565605982a0d319ae5204d390b585ec2a95d7e62bb8520cb3b877,2026-08-02NDH24:45:00Z,1785682156390,1785682200000,0.040000,0.030000,0.970000,0.960000,144.37,446.66
0xd667d3a8a6a565605982a0d319ae5204d390b585ec2a95d7e62bb8520cb3b877,2026-08-02NDH24:45:00Z,1785682156890,1785682200000,0.040000,0.030000,0.970000,0.960000,111.95,481.49
0xd667d3a8a6a565605982a0d319ae5204d390b585ec2a95d7e62bb8520cb3b877,2026-08-02NDH24:45:00Z,1785682157391,1785682200000,0.040000,0.030000,0.970000,0.960000,111.95,453.35
0xd667d3a8a6a565605982a0d319ae5204d390b585ec2a95d7e62bb8520cb3b877,2026-08-02NDH24:45:00Z,1785682157891,1785682200000,0.040000,0.030000,0.970000,0.960000,152.14,408.98
0xd667d3a8a6a565605982a0d319ae5204d390b585ec2a95d7e62bb8520cb3b877,2026-08-02NDH24:45:00Z,1785682158390,1785682200000,0.040000,0.030000,0.970000,0.960000,155.67,358.98
0xd667d3a8a6a565605982a0d319ae5204d390b585ec2a95d7e62bb8520cb3b877,2026-08-02NDH24:45:00Z,1785682158891,1785682200000,0.040000,0.030000,0.970000,0.960000,120.48,394.19
0xd667d3a8a6a565605982a0d319ae5204d390b585ec2a95d7e62bb8520cb3b877,2026-08-02NDH24:45:00Z,1785682159391,1785682200000,0.040000,0.030000,0.970000,0.960000,220.58,329.14
0xd667d3a8a6a565605982a0d319ae5204d390b585ec2a95d7e62bb8520cb3b877,2026-08-02NDH24:45:00Z,1785682159890,1785682200000,0.040000,0.030000,0.970000,0.960000,220.58,329.14
0xd667d3a8a6a565605982a0d319ae5204d390b585ec2a95d7e62bb8520cb3b877,2026-08-02NDH24:45:00Z,1785682160391,1785682200000,0.050000,0.030000,0.970000,0.950000,238.09,329.14
0xd667d3a8a6a565605982a0d319ae5204d390b585ec2a95d7e62bb8520cb3b877,2026-08-02NDH24:45:00Z,1785682160890,1785682200000,0.040000,0.030000,0.970000,0.960000,40,355.57
0xd667d3a8a6a565605982a0d319ae5204d390b585ec2a95d7e62bb8520cb3b877,2026-08-02NDH24:45:00Z,1785682161390,1785682200000,0.040000,0.030000,0.970000,0.960000,39.98,247.48
0xd667d3a8a6a565605982a0d319ae5204d390b585ec2a95d7e62bb8520cb3b877,2026-08-02NDH24:45:00Z,1785682161891,1785682200000,0.040000,0.030000,0.970000,0.960000,39.98,143.53
0xd667d3a8a6a565605982a0d319ae5204d390b585ec2a95d7e62bb8520cb3b877,2026-08-02NDH24:45:00Z,1785682162389,1785682200000,0.040000,0.030000,0.970000,0.960000,83.69,138.37
0xd667d3a8a6a565605982a0d319ae5204d390b585ec2a95d7e62bb8520cb3b877,2026-08-02NDH24:45:00Z,1785682162890,1785682200000,0.040000,0.030000,0.970000,0.960000,47.56,40.41
0xd667d3a8a6a565605982a0d319ae5204d390b585ec2a95d7e62bb8520cb3b877,2026-08-02NDH24:45:00Z,1785682163390,1785682200000,0.040000,0.030000,0.970000,0.960000,33.6,40.41
0xd667d3a8a6a565605982a0d319ae5204d390b585ec2a95d7e62bb8520cb3b877,2026-08-02NDH24:45:00Z,1785682163891,1785682200000,0.040000,0.030000,0.970000,0.960000,33.6,81.62
0xd667d3a8a6a565605982a0d319ae5204d390b585ec2a95d7e62bb8520cb3b877,2026-08-02NDH24:45:00Z,1785682164390,1785682200000,0.040000,0.030000,0.970000,0.960000,49.73,4.64
0xd667d3a8a6a565605982a0d319ae5204d390b585ec2a95d7e62bb8520cb3b877,2026-08-02NDH24:45:00Z,1785682164891,1785682200000,0.040000,0.030000,0.970000,0.960000,139.43,4.64
0xd667d3a8a6a565605982a0d319ae5204d390b585ec2a95d7e62bb8520cb3b877,2026-08-02NDH24:45:00Z,1785682165391,1785682200000,0.030000,0.020000,0.980000,0.970000,225.16,1265.79
0xd667d3a8a6a565605982a0d319ae5204d390b585ec2a95d7e62bb8520cb3b877,2026-08-02NDH24:45:00Z,1785682165890,1785682200000,0.030000,0.020000,0.980000,0.970000,218.79,1252.51
0xd667d3a8a6a565605982a0d319ae5204d390b585ec2a95d7e62bb8520cb3b877,2026-08-02NDH24:45:00Z,1785682166391,1785682200000,0.030000,0.020000,0.980000,0.970000,393.27,732.09
0xd667d3a8a6a565605982a0d319ae5204d390b585ec2a95d7e62bb8520cb3b877,2026-08-02NDH24:45:00Z,1785682166890,1785682200000,0.030000,0.020000,0.980000,0.970000,293.79,727.99
0xd667d3a8a6a565605982a0d319ae5204d390b585ec2a95d7e62bb8520cb3b877,2026-08-02NDH24:45:00Z,1785682167390,1785682200000,0.030000,0.020000,0.980000,0.970000,376.7,625.94
0xd667d3a8a6a565605982a0d319ae5204d390b585ec2a95d7e62bb8520cb3b877,2026-08-02NDH24:45:00Z,1785682167891,1785682200000,0.030000,0.020000,0.980000,0.970000,432.49,615.72
0xd667d3a8a6a565605982a0d319ae5204d390b585ec2a95d7e62bb8520cb3b877,2026-08-02NDH24:45:00Z,1785682168390,1785682200000,0.030000,0.020000,0.980000,0.970000,606.16,615.72
0xd667d3a8a6a565605982a0d319ae5204d390b585ec2a95d7e62bb8520cb3b877,2026-08-02NDH24:45:00Z,1785682168891,1785682200000,0.030000,0.020000,0.980000,0.970000,368.79,565.72
0xd667d3a8a6a565605982a0d319ae5204d390b585ec2a95d7e62bb8520cb3b877,2026-08-02NDH24:45:00Z,1785682169389,1785682200000,0.030000,0.020000,0.980000,0.970000,398.79,665.72
0xd667d3a8a6a565605982a0d319ae5204d390b585ec2a95d7e62bb8520cb3b877,2026-08-02NDH24:45:00Z,1785682169890,1785682200000,0.030000,0.020000,0.980000,0.970000,292.41,649.14
0xd667d3a8a6a565605982a0d319ae5204d390b585ec2a95d7e62bb8520cb3b877,2026-08-02NDH24:45:00Z,1785682170390,1785682200000,0.030000,0.020000,0.980000,0.970000,413.99,636.89
0xd667d3a8a6a565605982a0d319ae5204d390b585ec2a95d7e62bb8520cb3b877,2026-08-02NDH24:45:00Z,1785682170890,1785682200000,0.030000,0.020000,0.980000,0.970000,433.99,619.6
0xd667d3a8a6a565605982a0d319ae5204d390b585ec2a95d7e62bb8520cb3b877,2026-08-02NDH24:45:00Z,1785682171390,1785682200000,0.030000,0.020000,0.980000,0.970000,719.79,373.83
0xd667d3a8a6a565605982a0d319ae5204d390b585ec2a95d7e62bb8520cb3b877,2026-08-02NDH24:45:00Z,1785682171889,1785682200000,0.020000,0.010000,0.990000,0.980000,842.85,3158.08
0xd667d3a8a6a565605982a0d319ae5204d390b585ec2a95d7e62bb8520cb3b877,2026-08-02NDH24:45:00Z,1785682172390,1785682200000,0.020000,0.010000,0.990000,0.980000,855.75,3153.02
0xd667d3a8a6a565605982a0d319ae5204d390b585ec2a95d7e62bb8520cb3b877,2026-08-02NDH24:45:00Z,1785682172890,1785682200000,0.020000,0.010000,0.990000,0.980000,875.85,3138.94
0xd667d3a8a6a565605982a0d319ae5204d390b585ec2a95d7e62bb8520cb3b877,2026-08-02NDH24:45:00Z,1785682173390,1785682200000,0.020000,0.010000,0.990000,0.980000,875.85,2892.63
0xd667d3a8a6a565605982a0d319ae5204d390b585ec2a95d7e62bb8520cb3b877,2026-08-02NDH24:45:00Z,1785682173891,1785682200000,0.020000,0.010000,0.990000,0.980000,1385.85,2403.21
0xd667d3a8a6a565605982a0d319ae5204d390b585ec2a95d7e62bb8520cb3b877,2026-08-02NDH24:45:00Z,1785682174391,1785682200000,0.020000,0.010000,0.990000,0.980000,1429.04,2403.21
0xd667d3a8a6a565605982a0d319ae5204d390b585ec2a95d7e62bb8520cb3b877,2026-08-02NDH24:45:00Z,1785682174890,1785682200000,0.020000,0.010000,0.990000,0.980000,1429.04,2382.97
0xd667d3a8a6a565605982a0d319ae5204d390b585ec2a95d7e62bb8520cb3b877,2026-08-02NDH24:45:00Z,1785682175390,1785682200000,0.020000,0.010000,0.990000,0.980000,1092.63,2353.7
0xd667d3a8a6a565605982a0d319ae5204d390b585ec2a95d7e62bb8520cb3b877,2026-08-02NDH24:45:00Z,1785682175891,1785682200000,0.020000,0.010000,0.990000,0.980000,1069.45,2579.94
0xd667d3a8a6a565605982a0d319ae5204d390b585ec2a95d7e62bb8520cb3b877,2026-08-02NDH24:45:00Z,1785682176390,1785682200000,0.020000,0.010000,0.990000,0.980000,1093.86,2034.95
0xd667d3a8a6a565605982a0d319ae5204d390b585ec2a95d7e62bb8520cb3b877,2026-08-02NDH24:45:00Z,1785682176889,1785682200000,0.020000,0.010000,0.990000,0.980000,1026.57,2004.64
0xd667d3a8a6a565605982a0d319ae5204d390b585ec2a95d7e62bb8520cb3b877,2026-08-02NDH24:45:00Z,1785682177389,1785682200000,0.020000,0.010000,0.990000,0.980000,1026.57,1843.62
0xd667d3a8a6a565605982a0d319ae5204d390b585ec2a95d7e62bb8520cb3b877,2026-08-02NDH24:45:00Z,1785682177891,1785682200000,0.020000,0.010000,0.990000,0.980000,1026.57,1300.29
0xd667d3a8a6a565605982a0d319ae5204d390b585ec2a95d7e62bb8520cb3b877,2026-08-02NDH24:45:00Z,1785682178390,1785682200000,0.020000,0.010000,0.990000,0.980000,1021.47,1130.29
0xd667d3a8a6a565605982a0d319ae5204d390b585ec2a95d7e62bb8520cb3b877,2026-08-02NDH24:45:00Z,1785682178891,1785682200000,0.020000,0.010000,0.990000,0.980000,1013.41,1134.29
0xd667d3a8a6a565605982a0d319ae5204d390b585ec2a95d7e62bb8520cb3b877,2026-08-02NDH24:45:00Z,1785682179389,1785682200000,0.020000,0.010000,0.990000,0.980000,1023.12,1075.18
0xd667d3a8a6a565605982a0d319ae5204d390b585ec2a95d7e62bb8520cb3b877,2026-08-02NDH24:45:00Z,1785682179891,1785682200000,0.020000,0.010000,0.990000,0.980000,998.47,927.7
0xd667d3a8a6a565605982a0d319ae5204d390b585ec2a95d7e62bb8520cb3b877,2026-08-02NDH24:45:00Z,1785682180390,1785682200000,0.010000,0.000000,1.000000,0.990000,7162.12,
0xd667d3a8a6a565605982a0d319ae5204d390b585ec2a95d7e62bb8520cb3b877,2026-08-02NDH24:45:00Z,1785682180890,1785682200000,0.010000,0.000000,1.000000,0.990000,7051.82,
0xd667d3a8a6a565605982a0d319ae5204d390b585ec2a95d7e62bb8520cb3b877,2026-08-02NDH24:45:00Z,1785682181391,1785682200000,0.010000,0.000000,1.000000,0.990000,7243.81,
0xd667d3a8a6a565605982a0d319ae5204d390b585ec2a95d7e62bb8520cb3b877,2026-08-02NDH24:45:00Z,1785682181889,1785682200000,0.010000,0.000000,1.000000,0.990000,7753.81,
0xd667d3a8a6a565605982a0d319ae5204d390b585ec2a95d7e62bb8520cb3b877,2026-08-02NDH24:45:00Z,1785682182390,1785682200000,0.010000,0.000000,1.000000,0.990000,8163,
0xd667d3a8a6a565605982a0d319ae5204d390b585ec2a95d7e62bb8520cb3b877,2026-08-02NDH24:45:00Z,1785682182890,1785682200000,0.010000,0.000000,1.000000,0.990000,8351.81,
0xd667d3a8a6a565605982a0d319ae5204d390b585ec2a95d7e62bb8520cb3b877,2026-08-02NDH24:45:00Z,1785682183390,1785682200000,0.010000,0.000000,1.000000,0.990000,8051.81,
0xd667d3a8a6a565605982a0d319ae5204d390b585ec2a95d7e62bb8520cb3b877,2026-08-02NDH24:45:00Z,1785682183891,1785682200000,0.010000,0.000000,1.000000,0.990000,8057.76,
0xd667d3a8a6a565605982a0d319ae5204d390b585ec2a95d7e62bb8520cb3b877,2026-08-02NDH24:45:00Z,1785682184390,1785682200000,0.010000,0.000000,1.000000,0.990000,9877.77,
0xd667d3a8a6a565605982a0d319ae5204d390b585ec2a95d7e62bb8520cb3b877,2026-08-02NDH24:45:00Z,1785682184889,1785682200000,0.010000,0.000000,1.000000,0.990000,9882.72,
0xd667d3a8a6a565605982a0d319ae5204d390b585ec2a95d7e62bb8520cb3b877,2026-08-02NDH24:45:00Z,1785682185390,1785682200000,0.010000,0.000000,1.000000,0.990000,9601.17,
0xd667d3a8a6a565605982a0d319ae5204d390b585ec2a95d7e62bb8520cb3b877,2026-08-02NDH24:45:00Z,1785682185891,1785682200000,0.010000,0.000000,1.000000,0.990000,9594.76,
0xd667d3a8a6a565605982a0d319ae5204d390b585ec2a95d7e62bb8520cb3b877,2026-08-02NDH24:45:00Z,1785682186389,1785682200000,0.010000,0.000000,1.000000,0.990000,9499.4,
0xd667d3a8a6a565605982a0d319ae5204d390b585ec2a95d7e62bb8520cb3b877,2026-08-02NDH24:45:00Z,1785682186891,1785682200000,0.010000,0.000000,1.000000,0.990000,9492.91,
0xd667d3a8a6a565605982a0d319ae5204d390b585ec2a95d7e62bb8520cb3b877,2026-08-02NDH24:45:00Z,1785682187389,1785682200000,0.010000,0.000000,1.000000,0.990000,9491.1,
0xd667d3a8a6a565605982a0d319ae5204d390b585ec2a95d7e62bb8520cb3b877,2026-08-02NDH24:45:00Z,1785682187890,1785682200000,0.010000,0.000000,1.000000,0.990000,9991.1,
0xd667d3a8a6a565605982a0d319ae5204d390b585ec2a95d7e62bb8520cb3b877,2026-08-02NDH24:45:00Z,1785682188390,1785682200000,0.010000,0.000000,1.000000,0.990000,9490.03,
0xd667d3a8a6a565605982a0d319ae5204d390b585ec2a95d7e62bb8520cb3b877,2026-08-02NDH24:45:00Z,1785682188891,1785682200000,0.010000,0.000000,1.000000,0.990000,9484.98,
0xd667d3a8a6a565605982a0d319ae5204d390b585ec2a95d7e62bb8520cb3b877,2026-08-02NDH24:45:00Z,1785682189389,1785682200000,0.010000,0.000000,1.000000,0.990000,9564.64,
0xd667d3a8a6a565605982a0d319ae5204d390b585ec2a95d7e62bb8520cb3b877,2026-08-02NDH24:45:00Z,1785682189891,1785682200000,0.010000,0.000000,1.000000,0.990000,10064.64,
0xd667d3a8a6a565605982a0d319ae5204d390b585ec2a95d7e62bb8520cb3b877,2026-08-02NDH24:45:00Z,1785682190389,1785682200000,0.010000,0.000000,1.000000,0.990000,9626.43,
0xd667d3a8a6a565605982a0d319ae5204d390b585ec2a95d7e62bb8520cb3b877,2026-08-02NDH24:45:00Z,1785682190889,1785682200000,0.010000,0.000000,1.000000,0.990000,9599.69,
0xd667d3a8a6a565605982a0d319ae5204d390b585ec2a95d7e62bb8520cb3b877,2026-08-02NDH24:45:00Z,1785682191390,1785682200000,0.010000,0.000000,1.000000,0.990000,10155.71,
0xd667d3a8a6a565605982a0d319ae5204d390b585ec2a95d7e62bb8520cb3b877,2026-08-02NDH24:45:00Z,1785682191891,1785682200000,0.010000,0.000000,1.000000,0.990000,9665.66,
0xd667d3a8a6a565605982a0d319ae5204d390b585ec2a95d7e62bb8520cb3b877,2026-08-02NDH24:45:00Z,1785682192389,1785682200000,0.010000,0.000000,1.000000,0.990000,10195.66,
0xd667d3a8a6a565605982a0d319ae5204d390b585ec2a95d7e62bb8520cb3b877,2026-08-02NDH24:45:00Z,1785682192890,1785682200000,0.010000,0.000000,1.000000,0.990000,10220.66,
0xd667d3a8a6a565605982a0d319ae5204d390b585ec2a95d7e62bb8520cb3b877,2026-08-02NDH24:45:00Z,1785682193391,1785682200000,0.010000,0.000000,1.000000,0.990000,10250.66,
0xd667d3a8a6a565605982a0d319ae5204d390b585ec2a95d7e62bb8520cb3b877,2026-08-02NDH24:45:00Z,1785682193891,1785682200000,0.010000,0.000000,1.000000,0.990000,10240.66,
0xd667d3a8a6a565605982a0d319ae5204d390b585ec2a95d7e62bb8520cb3b877,2026-08-02NDH24:45:00Z,1785682194389,1785682200000,0.010000,0.000000,1.000000,0.990000,10310.71,
0xd667d3a8a6a565605982a0d319ae5204d390b585ec2a95d7e62bb8520cb3b877,2026-08-02NDH24:45:00Z,1785682194890,1785682200000,0.010000,0.000000,1.000000,0.990000,10305.66,
0xd667d3a8a6a565605982a0d319ae5204d390b585ec2a95d7e62bb8520cb3b877,2026-08-02NDH24:45:00Z,1785682195390,1785682200000,0.010000,0.000000,1.000000,0.990000,10487.73,
0xd667d3a8a6a565605982a0d319ae5204d390b585ec2a95d7e62bb8520cb3b877,2026-08-02NDH24:45:00Z,1785682195890,1785682200000,0.010000,0.000000,1.000000,0.990000,10505.33,
0xd667d3a8a6a565605982a0d319ae5204d390b585ec2a95d7e62bb8520cb3b877,2026-08-02NDH24:45:00Z,1785682196390,1785682200000,0.010000,0.000000,1.000000,0.990000,16013.27,
0xd667d3a8a6a565605982a0d319ae5204d390b585ec2a95d7e62bb8520cb3b877,2026-08-02NDH24:45:00Z,1785682196889,1785682200000,0.010000,0.000000,1.000000,0.990000,17162.86,
0xd667d3a8a6a565605982a0d319ae5204d390b585ec2a95d7e62bb8520cb3b877,2026-08-02NDH24:45:00Z,1785682197390,1785682200000,0.010000,0.000000,1.000000,0.990000,18703.01,
0xd667d3a8a6a565605982a0d319ae5204d390b585ec2a95d7e62bb8520cb3b877,2026-08-02NDH24:45:00Z,1785682197891,1785682200000,0.010000,0.000000,1.000000,0.990000,18718.96,
0xd667d3a8a6a565605982a0d319ae5204d390b585ec2a95d7e62bb8520cb3b877,2026-08-02NDH24:45:00Z,1785682198389,1785682200000,0.010000,0.000000,1.000000,0.990000,19426.48,
0xd667d3a8a6a565605982a0d319ae5204d390b585ec2a95d7e62bb8520cb3b877,2026-08-02NDH24:45:00Z,1785682198891,1785682200000,0.010000,0.000000,1.000000,0.990000,26096.47,
0xd667d3a8a6a565605982a0d319ae5204d390b585ec2a95d7e62bb8520cb3b877,2026-08-02NDH24:45:00Z,1785682199389,1785682200000,0.010000,0.000000,1.000000,0.990000,47942.81,
0xd667d3a8a6a565605982a0d319ae5204d390b585ec2a95d7e62bb8520cb3b877,2026-08-02NDH24:45:00Z,1785682199890,1785682200000,0.010000,0.000000,1.000000,0.990000,51787.81,
0xe213e704c61f9373b70c6b5b011630a7c05987e1cb1eae6dc4bc04f75961c0a0,2026-08-02NDH24:40:00Z,1785681600390,1785681900000,,,,,,
0xe213e704c61f9373b70c6b5b011630a7c05987e1cb1eae6dc4bc04f75961c0a0,2026-08-02NDH24:40:00Z,1785681600888,1785681900000,0.560000,0.550000,0.450000,0.440000,205,24.63
0xe213e704c61f9373b70c6b5b011630a7c05987e1cb1eae6dc4bc04f75961c0a0,2026-08-02NDH24:40:00Z,1785681601390,1785681900000,0.600000,0.590000,0.410000,0.400000,274.12,285.26
0xe213e704c61f9373b70c6b5b011630a7c05987e1cb1eae6dc4bc04f75961c0a0,2026-08-02NDH24:40:00Z,1785681601890,1785681900000,0.600000,0.590000,0.410000,0.400000,101.41,5.46
0xe213e704c61f9373b70c6b5b011630a7c05987e1cb1eae6dc4bc04f75961c0a0,2026-08-02NDH24:40:00Z,1785681602388,1785681900000,0.590000,0.580000,0.420000,0.410000,37.15,285
0xe213e704c61f9373b70c6b5b011630a7c05987e1cb1eae6dc4bc04f75961c0a0,2026-08-02NDH24:40:00Z,1785681602890,1785681900000,0.620000,0.610000,0.390000,0.380000,25.1,240
0xe213e704c61f9373b70c6b5b011630a7c05987e1cb1eae6dc4bc04f75961c0a0,2026-08-02NDH24:40:00Z,1785681603389,1785681900000,0.640000,0.630000,0.370000,0.360000,122.65,20.11
0xe213e704c61f9373b70c6b5b011630a7c05987e1cb1eae6dc4bc04f75961c0a0,2026-08-02NDH24:40:00Z,1785681603888,1785681900000,0.620000,0.610000,0.390000,0.380000,47.89,72.16
0xe213e704c61f9373b70c6b5b011630a7c05987e1cb1eae6dc4bc04f75961c0a0,2026-08-02NDH24:40:00Z,1785681604390,1785681900000,0.620000,0.610000,0.390000,0.380000,37.89,141.19
0xe213e704c61f9373b70c6b5b011630a7c05987e1cb1eae6dc4bc04f75961c0a0,2026-08-02NDH24:40:00Z,1785681604889,1785681900000,0.620000,0.610000,0.390000,0.380000,8.56,129.52
0xe213e704c61f9373b70c6b5b011630a7c05987e1cb1eae6dc4bc04f75961c0a0,2026-08-02NDH24:40:00Z,1785681605390,1785681900000,0.640000,0.630000,0.370000,0.360000,28,140.62
0xe213e704c61f9373b70c6b5b011630a7c05987e1cb1eae6dc4bc04f75961c0a0,2026-08-02NDH24:40:00Z,1785681605889,1785681900000,0.640000,0.630000,0.370000,0.360000,91.92,34
0xe213e704c61f9373b70c6b5b011630a7c05987e1cb1eae6dc4bc04f75961c0a0,2026-08-02NDH24:40:00Z,1785681606390,1785681900000,0.640000,0.630000,0.370000,0.360000,38.81,21.29
0xe213e704c61f9373b70c6b5b011630a7c05987e1cb1eae6dc4bc04f75961c0a0,2026-08-02NDH24:40:00Z,1785681606889,1785681900000,0.620000,0.610000,0.390000,0.380000,73.37,87.59
0xe213e704c61f9373b70c6b5b011630a7c05987e1cb1eae6dc4bc04f75961c0a0,2026-08-02NDH24:40:00Z,1785681607389,1785681900000,0.620000,0.610000,0.390000,0.380000,179.98,35.33
0xe213e704c61f9373b70c6b5b011630a7c05987e1cb1eae6dc4bc04f75961c0a0,2026-08-02NDH24:40:00Z,1785681607889,1785681900000,0.620000,0.610000,0.390000,0.380000,235.21,5
0xe213e704c61f9373b70c6b5b011630a7c05987e1cb1eae6dc4bc04f75961c0a0,2026-08-02NDH24:40:00Z,1785681608388,1785681900000,0.550000,0.540000,0.460000,0.450000,46.94,284.05
0xe213e704c61f9373b70c6b5b011630a7c05987e1cb1eae6dc4bc04f75961c0a0,2026-08-02NDH24:40:00Z,1785681608891,1785681900000,0.550000,0.540000,0.460000,0.450000,3.86,344.48
0xe213e704c61f9373b70c6b5b011630a7c05987e1cb1eae6dc4bc04f75961c0a0,2026-08-02NDH24:40:00Z,1785681609388,1785681900000,0.560000,0.550000,0.450000,0.440000,66.9,203.37
0xe213e704c61f9373b70c6b5b011630a7c05987e1cb1eae6dc4bc04f75961c0a0,2026-08-02NDH24:40:00Z,1785681609889,1785681900000,0.560000,0.550000,0.450000,0.440000,66.9,262.35
0xe213e704c61f9373b70c6b5b011630a7c05987e1cb1eae6dc4bc04f75961c0a0,2026-08-02NDH24:40:00Z,1785681610389,1785681900000,0.560000,0.550000,0.450000,0.440000,98.12,203.37
0xe213e704c61f9373b70c6b5b011630a7c05987e1cb1eae6dc4bc04f75961c0a0,2026-08-02NDH24:40:00Z,1785681610888,1785681900000,0.560000,0.550000,0.450000,0.440000,66.9,285.66
0xe213e704c61f9373b70c6b5b011630a7c05987e1cb1eae6dc4bc04f75961c0a0,2026-08-02NDH24:40:00Z,1785681611390,1785681900000,0.560000,0.550000,0.450000,0.440000,82.46,218.18
0xe213e704c61f9373b70c6b5b011630a7c05987e1cb1eae6dc4bc04f75961c0a0,2026-08-02NDH24:40:00Z,1785681611889,1785681900000,0.510000,0.500000,0.500000,0.490000,109.37,17
0xe213e704c61f9373b70c6b5b011630a7c05987e1cb1eae6dc4bc04f75961c0a0,2026-08-02NDH24:40:00Z,1785681612388,1785681900000,0.490000,0.480000,0.520000,0.510000,256.83,103.06
0xe213e704c61f9373b70c6b5b011630a7c05987e1cb1eae6dc4bc04f75961c0a0,2026-08-02NDH24:40:00Z,1785681612890,1785681900000,0.490000,0.480000,0.520000,0.510000,47.16,103.17
0xe213e704c61f9373b70c6b5b011630a7c05987e1cb1eae6dc4bc04f75961c0a0,2026-08-02NDH24:40:00Z,1785681613388,1785681900000,0.490000,0.480000,0.520000,0.510000,33.47,180.06
0xe213e704c61f9373b70c6b5b011630a7c05987e1cb1eae6dc4bc04f75961c0a0,2026-08-02NDH24:40:00Z,1785681613889,1785681900000,0.490000,0.480000,0.520000,0.510000,418.03,20
0xe213e704c61f9373b70c6b5b011630a7c05987e1cb1eae6dc4bc04f75961c0a0,2026-08-02NDH24:40:00Z,1785681614390,1785681900000,0.480000,0.470000,0.530000,0.520000,537.63,105
0xe213e704c61f9373b70c6b5b011630a7c05987e1cb1eae6dc4bc04f75961c0a0,2026-08-02NDH24:40:00Z,1785681614889,1785681900000,0.480000,0.470000,0.530000,0.520000,503.13,100
0xe213e704c61f9373b70c6b5b011630a7c05987e1cb1eae6dc4bc04f75961c0a0,2026-08-02NDH24:40:00Z,1785681615390,1785681900000,0.480000,0.470000,0.530000,0.520000,470.06,97.84
0xe213e704c61f9373b70c6b5b011630a7c05987e1cb1eae6dc4bc04f75961c0a0,2026-08-02NDH24:40:00Z,1785681615882,1785681900000,0.460000,0.450000,0.550000,0.540000,526.13,161.64
0xe213e704c61f9373b70c6b5b011630a7c05987e1cb1eae6dc4bc04f75961c0a0,2026-08-02NDH24:40:00Z,1785681616390,1785681900000,0.460000,0.450000,0.550000,0.540000,517.38,133.42
0xe213e704c61f9373b70c6b5b011630a7c05987e1cb1eae6dc4bc04f75961c0a0,2026-08-02NDH24:40:00Z,1785681616889,1785681900000,0.460000,0.450000,0.550000,0.540000,495.12,170.71
0xe213e704c61f9373b70c6b5b011630a7c05987e1cb1eae6dc4bc04f75961c0a0,2026-08-02NDH24:40:00Z,1785681617389,1785681900000,0.460000,0.450000,0.550000,0.540000,492.94,161.61
0xe213e704c61f9373b70c6b5b011630a7c05987e1cb1eae6dc4bc04f75961c0a0,2026-08-02NDH24:40:00Z,1785681617889,1785681900000,0.460000,0.450000,0.550000,0.540000,492.94,161.61
0xe213e704c61f9373b70c6b5b011630a7c05987e1cb1eae6dc4bc04f75961c0a0,2026-08-02NDH24:40:00Z,1785681618390,1785681900000,0.460000,0.450000,0.550000,0.540000,486.27,141.43
0xe213e704c61f9373b70c6b5b011630a7c05987e1cb1eae6dc4bc04f75961c0a0,2026-08-02NDH24:40:00Z,1785681618889,1785681900000,0.460000,0.450000,0.550000,0.540000,20.07,193.09
0xe213e704c61f9373b70c6b5b011630a7c05987e1cb1eae6dc4bc04f75961c0a0,2026-08-02NDH24:40:00Z,1785681619389,1785681900000,0.470000,0.460000,0.540000,0.530000,153.1,295.36
0xe213e704c61f9373b70c6b5b011630a7c05987e1cb1eae6dc4bc04f75961c0a0,2026-08-02NDH24:40:00Z,1785681619889,1785681900000,0.470000,0.460000,0.540000,0.530000,16.92,335.47
0xe213e704c61f9373b70c6b5b011630a7c05987e1cb1eae6dc4bc04f75961c0a0,2026-08-02NDH24:40:00Z,1785681620389,1785681900000,0.480000,0.470000,0.530000,0.520000,271.22,160.99
0xe213e704c61f9373b70c6b5b011630a7c05987e1cb1eae6dc4bc04f75961c0a0,2026-08-02NDH24:40:00Z,1785681620889,1785681900000,0.480000,0.470000,0.530000,0.520000,274.13,150.8
0xe213e704c61f9373b70c6b5b011630a7c05987e1cb1eae6dc4bc04f75961c0a0,2026-08-02NDH24:40:00Z,1785681621389,1785681900000,0.480000,0.470000,0.530000,0.520000,50.11,377.13
0xe213e704c61f9373b70c6b5b011630a7c05987e1cb1eae6dc4bc04f75961c0a0,2026-08-02NDH24:40:00Z,1785681621889,1785681900000,0.480000,0.470000,0.530000,0.520000,70.11,396.84
0xe213e704c61f9373b70c6b5b011630a7c05987e1cb1eae6dc4bc04f75961c0a0,2026-08-02NDH24:40:00Z,1785681622389,1785681900000,0.480000,0.470000,0.530000,0.520000,127.93,195.07
0xe213e704c61f9373b70c6b5b011630a7c05987e1cb1eae6dc4bc04f75961c0a0,2026-08-02NDH24:40:00Z,1785681622890,1785681900000,0.480000,0.470000,0.530000,0.520000,127.93,175.63
0xe213e704c61f9373b70c6b5b011630a7c05987e1cb1eae6dc4bc04f75961c0a0,2026-08-02NDH24:40:00Z,1785681623389,1785681900000,0.480000,0.470000,0.530000,0.520000,148.11,147.85
0xe213e704c61f9373b70c6b5b011630a7c05987e1cb1eae6dc4bc04f75961c0a0,2026-08-02NDH24:40:00Z,1785681623889,1785681900000,0.480000,0.470000,0.530000,0.520000,38.55,272.77
0xe213e704c61f9373b70c6b5b011630a7c05987e1cb1eae6dc4bc04f75961c0a0,2026-08-02NDH24:40:00Z,1785681624389,1785681900000,0.480000,0.470000,0.530000,0.520000,72.4,244.4
0xe213e704c61f9373b70c6b5b011630a7c05987e1cb1eae6dc4bc04f75961c0a0,2026-08-02NDH24:40:00Z,1785681624889,1785681900000,0.480000,0.470000,0.530000,0.520000,348.43,170.31
0xe213e704c61f9373b70c6b5b011630a7c05987e1cb1eae6dc4bc04f75961c0a0,2026-08-02NDH24:40:00Z,1785681625390,1785681900000,0.480000,0.470000,0.530000,0.520000,425.56,30.32
0xe213e704c61f9373b70c6b5b011630a7c05987e1cb1eae6dc4bc04f75961c0a0,2026-08-02NDH24:40:00Z,1785681625890,1785681900000,0.470000,0.460000,0.540000,0.530000,450.89,236.55
0xe213e704c61f9373b70c6b5b011630a7c05987e1cb1eae6dc4bc04f75961c0a0,2026-08-02NDH24:40:00Z,1785681626389,1785681900000,0.470000,0.460000,0.540000,0.530000,532.44,223.16
0xe213e704c61f9373b70c6b5b011630a7c05987e1cb1eae6dc4bc04f75961c0a0,2026-08-02NDH24:40:00Z,1785681626890,1785681900000,0.470000,0.460000,0.540000,0.530000,398.31,223.16
0xe213e704c61f9373b70c6b5b011630a7c05987e1cb1eae6dc4bc04f75961c0a0,2026-08-02NDH24:40:00Z,1785681627389,1785681900000,0.470000,0.460000,0.540000,0.530000,387.87,112.04
0xe213e704c61f9373b70c6b5b011630a7c05987e1cb1eae6dc4bc04f75961c0a0,2026-08-02NDH24:40:00Z,1785681627889,1785681900000,0.470000,0.460000,0.540000,0.530000,483,102.7
0xe213e704c61f9373b70c6b5b011630a7c05987e1cb1eae6dc4bc04f75961c0a0,2026-08-02NDH24:40:00Z,1785681628388,1785681900000,0.470000,0.460000,0.540000,0.530000,233.15,135.91
0xe213e704c61f9373b70c6b5b011630a7c05987e1cb1eae6dc4bc04f75961c0a0,2026-08-02NDH24:40:00Z,1785681628889,1785681900000,0.470000,0.460000,0.540000,0.530000,118.77,130.53
0xe213e704c61f9373b70c6b5b011630a7c05987e1cb1eae6dc4bc04f75961c0a0,2026-08-02NDH24:40:00Z,1785681629388,1785681900000,0.470000,0.460000,0.540000,0.530000,10,363.68
0xe213e704c61f9373b70c6b5b011630a7c05987e1cb1eae6dc4bc04f75961c0a0,2026-08-02NDH24:40:00Z,1785681629889,1785681900000,0.470000,0.460000,0.540000,0.530000,45,347.88
0xe213e704c61f9373b70c6b5b011630a7c05987e1cb1eae6dc4bc04f75961c0a0,2026-08-02NDH24:40:00Z,1785681630389,1785681900000,0.480000,0.470000,0.530000,0.520000,52.91,229.37
0xe213e704c61f9373b70c6b5b011630a7c05987e1cb1eae6dc4bc04f75961c0a0,2026-08-02NDH24:40:00Z,1785681630890,1785681900000,0.490000,0.480000,0.520000,0.510000,13.81,244.67
0xe213e704c61f9373b70c6b5b011630a7c05987e1cb1eae6dc4bc04f75961c0a0,2026-08-02NDH24:40:00Z,1785681631390,1785681900000,0.490000,0.480000,0.520000,0.510000,42,280.05
0xe213e704c61f9373b70c6b5b011630a7c05987e1cb1eae6dc4bc04f75961c0a0,2026-08-02NDH24:40:00Z,1785681631888,1785681900000,0.490000,0.480000,0.520000,0.510000,37,379.92
0xe213e704c61f9373b70c6b5b011630a7c05987e1cb1eae6dc4bc04f75961c0a0,2026-08-02NDH24:40:00Z,1785681632389,1785681900000,0.490000,0.480000,0.520000,0.510000,37,379.92
0xe213e704c61f9373b70c6b5b011630a7c05987e1cb1eae6dc4bc04f75961c0a0,2026-08-02NDH24:40:00Z,1785681632889,1785681900000,0.490000,0.480000,0.520000,0.510000,37,369.92
0xe213e704c61f9373b70c6b5b011630a7c05987e1cb1eae6dc4bc04f75961c0a0,2026-08-02NDH24:40:00Z,1785681633389,1785681900000,0.500000,0.490000,0.510000,0.500000,1886.39,10
0xe213e704c61f9373b70c6b5b011630a7c05987e1cb1eae6dc4bc04f75961c0a0,2026-08-02NDH24:40:00Z,1785681633890,1785681900000,0.490000,0.480000,0.520000,0.510000,354.81,54.26
0xe213e704c61f9373b70c6b5b011630a7c05987e1cb1eae6dc4bc04f75961c0a0,2026-08-02NDH24:40:00Z,1785681634390,1785681900000,0.490000,0.480000,0.520000,0.510000,354.81,49.26
0xe213e704c61f9373b70c6b5b011630a7c05987e1cb1eae6dc4bc04f75961c0a0,2026-08-02NDH24:40:00Z,1785681634889,1785681900000,0.490000,0.480000,0.520000,0.510000,354.81,49.26
0xe213e704c61f9373b70c6b5b011630a7c05987e1cb1eae6dc4bc04f75961c0a0,2026-08-02NDH24:40:00Z,1785681635389,1785681900000,0.490000,0.480000,0.520000,0.510000,324.81,44.26
0xe213e704c61f9373b70c6b5b011630a7c05987e1cb1eae6dc4bc04f75961c0a0,2026-08-02NDH24:40:00Z,1785681635890,1785681900000,0.490000,0.480000,0.520000,0.510000,23.78,49.26
0xe213e704c61f9373b70c6b5b011630a7c05987e1cb1eae6dc4bc04f75961c0a0,2026-08-02NDH24:40:00Z,1785681636390,1785681900000,0.490000,0.480000,0.520000,0.510000,10,288.63
0xe213e704c61f9373b70c6b5b011630a7c05987e1cb1eae6dc4bc04f75961c0a0,2026-08-02NDH24:40:00Z,1785681636890,1785681900000,0.500000,0.490000,0.510000,0.500000,1857.32,75
0xe213e704c61f9373b70c6b5b011630a7c05987e1cb1eae6dc4bc04f75961c0a0,2026-08-02NDH24:40:00Z,1785681637389,1785681900000,0.500000,0.490000,0.510000,0.500000,1851.72,70
0xe213e704c61f9373b70c6b5b011630a7c05987e1cb1eae6dc4bc04f75961c0a0,2026-08-02NDH24:40:00Z,1785681637889,1785681900000,0.500000,0.490000,0.510000,0.500000,1831.72,70
0xe213e704c61f9373b70c6b5b011630a7c05987e1cb1eae6dc4bc04f75961c0a0,2026-08-02NDH24:40:00Z,1785681638389,1785681900000,0.500000,0.490000,0.510000,0.500000,1826.09,70
0xe213e704c61f9373b70c6b5b011630a7c05987e1cb1eae6dc4bc04f75961c0a0,2026-08-02NDH24:40:00Z,1785681638888,1785681900000,0.500000,0.490000,0.510000,0.500000,1825.26,66.07
0xe213e704c61f9373b70c6b5b011630a7c05987e1cb1eae6dc4bc04f75961c0a0,2026-08-02NDH24:40:00Z,1785681639388,1785681900000,0.500000,0.490000,0.510000,0.500000,1813.82,40.02
0xe213e704c61f9373b70c6b5b011630a7c05987e1cb1eae6dc4bc04f75961c0a0,2026-08-02NDH24:40:00Z,1785681639890,1785681900000,0.490000,0.480000,0.520000,0.510000,337.95,39.28
0xe213e704c61f9373b70c6b5b011630a7c05987e1cb1eae6dc4bc04f75961c0a0,2026-08-02NDH24:40:00Z,1785681640389,1785681900000,0.490000,0.480000,0.520000,0.510000,298.15,39.28
0xe213e704c61f9373b70c6b5b011630a7c05987e1cb1eae6dc4bc04f75961c0a0,2026-08-02NDH24:40:00Z,1785681640889,1785681900000,0.490000,0.480000,0.520000,0.510000,303.15,39.28
0xe213e704c61f9373b70c6b5b011630a7c05987e1cb1eae6dc4bc04f75961c0a0,2026-08-02NDH24:40:00Z,1785681641389,1785681900000,0.490000,0.480000,0.520000,0.510000,305.63,35.85
0xe213e704c61f9373b70c6b5b011630a7c05987e1cb1eae6dc4bc04f75961c0a0,2026-08-02NDH24:40:00Z,1785681641889,1785681900000,0.490000,0.480000,0.520000,0.510000,290.59,30.85
0xe213e704c61f9373b70c6b5b011630a7c05987e1cb1eae6dc4bc04f75961c0a0,2026-08-02NDH24:40:00Z,1785681642389,1785681900000,0.480000,0.470000,0.530000,0.520000,452.6,28.69
0xe213e704c61f9373b70c6b5b011630a7c05987e1cb1eae6dc4bc04f75961c0a0,2026-08-02NDH24:40:00Z,1785681642890,1785681900000,0.480000,0.470000,0.530000,0.520000,442.6,28.69
0xe213e704c61f9373b70c6b5b011630a7c05987e1cb1eae6dc4bc04f75961c0a0,2026-08-02NDH24:40:00Z,1785681643390,1785681900000,0.480000,0.470000,0.530000,0.520000,426.87,19.7
0xe213e704c61f9373b70c6b5b011630a7c05987e1cb1eae6dc4bc04f75961c0a0,2026-08-02NDH24:40:00Z,1785681643890,1785681900000,0.480000,0.470000,0.530000,0.520000,431.87,4.7
0xe213e704c61f9373b70c6b5b011630a7c05987e1cb1eae6dc4bc04f75961c0a0,2026-08-02NDH24:40:00Z,1785681644388,1785681900000,0.480000,0.470000,0.530000,0.520000,431.76,9.7
0xe213e704c61f9373b70c6b5b011630a7c05987e1cb1eae6dc4bc04f75961c0a0,2026-08-02NDH24:40:00Z,1785681644890,1785681900000,0.480000,0.470000,0.530000,0.520000,425.86,9.7
0xe213e704c61f9373b70c6b5b011630a7c05987e1cb1eae6dc4bc04f75961c0a0,2026-08-02NDH24:40:00Z,1785681645389,1785681900000,0.480000,0.470000,0.530000,0.520000,481.92,9.7
0xe213e704c61f9373b70c6b5b011630a7c05987e1cb1eae6dc4bc04f75961c0a0,2026-08-02NDH24:40:00Z,1785681645890,1785681900000,0.480000,0.470000,0.530000,0.520000,496.06,4.7
0xe213e704c61f9373b70c6b5b011630a7c05987e1cb1eae6dc4bc04f75961c0a0,2026-08-02NDH24:40:00Z,1785681646389,1785681900000,0.480000,0.470000,0.530000,0.520000,546.17,4.7
0xe213e704c61f9373b70c6b5b011630a7c05987e1cb1eae6dc4bc04f75961c0a0,2026-08-02NDH24:40:00Z,1785681646889,1785681900000,0.470000,0.460000,0.540000,0.530000,383.37,254.27
0xe213e704c61f9373b70c6b5b011630a7c05987e1cb1eae6dc4bc04f75961c0a0,2026-08-02NDH24:40:00Z,1785681647390,1785681900000,0.470000,0.460000,0.540000,0.530000,646.1,137.04
0xe213e704c61f9373b70c6b5b011630a7c05987e1cb1eae6dc4bc04f75961c0a0,2026-08-02NDH24:40:00Z,1785681647889,1785681900000,0.470000,0.460000,0.540000,0.530000,641.01,132.04
0xe213e704c61f9373b70c6b5b011630a7c05987e1cb1eae6dc4bc04f75961c0a0,2026-08-02NDH24:40:00Z,1785681648390,1785681900000,0.470000,0.460000,0.540000,0.530000,627.26,120.12
0xe213e704c61f9373b70c6b5b011630a7c05987e1cb1eae6dc4bc04f75961c0a0,2026-08-02NDH24:40:00Z,1785681648890,1785681900000,0.470000,0.460000,0.540000,0.530000,646.38,115.12
0xe213e704c61f9373b70c6b5b011630a7c05987e1cb1eae6dc4bc04f75961c0a0,2026-08-02NDH24:40:00Z,1785681649388,1785681900000,0.460000,0.450000,0.550000,0.540000,464.04,70.27
0xe213e704c61f9373b70c6b5b011630a7c05987e1cb1eae6dc4bc04f75961c0a0,2026-08-02NDH24:40:00Z,1785681649890,1785681900000,0.460000,0.450000,0.550000,0.540000,511.86,42.98
0xe213e704c61f9373b70c6b5b011630a7c05987e1cb1eae6dc4bc04f75961c0a0,2026-08-02NDH24:40:00Z,1785681650389,1785681900000,0.460000,0.450000,0.550000,0.540000,514.24,35.56
0xe213e704c61f9373b70c6b5b011630a7c05987e1cb1eae6dc4bc04f75961c0a0,2026-08-02NDH24:40:00Z,1785681650890,1785681900000,0.460000,0.450000,0.550000,0.540000,503.36,38.46
0xe213e704c61f9373b70c6b5b011630a7c05987e1cb1eae6dc4bc04f75961c0a0,2026-08-02NDH24:40:00Z,1785681651389,1785681900000,0.460000,0.450000,0.550000,0.540000,101.67,318.5
0xe213e704c61f9373b70c6b5b011630a7c05987e1cb1eae6dc4bc04f75961c0a0,2026-08-02NDH24:40:00Z,1785681651888,1785681900000,0.460000,0.450000,0.550000,0.540000,99.27,362.4
0xe213e704c61f9373b70c6b5b011630a7c05987e1cb1eae6dc4bc04f75961c0a0,2026-08-02NDH24:40:00Z,1785681652390,1785681900000,0.460000,0.450000,0.550000,0.540000,124.92,287.26
0xe213e704c61f9373b70c6b5b011630a7c05987e1cb1eae6dc4bc04f75961c0a0,2026-08-02NDH24:40:00Z,1785681652888,1785681900000,0.460000,0.450000,0.550000,0.540000,124.92,272.66
0xe213e704c61f9373b70c6b5b011630a7c05987e1cb1eae6dc4bc04f75961c0a0,2026-08-02NDH24:40:00Z,1785681653389,1785681900000,0.460000,0.450000,0.550000,0.540000,124.92,275.44
0xe213e704c61f9373b70c6b5b011630a7c05987e1cb1eae6dc4bc04f75961c0a0,2026-08-02NDH24:40:00Z,1785681653889,1785681900000,0.460000,0.450000,0.550000,0.540000,331.72,20.97
0xe213e704c61f9373b70c6b5b011630a7c05987e1cb1eae6dc4bc04f75961c0a0,2026-08-02NDH24:40:00Z,1785681654389,1785681900000,0.460000,0.450000,0.550000,0.540000,333.39,17.33
0xe213e704c61f9373b70c6b5b011630a7c05987e1cb1eae6dc4bc04f75961c0a0,2026-08-02NDH24:40:00Z,1785681654889,1785681900000,0.460000,0.450000,0.550000,0.540000,328,17.33
0xe213e704c61f9373b70c6b5b011630a7c05987e1cb1eae6dc4bc04f75961c0a0,2026-08-02NDH24:40:00Z,1785681655389,1785681900000,0.460000,0.450000,0.550000,0.540000,322.99,17.33
0xe213e704c61f9373b70c6b5b011630a7c05987e1cb1eae6dc4bc04f75961c0a0,2026-08-02NDH24:40:00Z,1785681655890,1785681900000,0.460000,0.450000,0.550000,0.540000,293.99,117.33
0xe213e704c61f9373b70c6b5b011630a7c05987e1cb1eae6dc4bc04f75961c0a0,2026-08-02NDH24:40:00Z,1785681656389,1785681900000,0.460000,0.450000,0.550000,0.540000,293.99,107.33
0xe213e704c61f9373b70c6b5b011630a7c05987e1cb1eae6dc4bc04f75961c0a0,2026-08-02NDH24:40:00Z,1785681656890,1785681900000,0.460000,0.450000,0.550000,0.540000,293.99,107.33
0xe213e704c61f9373b70c6b5b011630a7c05987e1cb1eae6dc4bc04f75961c0a0,2026-08-02NDH24:40:00Z,1785681657390,1785681900000,0.460000,0.450000,0.550000,0.540000,298.99,117.33
0xe213e704c61f9373b70c6b5b011630a7c05987e1cb1eae6dc4bc04f75961c0a0,2026-08-02NDH24:40:00Z,1785681657890,1785681900000,0.460000,0.450000,0.550000,0.540000,93.64,139.04
0xe213e704c61f9373b70c6b5b011630a7c05987e1cb1eae6dc4bc04f75961c0a0,2026-08-02NDH24:40:00Z,1785681658388,1785681900000,0.460000,0.450000,0.550000,0.540000,10.44,112.33
0xe213e704c61f9373b70c6b5b011630a7c05987e1cb1eae6dc4bc04f75961c0a0,2026-08-02NDH24:40:00Z,1785681658890,1785681900000,0.470000,0.460000,0.540000,0.530000,209.47,148.12
0xe213e704c61f9373b70c6b5b011630a7c05987e1cb1eae6dc4bc04f75961c0a0,2026-08-02NDH24:40:00Z,1785681659388,1785681900000,0.460000,0.450000,0.550000,0.540000,397.49,7.33
0xe213e704c61f9373b70c6b5b011630a7c05987e1cb1eae6dc4bc04f75961c0a0,2026-08-02NDH24:40:00Z,1785681659890,1785681900000,0.460000,0.450000,0.550000,0.540000,465.62,7.33
0xe213e704c61f9373b70c6b5b011630a7c05987e1cb1eae6dc4bc04f75961c0a0,2026-08-02NDH24:40:00Z,1785681660388,1785681900000,0.460000,0.450000,0.550000,0.540000,249.5,53.95
0xe213e704c61f9373b70c6b5b011630a7c05987e1cb1eae6dc4bc04f75961c0a0,2026-08-02NDH24:40:00Z,1785681660889,1785681900000,0.460000,0.450000,0.550000,0.540000,63.13,264.18
0xe213e704c61f9373b70c6b5b011630a7c05987e1cb1eae6dc4bc04f75961c0a0,2026-08-02NDH24:40:00Z,1785681661390,1785681900000,0.460000,0.450000,0.550000,0.540000,73.13,264.18
0xe213e704c61f9373b70c6b5b011630a7c05987e1cb1eae6dc4bc04f75961c0a0,2026-08-02NDH24:40:00Z,1785681661888,1785681900000,0.460000,0.450000,0.550000,0.540000,30.96,286.18
0xe213e704c61f9373b70c6b5b011630a7c05987e1cb1eae6dc4bc04f75961c0a0,2026-08-02NDH24:40:00Z,1785681662389,1785681900000,0.460000,0.450000,0.550000,0.540000,35.96,323.01
0xe213e704c61f9373b70c6b5b011630a7c05987e1cb1eae6dc4bc04f75961c0a0,2026-08-02NDH24:40:00Z,1785681662889,1785681900000,0.480000,0.470000,0.530000,0.520000,50,271.08
0xe213e704c61f9373b70c6b5b011630a7c05987e1cb1eae6dc4bc04f75961c0a0,2026-08-02NDH24:40:00Z,1785681663389,1785681900000,0.480000,0.470000,0.530000,0.520000,50,265.46
0xe213e704c61f9373b70c6b5b011630a7c05987e1cb1eae6dc4bc04f75961c0a0,2026-08-02NDH24:40:00Z,1785681663889,1785681900000,0.480000,0.470000,0.530000,0.520000,40.01,273.57
0xe213e704c61f9373b70c6b5b011630a7c05987e1cb1eae6dc4bc04f75961c0a0,2026-08-02NDH24:40:00Z,1785681664389,1785681900000,0.480000,0.470000,0.530000,0.520000,40.84,242.13
0xe213e704c61f9373b70c6b5b011630a7c05987e1cb1eae6dc4bc04f75961c0a0,2026-08-02NDH24:40:00Z,1785681664889,1785681900000,0.480000,0.470000,0.530000,0.520000,40.84,183.39
0xe213e704c61f9373b70c6b5b011630a7c05987e1cb1eae6dc4bc04f75961c0a0,2026-08-02NDH24:40:00Z,1785681665389,1785681900000,0.480000,0.470000,0.530000,0.520000,17.84,231.39
0xe213e704c61f9373b70c6b5b011630a7c05987e1cb1eae6dc4bc04f75961c0a0,2026-08-02NDH24:40:00Z,1785681665889,1785681900000,0.490000,0.480000,0.520000,0.510000,73.57,251.38
0xe213e704c61f9373b70c6b5b011630a7c05987e1cb1eae6dc4bc04f75961c0a0,2026-08-02NDH24:40:00Z,1785681666390,1785681900000,0.490000,0.480000,0.520000,0.510000,63.57,229.83
0xe213e704c61f9373b70c6b5b011630a7c05987e1cb1eae6dc4bc04f75961c0a0,2026-08-02NDH24:40:00Z,1785681666890,1785681900000,0.490000,0.480000,0.520000,0.510000,68.57,215.78
0xe213e704c61f9373b70c6b5b011630a7c05987e1cb1eae6dc4bc04f75961c0a0,2026-08-02NDH24:40:00Z,1785681667388,1785681900000,0.490000,0.480000,0.520000,0.510000,68.57,230.96
0xe213e704c61f9373b70c6b5b011630a7c05987e1cb1eae6dc4bc04f75961c0a0,2026-08-02NDH24:40:00Z,1785681667889,1785681900000,0.470000,0.460000,0.540000,0.530000,110.9,25.13
0xe213e704c61f9373b70c6b5b011630a7c05987e1cb1eae6dc4bc04f75961c0a0,2026-08-02NDH24:40:00Z,1785681668390,1785681900000,0.470000,0.460000,0.540000,0.530000,135.12,35.13
0xe213e704c61f9373b70c6b5b011630a7c05987e1cb1eae6dc4bc04f75961c0a0,2026-08-02NDH24:40:00Z,1785681668888,1785681900000,0.480000,0.470000,0.530000,0.520000,25.01,365.99
0xe213e704c61f9373b70c6b5b011630a7c05987e1cb1eae6dc4bc04f75961c0a0,2026-08-02NDH24:40:00Z,1785681669389,1785681900000,0.490000,0.480000,0.520000,0.510000,3.58,187.14
0xe213e704c61f9373b70c6b5b011630a7c05987e1cb1eae6dc4bc04f75961c0a0,2026-08-02NDH24:40:00Z,1785681669890,1785681900000,0.500000,0.490000,0.510000,0.500000,35,114.37
0xe213e704c61f9373b70c6b5b011630a7c05987e1cb1eae6dc4bc04f75961c0a0,2026-08-02NDH24:40:00Z,1785681670389,1785681900000,0.480000,0.470000,0.530000,0.520000,153.37,160.29
0xe213e704c61f9373b70c6b5b011630a7c05987e1cb1eae6dc4bc04f75961c0a0,2026-08-02NDH24:40:00Z,1785681670889,1785681900000,0.500000,0.480000,0.520000,0.500000,53.2,10
0xe213e704c61f9373b70c6b5b011630a7c05987e1cb1eae6dc4bc04f75961c0a0,2026-08-02NDH24:40:00Z,1785681671389,1785681900000,0.490000,0.480000,0.520000,0.510000,13.24,78.12
0xe213e704c61f9373b70c6b5b011630a7c05987e1cb1eae6dc4bc04f75961c0a0,2026-08-02NDH24:40:00Z,1785681671889,1785681900000,0.500000,0.490000,0.510000,0.500000,47,169.37
0xe213e704c61f9373b70c6b5b011630a7c05987e1cb1eae6dc4bc04f75961c0a0,2026-08-02NDH24:40:00Z,1785681672390,1785681900000,0.500000,0.490000,0.510000,0.500000,42,205.64
0xe213e704c61f9373b70c6b5b011630a7c05987e1cb1eae6dc4bc04f75961c0a0,2026-08-02NDH24:40:00Z,1785681672889,1785681900000,0.500000,0.490000,0.510000,0.500000,165.73,55
0xe213e704c61f9373b70c6b5b011630a7c05987e1cb1eae6dc4bc04f75961c0a0,2026-08-02NDH24:40:00Z,1785681673389,1785681900000,0.500000,0.490000,0.510000,0.500000,252.96,51
0xe213e704c61f9373b70c6b5b011630a7c05987e1cb1eae6dc4bc04f75961c0a0,2026-08-02NDH24:40:00Z,1785681673889,1785681900000,0.500000,0.490000,0.510000,0.500000,77.8,100.1
0xe213e704c61f9373b70c6b5b011630a7c05987e1cb1eae6dc4bc04f75961c0a0,2026-08-02NDH24:40:00Z,1785681674390,1785681900000,0.500000,0.490000,0.510000,0.500000,127.8,90.29
0xe213e704c61f9373b70c6b5b011630a7c05987e1cb1eae6dc4bc04f75961c0a0,2026-08-02NDH24:40:00Z,1785681674888,1785681900000,0.480000,0.470000,0.530000,0.520000,227.59,181.94
0xe213e704c61f9373b70c6b5b011630a7c05987e1cb1eae6dc4bc04f75961c0a0,2026-08-02NDH24:40:00Z,1785681675389,1785681900000,0.480000,0.470000,0.530000,0.520000,114.57,277.33
0xe213e704c61f9373b70c6b5b011630a7c05987e1cb1eae6dc4bc04f75961c0a0,2026-08-02NDH24:40:00Z,1785681675890,1785681900000,0.480000,0.470000,0.530000,0.520000,77.32,405.33
0xe213e704c61f9373b70c6b5b011630a7c05987e1cb1eae6dc4bc04f75961c0a0,2026-08-02NDH24:40:00Z,1785681676389,1785681900000,0.480000,0.470000,0.530000,0.520000,5,357.71
0xe213e704c61f9373b70c6b5b011630a7c05987e1cb1eae6dc4bc04f75961c0a0,2026-08-02NDH24:40:00Z,1785681676890,1785681900000,0.610000,0.600000,0.400000,0.390000,15.42,71
0xe213e704c61f9373b70c6b5b011630a7c05987e1cb1eae6dc4bc04f75961c0a0,2026-08-02NDH24:40:00Z,1785681677390,1785681900000,0.600000,0.590000,0.410000,0.400000,218.52,8.14
0xe213e704c61f9373b70c6b5b011630a7c05987e1cb1eae6dc4bc04f75961c0a0,2026-08-02NDH24:40:00Z,1785681677890,1785681900000,0.550000,0.540000,0.460000,0.450000,15,557.4
0xe213e704c61f9373b70c6b5b011630a7c05987e1cb1eae6dc4bc04f75961c0a0,2026-08-02NDH24:40:00Z,1785681678390,1785681900000,0.550000,0.540000,0.460000,0.450000,28.74,568.28
0xe213e704c61f9373b70c6b5b011630a7c05987e1cb1eae6dc4bc04f75961c0a0,2026-08-02NDH24:40:00Z,1785681678889,1785681900000,0.560000,0.540000,0.460000,0.440000,1.93,724.53
0xe213e704c61f9373b70c6b5b011630a7c05987e1cb1eae6dc4bc04f75961c0a0,2026-08-02NDH24:40:00Z,1785681679390,1785681900000,0.560000,0.550000,0.450000,0.440000,46.08,403.79
0xe213e704c61f9373b70c6b5b011630a7c05987e1cb1eae6dc4bc04f75961c0a0,2026-08-02NDH24:40:00Z,1785681679889,1785681900000,0.560000,0.550000,0.450000,0.440000,15,453.12
0xe213e704c61f9373b70c6b5b011630a7c05987e1cb1eae6dc4bc04f75961c0a0,2026-08-02NDH24:40:00Z,1785681680389,1785681900000,0.570000,0.560000,0.440000,0.430000,8.94,113.12
0xe213e704c61f9373b70c6b5b011630a7c05987e1cb1eae6dc4bc04f75961c0a0,2026-08-02NDH24:40:00Z,1785681680889,1785681900000,0.570000,0.560000,0.440000,0.430000,18.72,491.36
0xe213e704c61f9373b70c6b5b011630a7c05987e1cb1eae6dc4bc04f75961c0a0,2026-08-02NDH24:40:00Z,1785681681390,1785681900000,0.570000,0.560000,0.440000,0.430000,7.72,491.36
0xe213e704c61f9373b70c6b5b011630a7c05987e1cb1eae6dc4bc04f75961c0a0,2026-08-02NDH24:40:00Z,1785681681889,1785681900000,0.590000,0.580000,0.420000,0.410000,52.06,261.98
0xe213e704c61f9373b70c6b5b011630a7c05987e1cb1eae6dc4bc04f75961c0a0,2026-08-02NDH24:40:00Z,1785681682389,1785681900000,0.590000,0.580000,0.420000,0.410000,33.47,309.59
0xe213e704c61f9373b70c6b5b011630a7c05987e1cb1eae6dc4bc04f75961c0a0,2026-08-02NDH24:40:00Z,1785681682890,1785681900000,0.590000,0.580000,0.420000,0.410000,48.47,170.54
0xe213e704c61f9373b70c6b5b011630a7c05987e1cb1eae6dc4bc04f75961c0a0,2026-08-02NDH24:40:00Z,1785681683390,1785681900000,0.590000,0.580000,0.420000,0.410000,43.47,170.54
0xe213e704c61f9373b70c6b5b011630a7c05987e1cb1eae6dc4bc04f75961c0a0,2026-08-02NDH24:40:00Z,1785681683889,1785681900000,0.600000,0.590000,0.410000,0.400000,93.5,20
0xe213e704c61f9373b70c6b5b011630a7c05987e1cb1eae6dc4bc04f75961c0a0,2026-08-02NDH24:40:00Z,1785681684391,1785681900000,0.600000,0.590000,0.410000,0.400000,183.77,35.24
0xe213e704c61f9373b70c6b5b011630a7c05987e1cb1eae6dc4bc04f75961c0a0,2026-08-02NDH24:40:00Z,1785681684888,1785681900000,0.600000,0.590000,0.410000,0.400000,228.6,67.54
0xe213e704c61f9373b70c6b5b011630a7c05987e1cb1eae6dc4bc04f75961c0a0,2026-08-02NDH24:40:00Z,1785681685389,1785681900000,0.590000,0.580000,0.420000,0.410000,206.99,5
0xe213e704c61f9373b70c6b5b011630a7c05987e1cb1eae6dc4bc04f75961c0a0,2026-08-02NDH24:40:00Z,1785681685890,1785681900000,0.590000,0.580000,0.420000,0.410000,104.87,15
0xe213e704c61f9373b70c6b5b011630a7c05987e1cb1eae6dc4bc04f75961c0a0,2026-08-02NDH24:40:00Z,1785681686389,1785681900000,0.570000,0.560000,0.440000,0.430000,43.78,30
0xe213e704c61f9373b70c6b5b011630a7c05987e1cb1eae6dc4bc04f75961c0a0,2026-08-02NDH24:40:00Z,1785681686889,1785681900000,0.570000,0.560000,0.440000,0.430000,43.78,30
0xe213e704c61f9373b70c6b5b011630a7c05987e1cb1eae6dc4bc04f75961c0a0,2026-08-02NDH24:40:00Z,1785681687390,1785681900000,0.570000,0.560000,0.440000,0.430000,98.78,30
0xe213e704c61f9373b70c6b5b011630a7c05987e1cb1eae6dc4bc04f75961c0a0,2026-08-02NDH24:40:00Z,1785681687889,1785681900000,0.570000,0.560000,0.440000,0.430000,97.02,25
0xe213e704c61f9373b70c6b5b011630a7c05987e1cb1eae6dc4bc04f75961c0a0,2026-08-02NDH24:40:00Z,1785681688390,1785681900000,0.580000,0.570000,0.430000,0.420000,25.67,422.52
0xe213e704c61f9373b70c6b5b011630a7c05987e1cb1eae6dc4bc04f75961c0a0,2026-08-02NDH24:40:00Z,1785681688888,1785681900000,0.600000,0.590000,0.410000,0.400000,98.14,144.37
0xe213e704c61f9373b70c6b5b011630a7c05987e1cb1eae6dc4bc04f75961c0a0,2026-08-02NDH24:40:00Z,1785681689388,1785681900000,0.600000,0.590000,0.410000,0.400000,105.14,192.05
0xe213e704c61f9373b70c6b5b011630a7c05987e1cb1eae6dc4bc04f75961c0a0,2026-08-02NDH24:40:00Z,1785681689889,1785681900000,0.600000,0.590000,0.410000,0.400000,105.14,192.05
0xe213e704c61f9373b70c6b5b011630a7c05987e1cb1eae6dc4bc04f75961c0a0,2026-08-02NDH24:40:00Z,1785681690389,1785681900000,0.600000,0.590000,0.410000,0.400000,110.14,192.05
0xe213e704c61f9373b70c6b5b011630a7c05987e1cb1eae6dc4bc04f75961c0a0,2026-08-02NDH24:40:00Z,1785681690889,1785681900000,0.600000,0.590000,0.410000,0.400000,88.47,211.05
0xe213e704c61f9373b70c6b5b011630a7c05987e1cb1eae6dc4bc04f75961c0a0,2026-08-02NDH24:40:00Z,1785681691389,1785681900000,0.610000,0.600000,0.400000,0.390000,61.81,2126.5
0xe213e704c61f9373b70c6b5b011630a7c05987e1cb1eae6dc4bc04f75961c0a0,2026-08-02NDH24:40:00Z,1785681691889,1785681900000,0.610000,0.600000,0.400000,0.390000,73.61,2125.98
0xe213e704c61f9373b70c6b5b011630a7c05987e1cb1eae6dc4bc04f75961c0a0,2026-08-02NDH24:40:00Z,1785681692390,1785681900000,0.610000,0.600000,0.400000,0.390000,70.33,2093.48
0xe213e704c61f9373b70c6b5b011630a7c05987e1cb1eae6dc4bc04f75961c0a0,2026-08-02NDH24:40:00Z,1785681692889,1785681900000,0.610000,0.600000,0.400000,0.390000,22,2124.31
0xe213e704c61f9373b70c6b5b011630a7c05987e1cb1eae6dc4bc04f75961c0a0,2026-08-02NDH24:40:00Z,1785681693389,1785681900000,0.670000,0.660000,0.340000,0.330000,23.7,200.59
0xe213e704c61f9373b70c6b5b011630a7c05987e1cb1eae6dc4bc04f75961c0a0,2026-08-02NDH24:40:00Z,1785681693890,1785681900000,0.670000,0.660000,0.340000,0.330000,37.42,210.09
0xe213e704c61f9373b70c6b5b011630a7c05987e1cb1eae6dc4bc04f75961c0a0,2026-08-02NDH24:40:00Z,1785681694389,1785681900000,0.670000,0.660000,0.340000,0.330000,512.07,43
0xe213e704c61f9373b70c6b5b011630a7c05987e1cb1eae6dc4bc04f75961c0a0,2026-08-02NDH24:40:00Z,1785681694890,1785681900000,0.610000,0.600000,0.400000,0.390000,208.7,1581.57
0xe213e704c61f9373b70c6b5b011630a7c05987e1cb1eae6dc4bc04f75961c0a0,2026-08-02NDH24:40:00Z,1785681695389,1785681900000,0.610000,0.600000,0.400000,0.390000,43.26,1519.69
0xe213e704c61f9373b70c6b5b011630a7c05987e1cb1eae6dc4bc04f75961c0a0,2026-08-02NDH24:40:00Z,1785681695889,1785681900000,0.640000,0.630000,0.370000,0.360000,17.13,458.73
0xe213e704c61f9373b70c6b5b011630a7c05987e1cb1eae6dc4bc04f75961c0a0,2026-08-02NDH24:40:00Z,1785681696391,1785681900000,0.650000,0.640000,0.360000,0.350000,79.98,213.36
0xe213e704c61f9373b70c6b5b011630a7c05987e1cb1eae6dc4bc04f75961c0a0,2026-08-02NDH24:40:00Z,1785681696888,1785681900000,0.650000,0.640000,0.360000,0.350000,64.98,242.53
0xe213e704c61f9373b70c6b5b011630a7c05987e1cb1eae6dc4bc04f75961c0a0,2026-08-02NDH24:40:00Z,1785681697389,1785681900000,0.650000,0.640000,0.360000,0.350000,64.98,62.52
0xe213e704c61f9373b70c6b5b011630a7c05987e1cb1eae6dc4bc04f75961c0a0,2026-08-02NDH24:40:00Z,1785681697890,1785681900000,0.650000,0.640000,0.360000,0.350000,79.79,103.86
0xe213e704c61f9373b70c6b5b011630a7c05987e1cb1eae6dc4bc04f75961c0a0,2026-08-02NDH24:40:00Z,1785681698388,1785681900000,0.650000,0.640000,0.360000,0.350000,92.31,100.52
0xe213e704c61f9373b70c6b5b011630a7c05987e1cb1eae6dc4bc04f75961c0a0,2026-08-02NDH24:40:00Z,1785681698890,1785681900000,0.640000,0.630000,0.370000,0.360000,66.07,152.66
0xe213e704c61f9373b70c6b5b011630a7c05987e1cb1eae6dc4bc04f75961c0a0,2026-08-02NDH24:40:00Z,1785681699388,1785681900000,0.620000,0.600000,0.400000,0.380000,83.12,1160.26
0xe213e704c61f9373b70c6b5b011630a7c05987e1cb1eae6dc4bc04f75961c0a0,2026-08-02NDH24:40:00Z,1785681699889,1785681900000,0.610000,0.600000,0.400000,0.390000,248.33,636.22
0xe213e704c61f9373b70c6b5b011630a7c05987e1cb1eae6dc4bc04f75961c0a0,2026-08-02NDH24:40:00Z,1785681700389,1785681900000,0.610000,0.600000,0.400000,0.390000,563.53,242.28
0xe213e704c61f9373b70c6b5b011630a7c05987e1cb1eae6dc4bc04f75961c0a0,2026-08-02NDH24:40:00Z,1785681700890,1785681900000,0.610000,0.600000,0.400000,0.390000,516.61,126.43
0xe213e704c61f9373b70c6b5b011630a7c05987e1cb1eae6dc4bc04f75961c0a0,2026-08-02NDH24:40:00Z,1785681701390,1785681900000,0.610000,0.600000,0.400000,0.390000,485.62,118.93
0xe213e704c61f9373b70c6b5b011630a7c05987e1cb1eae6dc4bc04f75961c0a0,2026-08-02NDH24:40:00Z,1785681701888,1785681900000,0.610000,0.600000,0.400000,0.390000,507.7,111.43
0xe213e704c61f9373b70c6b5b011630a7c05987e1cb1eae6dc4bc04f75961c0a0,2026-08-02NDH24:40:00Z,1785681702390,1785681900000,0.610000,0.600000,0.400000,0.390000,532.42,22.75
0xe213e704c61f9373b70c6b5b011630a7c05987e1cb1eae6dc4bc04f75961c0a0,2026-08-02NDH24:40:00Z,1785681702888,1785681900000,0.600000,0.590000,0.410000,0.400000,240.94,94.11
0xe213e704c61f9373b70c6b5b011630a7c05987e1cb1eae6dc4bc04f75961c0a0,2026-08-02NDH24:40:00Z,1785681703389,1785681900000,0.600000,0.590000,0.410000,0.400000,256.74,83.11
0xe213e704c61f9373b70c6b5b011630a7c05987e1cb1eae6dc4bc04f75961c0a0,2026-08-02NDH24:40:00Z,1785681703890,1785681900000,0.600000,0.590000,0.410000,0.400000,134.23,80.67
0xe213e704c61f9373b70c6b5b011630a7c05987e1cb1eae6dc4bc04f75961c0a0,2026-08-02NDH24:40:00Z,1785681704389,1785681900000,0.600000,0.590000,0.410000,0.400000,133.49,80.67
0xe213e704c61f9373b70c6b5b011630a7c05987e1cb1eae6dc4bc04f75961c0a0,2026-08-02NDH24:40:00Z,1785681704888,1785681900000,0.600000,0.590000,0.410000,0.400000,69.64,85.67
0xe213e704c61f9373b70c6b5b011630a7c05987e1cb1eae6dc4bc04f75961c0a0,2026-08-02NDH24:40:00Z,1785681705389,1785681900000,0.600000,0.590000,0.410000,0.400000,76.84,74.91
0xe213e704c61f9373b70c6b5b011630a7c05987e1cb1eae6dc4bc04f75961c0a0,2026-08-02NDH24:40:00Z,1785681705889,1785681900000,0.590000,0.580000,0.420000,0.410000,464,2.04
0xe213e704c61f9373b70c6b5b011630a7c05987e1cb1eae6dc4bc04f75961c0a0,2026-08-02NDH24:40:00Z,1785681706389,1785681900000,0.550000,0.540000,0.460000,0.450000,17.46,402.27
0xe213e704c61f9373b70c6b5b011630a7c05987e1cb1eae6dc4bc04f75961c0a0,2026-08-02NDH24:40:00Z,1785681706889,1785681900000,0.550000,0.540000,0.460000,0.450000,16.52,402.27
0xe213e704c61f9373b70c6b5b011630a7c05987e1cb1eae6dc4bc04f75961c0a0,2026-08-02NDH24:40:00Z,1785681707389,1785681900000,0.560000,0.550000,0.450000,0.440000,22.6,268.5
0xe213e704c61f9373b70c6b5b011630a7c05987e1cb1eae6dc4bc04f75961c0a0,2026-08-02NDH24:40:00Z,1785681707889,1785681900000,0.560000,0.550000,0.450000,0.440000,27.6,419.91
0xe213e704c61f9373b70c6b5b011630a7c05987e1cb1eae6dc4bc04f75961c0a0,2026-08-02NDH24:40:00Z,1785681708389,1785681900000,0.560000,0.550000,0.450000,0.440000,27.6,369.19
0xe213e704c61f9373b70c6b5b011630a7c05987e1cb1eae6dc4bc04f75961c0a0,2026-08-02NDH24:40:00Z,1785681708889,1785681900000,0.570000,0.560000,0.440000,0.430000,27,65
0xe213e704c61f9373b70c6b5b011630a7c05987e1cb1eae6dc4bc04f75961c0a0,2026-08-02NDH24:40:00Z,1785681709389,1785681900000,0.570000,0.560000,0.440000,0.430000,68.8,45.9
0xe213e704c61f9373b70c6b5b011630a7c05987e1cb1eae6dc4bc04f75961c0a0,2026-08-02NDH24:40:00Z,1785681709889,1785681900000,0.580000,0.570000,0.430000,0.420000,121.56,40
0xe213e704c61f9373b70c6b5b011630a7c05987e1cb1eae6dc4bc04f75961c0a0,2026-08-02NDH24:40:00Z,1785681710389,1785681900000,0.580000,0.570000,0.430000,0.420000,161,40
0xe213e704c61f9373b70c6b5b011630a7c05987e1cb1eae6dc4bc04f75961c0a0,2026-08-02NDH24:40:00Z,1785681710889,1785681900000,0.580000,0.570000,0.430000,0.420000,180,5.11
0xe213e704c61f9373b70c6b5b011630a7c05987e1cb1eae6dc4bc04f75961c0a0,2026-08-02NDH24:40:00Z,1785681711389,1785681900000,0.570000,0.560000,0.440000,0.430000,324.85,41.25
0xe213e704c61f9373b70c6b5b011630a7c05987e1cb1eae6dc4bc04f75961c0a0,2026-08-02NDH24:40:00Z,1785681711889,1785681900000,0.600000,0.590000,0.410000,0.400000,30.64,44.43
0xe213e704c61f9373b70c6b5b011630a7c05987e1cb1eae6dc4bc04f75961c0a0,2026-08-02NDH24:40:00Z,1785681712390,1785681900000,0.540000,0.530000,0.470000,0.460000,10,410.95
0xe213e704c61f9373b70c6b5b011630a7c05987e1cb1eae6dc4bc04f75961c0a0,2026-08-02NDH24:40:00Z,1785681712889,1785681900000,0.580000,0.570000,0.430000,0.420000,23.77,193.37
0xe213e704c61f9373b70c6b5b011630a7c05987e1cb1eae6dc4bc04f75961c0a0,2026-08-02NDH24:40:00Z,1785681713389,1785681900000,0.580000,0.570000,0.430000,0.420000,42.66,248.37
0xe213e704c61f9373b70c6b5b011630a7c05987e1cb1eae6dc4bc04f75961c0a0,2026-08-02NDH24:40:00Z,1785681713890,1785681900000,0.590000,0.580000,0.420000,0.410000,17,283.32
0xe213e704c61f9373b70c6b5b011630a7c05987e1cb1eae6dc4bc04f75961c0a0,2026-08-02NDH24:40:00Z,1785681714388,1785681900000,0.590000,0.580000,0.420000,0.410000,17,283.32
0xe213e704c61f9373b70c6b5b011630a7c05987e1cb1eae6dc4bc04f75961c0a0,2026-08-02NDH24:40:00Z,1785681714889,1785681900000,0.590000,0.580000,0.420000,0.410000,3.52,277.32
0xe213e704c61f9373b70c6b5b011630a7c05987e1cb1eae6dc4bc04f75961c0a0,2026-08-02NDH24:40:00Z,1785681715390,1785681900000,0.600000,0.590000,0.410000,0.400000,77.7,333.37
0xe213e704c61f9373b70c6b5b011630a7c05987e1cb1eae6dc4bc04f75961c0a0,2026-08-02NDH24:40:00Z,1785681715888,1785681900000,0.600000,0.590000,0.410000,0.400000,46.03,481.34
0xe213e704c61f9373b70c6b5b011630a7c05987e1cb1eae6dc4bc04f75961c0a0,2026-08-02NDH24:40:00Z,1785681716389,1785681900000,0.600000,0.590000,0.410000,0.400000,46.03,373.97
0xe213e704c61f9373b70c6b5b011630a7c05987e1cb1eae6dc4bc04f75961c0a0,2026-08-02NDH24:40:00Z,1785681716889,1785681900000,0.600000,0.590000,0.410000,0.400000,46.03,214.97
0xe213e704c61f9373b70c6b5b011630a7c05987e1cb1eae6dc4bc04f75961c0a0,2026-08-02NDH24:40:00Z,1785681717390,1785681900000,0.590000,0.580000,0.420000,0.410000,236.37,51.99
0xe213e704c61f9373b70c6b5b011630a7c05987e1cb1eae6dc4bc04f75961c0a0,2026-08-02NDH24:40:00Z,1785681717889,1785681900000,0.590000,0.580000,0.420000,0.410000,246.37,51.99
0xe213e704c61f9373b70c6b5b011630a7c05987e1cb1eae6dc4bc04f75961c0a0,2026-08-02NDH24:40:00Z,1785681718388,1785681900000,0.590000,0.580000,0.420000,0.410000,236.37,41.91
0xe213e704c61f9373b70c6b5b011630a7c05987e1cb1eae6dc4bc04f75961c0a0,2026-08-02NDH24:40:00Z,1785681718889,1785681900000,0.590000,0.580000,0.420000,0.410000,236.37,41.91
0xe213e704c61f9373b70c6b5b011630a7c05987e1cb1eae6dc4bc04f75961c0a0,2026-08-02NDH24:40:00Z,1785681719389,1785681900000,0.590000,0.580000,0.420000,0.410000,230.37,41.91
0xe213e704c61f9373b70c6b5b011630a7c05987e1cb1eae6dc4bc04f75961c0a0,2026-08-02NDH24:40:00Z,1785681719889,1785681900000,0.570000,0.560000,0.440000,0.430000,210.48,15
0xe213e704c61f9373b70c6b5b011630a7c05987e1cb1eae6dc4bc04f75961c0a0,2026-08-02NDH24:40:00Z,1785681720389,1785681900000,0.570000,0.560000,0.440000,0.430000,261.19,26.35
0xe213e704c61f9373b70c6b5b011630a7c05987e1cb1eae6dc4bc04f75961c0a0,2026-08-02NDH24:40:00Z,1785681720889,1785681900000,0.560000,0.550000,0.450000,0.440000,305.36,12
0xe213e704c61f9373b70c6b5b011630a7c05987e1cb1eae6dc4bc04f75961c0a0,2026-08-02NDH24:40:00Z,1785681721389,1785681900000,0.560000,0.550000,0.450000,0.440000,303.57,36.77
0xe213e704c61f9373b70c6b5b011630a7c05987e1cb1eae6dc4bc04f75961c0a0,2026-08-02NDH24:40:00Z,1785681721888,1785681900000,0.560000,0.550000,0.450000,0.440000,303.57,30.77
0xe213e704c61f9373b70c6b5b011630a7c05987e1cb1eae6dc4bc04f75961c0a0,2026-08-02NDH24:40:00Z,1785681722388,1785681900000,0.520000,0.510000,0.490000,0.480000,86.25,34.95
0xe213e704c61f9373b70c6b5b011630a7c05987e1cb1eae6dc4bc04f75961c0a0,2026-08-02NDH24:40:00Z,1785681722889,1785681900000,0.520000,0.510000,0.490000,0.480000,7.3,411.79
0xe213e704c61f9373b70c6b5b011630a7c05987e1cb1eae6dc4bc04f75961c0a0,2026-08-02NDH24:40:00Z,1785681723389,1785681900000,0.540000,0.530000,0.470000,0.460000,5,259.94
0xe213e704c61f9373b70c6b5b011630a7c05987e1cb1eae6dc4bc04f75961c0a0,2026-08-02NDH24:40:00Z,1785681723889,1785681900000,0.550000,0.540000,0.460000,0.450000,53.18,325.74
0xe213e704c61f9373b70c6b5b011630a7c05987e1cb1eae6dc4bc04f75961c0a0,2026-08-02NDH24:40:00Z,1785681724390,1785681900000,0.550000,0.540000,0.460000,0.450000,13.04,373.22
0xe213e704c61f9373b70c6b5b011630a7c05987e1cb1eae6dc4bc04f75961c0a0,2026-08-02NDH24:40:00Z,1785681724890,1785681900000,0.560000,0.550000,0.450000,0.440000,5,262.55
0xe213e704c61f9373b70c6b5b011630a7c05987e1cb1eae6dc4bc04f75961c0a0,2026-08-02NDH24:40:00Z,1785681725388,1785681900000,0.580000,0.570000,0.430000,0.420000,5,148.21
0xe213e704c61f9373b70c6b5b011630a7c05987e1cb1eae6dc4bc04f75961c0a0,2026-08-02NDH24:40:00Z,1785681725890,1785681900000,0.600000,0.590000,0.410000,0.400000,11.02,83.7
0xe213e704c61f9373b70c6b5b011630a7c05987e1cb1eae6dc4bc04f75961c0a0,2026-08-02NDH24:40:00Z,1785681726388,1785681900000,0.600000,0.590000,0.410000,0.400000,11.02,136.13
0xe213e704c61f9373b70c6b5b011630a7c05987e1cb1eae6dc4bc04f75961c0a0,2026-08-02NDH24:40:00Z,1785681726889,1785681900000,0.600000,0.590000,0.410000,0.400000,6.02,131.13
0xe213e704c61f9373b70c6b5b011630a7c05987e1cb1eae6dc4bc04f75961c0a0,2026-08-02NDH24:40:00Z,1785681727388,1785681900000,0.600000,0.590000,0.410000,0.400000,18.02,131.13
0xe213e704c61f9373b70c6b5b011630a7c05987e1cb1eae6dc4bc04f75961c0a0,2026-08-02NDH24:40:00Z,1785681727890,1785681900000,0.600000,0.590000,0.410000,0.400000,18.02,155.13
0xe213e704c61f9373b70c6b5b011630a7c05987e1cb1eae6dc4bc04f75961c0a0,2026-08-02NDH24:40:00Z,1785681728389,1785681900000,0.600000,0.590000,0.410000,0.400000,18.02,210.13
0xe213e704c61f9373b70c6b5b011630a7c05987e1cb1eae6dc4bc04f75961c0a0,2026-08-02NDH24:40:00Z,1785681728889,1785681900000,0.600000,0.590000,0.410000,0.400000,23.02,220.13
0xe213e704c61f9373b70c6b5b011630a7c05987e1cb1eae6dc4bc04f75961c0a0,2026-08-02NDH24:40:00Z,1785681729389,1785681900000,0.600000,0.590000,0.410000,0.400000,23.02,220.13
0xe213e704c61f9373b70c6b5b011630a7c05987e1cb1eae6dc4bc04f75961c0a0,2026-08-02NDH24:40:00Z,1785681729889,1785681900000,0.600000,0.590000,0.410000,0.400000,18.02,171.34
0xe213e704c61f9373b70c6b5b011630a7c05987e1cb1eae6dc4bc04f75961c0a0,2026-08-02NDH24:40:00Z,1785681730389,1785681900000,0.600000,0.590000,0.410000,0.400000,18.02,168.9
0xe213e704c61f9373b70c6b5b011630a7c05987e1cb1eae6dc4bc04f75961c0a0,2026-08-02NDH24:40:00Z,1785681730889,1785681900000,0.600000,0.590000,0.410000,0.400000,1.35,188
0xe213e704c61f9373b70c6b5b011630a7c05987e1cb1eae6dc4bc04f75961c0a0,2026-08-02NDH24:40:00Z,1785681731390,1785681900000,0.610000,0.600000,0.400000,0.390000,367.6,212.3
0xe213e704c61f9373b70c6b5b011630a7c05987e1cb1eae6dc4bc04f75961c0a0,2026-08-02NDH24:40:00Z,1785681731889,1785681900000,0.610000,0.600000,0.400000,0.390000,332.6,207.3
0xe213e704c61f9373b70c6b5b011630a7c05987e1cb1eae6dc4bc04f75961c0a0,2026-08-02NDH24:40:00Z,1785681732389,1785681900000,0.600000,0.590000,0.410000,0.400000,129.78,99
0xe213e704c61f9373b70c6b5b011630a7c05987e1cb1eae6dc4bc04f75961c0a0,2026-08-02NDH24:40:00Z,1785681732888,1785681900000,0.600000,0.590000,0.410000,0.400000,128.11,104
0xe213e704c61f9373b70c6b5b011630a7c05987e1cb1eae6dc4bc04f75961c0a0,2026-08-02NDH24:40:00Z,1785681733389,1785681900000,0.600000,0.590000,0.410000,0.400000,153.11,91.8
0xe213e704c61f9373b70c6b5b011630a7c05987e1cb1eae6dc4bc04f75961c0a0,2026-08-02NDH24:40:00Z,1785681733889,1785681900000,0.600000,0.590000,0.410000,0.400000,167.03,84.23
0xe213e704c61f9373b70c6b5b011630a7c05987e1cb1eae6dc4bc04f75961c0a0,2026-08-02NDH24:40:00Z,1785681734389,1785681900000,0.600000,0.590000,0.410000,0.400000,157.03,89.23
0xe213e704c61f9373b70c6b5b011630a7c05987e1cb1eae6dc4bc04f75961c0a0,2026-08-02NDH24:40:00Z,1785681734890,1785681900000,0.600000,0.590000,0.410000,0.400000,142.92,50.19
0xe213e704c61f9373b70c6b5b011630a7c05987e1cb1eae6dc4bc04f75961c0a0,2026-08-02NDH24:40:00Z,1785681735389,1785681900000,0.590000,0.580000,0.420000,0.410000,8.64,140.46
0xe213e704c61f9373b70c6b5b011630a7c05987e1cb1eae6dc4bc04f75961c0a0,2026-08-02NDH24:40:00Z,1785681735890,1785681900000,0.590000,0.580000,0.420000,0.410000,8.64,195.69
0xe213e704c61f9373b70c6b5b011630a7c05987e1cb1eae6dc4bc04f75961c0a0,2026-08-02NDH24:40:00Z,1785681736389,1785681900000,0.590000,0.580000,0.420000,0.410000,8.64,174.25
0xe213e704c61f9373b70c6b5b011630a7c05987e1cb1eae6dc4bc04f75961c0a0,2026-08-02NDH24:40:00Z,1785681736890,1785681900000,0.610000,0.600000,0.400000,0.390000,312.23,30
0xe213e704c61f9373b70c6b5b011630a7c05987e1cb1eae6dc4bc04f75961c0a0,2026-08-02NDH24:40:00Z,1785681737388,1785681900000,0.610000,0.600000,0.400000,0.390000,375.31,30
0xe213e704c61f9373b70c6b5b011630a7c05987e1cb1eae6dc4bc04f75961c0a0,2026-08-02NDH24:40:00Z,1785681737888,1785681900000,0.600000,0.590000,0.410000,0.400000,358.19,33.42
0xe213e704c61f9373b70c6b5b011630a7c05987e1cb1eae6dc4bc04f75961c0a0,2026-08-02NDH24:40:00Z,1785681738390,1785681900000,0.600000,0.590000,0.410000,0.400000,365.95,33.42
0xe213e704c61f9373b70c6b5b011630a7c05987e1cb1eae6dc4bc04f75961c0a0,2026-08-02NDH24:40:00Z,1785681738889,1785681900000,0.600000,0.590000,0.410000,0.400000,389.95,33.42
0xe213e704c61f9373b70c6b5b011630a7c05987e1cb1eae6dc4bc04f75961c0a0,2026-08-02NDH24:40:00Z,1785681739388,1785681900000,0.600000,0.590000,0.410000,0.400000,404.95,33.42
0xe213e704c61f9373b70c6b5b011630a7c05987e1cb1eae6dc4bc04f75961c0a0,2026-08-02NDH24:40:00Z,1785681739890,1785681900000,0.600000,0.590000,0.410000,0.400000,395.88,33.42
0xe213e704c61f9373b70c6b5b011630a7c05987e1cb1eae6dc4bc04f75961c0a0,2026-08-02NDH24:40:00Z,1785681740390,1785681900000,0.540000,0.530000,0.470000,0.460000,15,224.12
0xe213e704c61f9373b70c6b5b011630a7c05987e1cb1eae6dc4bc04f75961c0a0,2026-08-02NDH24:40:00Z,1785681740889,1785681900000,0.590000,0.580000,0.420000,0.410000,47.83,161.37
0xe213e704c61f9373b70c6b5b011630a7c05987e1cb1eae6dc4bc04f75961c0a0,2026-08-02NDH24:40:00Z,1785681741390,1785681900000,0.590000,0.570000,0.430000,0.410000,160.99,6.51
0xe213e704c61f9373b70c6b5b011630a7c05987e1cb1eae6dc4bc04f75961c0a0,2026-08-02NDH24:40:00Z,1785681741890,1785681900000,0.580000,0.570000,0.430000,0.420000,220.23,6.42
0xe213e704c61f9373b70c6b5b011630a7c05987e1cb1eae6dc4bc04f75961c0a0,2026-08-02NDH24:40:00Z,1785681742389,1785681900000,0.610000,0.600000,0.400000,0.390000,263.25,52.96
0xe213e704c61f9373b70c6b5b011630a7c05987e1cb1eae6dc4bc04f75961c0a0,2026-08-02NDH24:40:00Z,1785681742890,1785681900000,0.610000,0.600000,0.400000,0.390000,305.25,52.96
0xe213e704c61f9373b70c6b5b011630a7c05987e1cb1eae6dc4bc04f75961c0a0,2026-08-02NDH24:40:00Z,1785681743389,1785681900000,0.610000,0.600000,0.400000,0.390000,383.7,37.15
0xe213e704c61f9373b70c6b5b011630a7c05987e1cb1eae6dc4bc04f75961c0a0,2026-08-02NDH24:40:00Z,1785681743891,1785681900000,0.610000,0.600000,0.400000,0.390000,238.03,37.15
0xe213e704c61f9373b70c6b5b011630a7c05987e1cb1eae6dc4bc04f75961c0a0,2026-08-02NDH24:40:00Z,1785681744389,1785681900000,0.610000,0.600000,0.400000,0.390000,229.83,47.15
0xe213e704c61f9373b70c6b5b011630a7c05987e1cb1eae6dc4bc04f75961c0a0,2026-08-02NDH24:40:00Z,1785681744888,1785681900000,0.610000,0.600000,0.400000,0.390000,170.06,42.15
0xe213e704c61f9373b70c6b5b011630a7c05987e1cb1eae6dc4bc04f75961c0a0,2026-08-02NDH24:40:00Z,1785681745389,1785681900000,0.610000,0.600000,0.400000,0.390000,203.28,42.15
0xe213e704c61f9373b70c6b5b011630a7c05987e1cb1eae6dc4bc04f75961c0a0,2026-08-02NDH24:40:00Z,1785681745889,1785681900000,0.610000,0.600000,0.400000,0.390000,231.88,42.15
0xe213e704c61f9373b70c6b5b011630a7c05987e1cb1eae6dc4bc04f75961c0a0,2026-08-02NDH24:40:00Z,1785681746390,1785681900000,0.610000,0.600000,0.400000,0.390000,216.38,42.15
0xe213e704c61f9373b70c6b5b011630a7c05987e1cb1eae6dc4bc04f75961c0a0,2026-08-02NDH24:40:00Z,1785681746889,1785681900000,0.610000,0.600000,0.400000,0.390000,165.06,42.15
0xe213e704c61f9373b70c6b5b011630a7c05987e1cb1eae6dc4bc04f75961c0a0,2026-08-02NDH24:40:00Z,1785681747390,1785681900000,0.610000,0.600000,0.400000,0.390000,165.06,319.37
0xe213e704c61f9373b70c6b5b011630a7c05987e1cb1eae6dc4bc04f75961c0a0,2026-08-02NDH24:40:00Z,1785681747889,1785681900000,0.610000,0.600000,0.400000,0.390000,138.66,187.95
0xe213e704c61f9373b70c6b5b011630a7c05987e1cb1eae6dc4bc04f75961c0a0,2026-08-02NDH24:40:00Z,1785681748390,1785681900000,0.610000,0.600000,0.400000,0.390000,143.66,125.45
0xe213e704c61f9373b70c6b5b011630a7c05987e1cb1eae6dc4bc04f75961c0a0,2026-08-02NDH24:40:00Z,1785681748889,1785681900000,0.610000,0.600000,0.400000,0.390000,143.66,25
0xe213e704c61f9373b70c6b5b011630a7c05987e1cb1eae6dc4bc04f75961c0a0,2026-08-02NDH24:40:00Z,1785681749389,1785681900000,0.610000,0.600000,0.400000,0.390000,165.32,30
0xe213e704c61f9373b70c6b5b011630a7c05987e1cb1eae6dc4bc04f75961c0a0,2026-08-02NDH24:40:00Z,1785681749890,1785681900000,0.620000,0.610000,0.390000,0.380000,84,72.96
0xe213e704c61f9373b70c6b5b011630a7c05987e1cb1eae6dc4bc04f75961c0a0,2026-08-02NDH24:40:00Z,1785681750389,1785681900000,0.620000,0.610000,0.390000,0.380000,84,62.96
0xe213e704c61f9373b70c6b5b011630a7c05987e1cb1eae6dc4bc04f75961c0a0,2026-08-02NDH24:40:00Z,1785681750889,1785681900000,0.620000,0.610000,0.390000,0.380000,35.61,57.96
0xe213e704c61f9373b70c6b5b011630a7c05987e1cb1eae6dc4bc04f75961c0a0,2026-08-02NDH24:40:00Z,1785681751389,1785681900000,0.620000,0.610000,0.390000,0.380000,26,107.96
0xe213e704c61f9373b70c6b5b011630a7c05987e1cb1eae6dc4bc04f75961c0a0,2026-08-02NDH24:40:00Z,1785681751888,1785681900000,0.630000,0.610000,0.390000,0.370000,54.4,189.7
0xe213e704c61f9373b70c6b5b011630a7c05987e1cb1eae6dc4bc04f75961c0a0,2026-08-02NDH24:40:00Z,1785681752390,1785681900000,0.630000,0.620000,0.380000,0.370000,28.12,283.58
0xe213e704c61f9373b70c6b5b011630a7c05987e1cb1eae6dc4bc04f75961c0a0,2026-08-02NDH24:40:00Z,1785681752889,1785681900000,0.630000,0.620000,0.380000,0.370000,12,265.97
0xe213e704c61f9373b70c6b5b011630a7c05987e1cb1eae6dc4bc04f75961c0a0,2026-08-02NDH24:40:00Z,1785681753389,1785681900000,0.630000,0.620000,0.380000,0.370000,26,265.97
0xe213e704c61f9373b70c6b5b011630a7c05987e1cb1eae6dc4bc04f75961c0a0,2026-08-02NDH24:40:00Z,1785681753889,1785681900000,0.630000,0.620000,0.380000,0.370000,24.41,217.97
0xe213e704c61f9373b70c6b5b011630a7c05987e1cb1eae6dc4bc04f75961c0a0,2026-08-02NDH24:40:00Z,1785681754389,1785681900000,0.630000,0.620000,0.380000,0.370000,24.41,217.18
0xe213e704c61f9373b70c6b5b011630a7c05987e1cb1eae6dc4bc04f75961c0a0,2026-08-02NDH24:40:00Z,1785681754890,1785681900000,0.630000,0.620000,0.380000,0.370000,24.41,241.18
0xe213e704c61f9373b70c6b5b011630a7c05987e1cb1eae6dc4bc04f75961c0a0,2026-08-02NDH24:40:00Z,1785681755388,1785681900000,0.640000,0.630000,0.370000,0.360000,16.3,298.69
0xe213e704c61f9373b70c6b5b011630a7c05987e1cb1eae6dc4bc04f75961c0a0,2026-08-02NDH24:40:00Z,1785681755890,1785681900000,0.650000,0.640000,0.360000,0.350000,49.1,254.8
0xe213e704c61f9373b70c6b5b011630a7c05987e1cb1eae6dc4bc04f75961c0a0,2026-08-02NDH24:40:00Z,1785681756389,1785681900000,0.650000,0.640000,0.360000,0.350000,34.1,246.36
0xe213e704c61f9373b70c6b5b011630a7c05987e1cb1eae6dc4bc04f75961c0a0,2026-08-02NDH24:40:00Z,1785681756889,1785681900000,0.650000,0.640000,0.360000,0.350000,34.1,256.36
0xe213e704c61f9373b70c6b5b011630a7c05987e1cb1eae6dc4bc04f75961c0a0,2026-08-02NDH24:40:00Z,1785681757389,1785681900000,0.710000,0.700000,0.300000,0.290000,21.15,428.08
0xe213e704c61f9373b70c6b5b011630a7c05987e1cb1eae6dc4bc04f75961c0a0,2026-08-02NDH24:40:00Z,1785681757889,1785681900000,0.710000,0.700000,0.300000,0.290000,3.15,389.53
0xe213e704c61f9373b70c6b5b011630a7c05987e1cb1eae6dc4bc04f75961c0a0,2026-08-02NDH24:40:00Z,1785681758389,1785681900000,0.730000,0.720000,0.280000,0.270000,13,240.04
0xe213e704c61f9373b70c6b5b011630a7c05987e1cb1eae6dc4bc04f75961c0a0,2026-08-02NDH24:40:00Z,1785681758890,1785681900000,0.730000,0.720000,0.280000,0.270000,15.63,186.4
0xe213e704c61f9373b70c6b5b011630a7c05987e1cb1eae6dc4bc04f75961c0a0,2026-08-02NDH24:40:00Z,1785681759390,1785681900000,0.730000,0.720000,0.280000,0.270000,13.78,156.22
0xe213e704c61f9373b70c6b5b011630a7c05987e1cb1eae6dc4bc04f75961c0a0,2026-08-02NDH24:40:00Z,1785681759888,1785681900000,0.740000,0.730000,0.270000,0.260000,55.22,224.86
0xe213e704c61f9373b70c6b5b011630a7c05987e1cb1eae6dc4bc04f75961c0a0,2026-08-02NDH24:40:00Z,1785681760389,1785681900000,0.750000,0.740000,0.260000,0.250000,42.91,218.88
0xe213e704c61f9373b70c6b5b011630a7c05987e1cb1eae6dc4bc04f75961c0a0,2026-08-02NDH24:40:00Z,1785681760890,1785681900000,0.750000,0.740000,0.260000,0.250000,0.91,175.4
0xe213e704c61f9373b70c6b5b011630a7c05987e1cb1eae6dc4bc04f75961c0a0,2026-08-02NDH24:40:00Z,1785681761389,1785681900000,0.760000,0.750000,0.250000,0.240000,10,381.9
0xe213e704c61f9373b70c6b5b011630a7c05987e1cb1eae6dc4bc04f75961c0a0,2026-08-02NDH24:40:00Z,1785681761889,1785681900000,0.770000,0.760000,0.240000,0.230000,208.74,255.56
0xe213e704c61f9373b70c6b5b011630a7c05987e1cb1eae6dc4bc04f75961c0a0,2026-08-02NDH24:40:00Z,1785681762389,1785681900000,0.770000,0.760000,0.240000,0.230000,208.74,126.96
0xe213e704c61f9373b70c6b5b011630a7c05987e1cb1eae6dc4bc04f75961c0a0,2026-08-02NDH24:40:00Z,1785681762889,1785681900000,0.760000,0.750000,0.250000,0.240000,295.37,104.09
0xe213e704c61f9373b70c6b5b011630a7c05987e1cb1eae6dc4bc04f75961c0a0,2026-08-02NDH24:40:00Z,1785681763390,1785681900000,0.720000,0.710000,0.290000,0.280000,392.28,52.3
0xe213e704c61f9373b70c6b5b011630a7c05987e1cb1eae6dc4bc04f75961c0a0,2026-08-02NDH24:40:00Z,1785681763889,1785681900000,0.720000,0.710000,0.290000,0.280000,338.06,42.3
0xe213e704c61f9373b70c6b5b011630a7c05987e1cb1eae6dc4bc04f75961c0a0,2026-08-02NDH24:40:00Z,1785681764390,1785681900000,0.710000,0.700000,0.300000,0.290000,93.56,30
0xe213e704c61f9373b70c6b5b011630a7c05987e1cb1eae6dc4bc04f75961c0a0,2026-08-02NDH24:40:00Z,1785681764890,1785681900000,0.710000,0.700000,0.300000,0.290000,105.82,17.3
0xe213e704c61f9373b70c6b5b011630a7c05987e1cb1eae6dc4bc04f75961c0a0,2026-08-02NDH24:40:00Z,1785681765389,1785681900000,0.700000,0.690000,0.310000,0.300000,110.7,14.02
0xe213e704c61f9373b70c6b5b011630a7c05987e1cb1eae6dc4bc04f75961c0a0,2026-08-02NDH24:40:00Z,1785681765889,1785681900000,0.700000,0.690000,0.310000,0.300000,88.11,8.21
0xe213e704c61f9373b70c6b5b011630a7c05987e1cb1eae6dc4bc04f75961c0a0,2026-08-02NDH24:40:00Z,1785681766388,1785681900000,0.700000,0.690000,0.310000,0.300000,112.11,8.21
0xe213e704c61f9373b70c6b5b011630a7c05987e1cb1eae6dc4bc04f75961c0a0,2026-08-02NDH24:40:00Z,1785681766889,1785681900000,0.700000,0.690000,0.310000,0.300000,120.72,8.21
0xe213e704c61f9373b70c6b5b011630a7c05987e1cb1eae6dc4bc04f75961c0a0,2026-08-02NDH24:40:00Z,1785681767389,1785681900000,0.700000,0.690000,0.310000,0.300000,115.64,8.21
0xe213e704c61f9373b70c6b5b011630a7c05987e1cb1eae6dc4bc04f75961c0a0,2026-08-02NDH24:40:00Z,1785681767888,1785681900000,0.700000,0.690000,0.310000,0.300000,102.46,4.98
0xe213e704c61f9373b70c6b5b011630a7c05987e1cb1eae6dc4bc04f75961c0a0,2026-08-02NDH24:40:00Z,1785681768389,1785681900000,0.680000,0.670000,0.330000,0.320000,54.86,147.95
0xe213e704c61f9373b70c6b5b011630a7c05987e1cb1eae6dc4bc04f75961c0a0,2026-08-02NDH24:40:00Z,1785681768890,1785681900000,0.680000,0.670000,0.330000,0.320000,69.86,102.48
0xe213e704c61f9373b70c6b5b011630a7c05987e1cb1eae6dc4bc04f75961c0a0,2026-08-02NDH24:40:00Z,1785681769390,1785681900000,0.680000,0.670000,0.330000,0.320000,69.86,102.48
0xe213e704c61f9373b70c6b5b011630a7c05987e1cb1eae6dc4bc04f75961c0a0,2026-08-02NDH24:40:00Z,1785681769889,1785681900000,0.680000,0.670000,0.330000,0.320000,69.86,100.29
0xe213e704c61f9373b70c6b5b011630a7c05987e1cb1eae6dc4bc04f75961c0a0,2026-08-02NDH24:40:00Z,1785681770389,1785681900000,0.680000,0.670000,0.330000,0.320000,81.86,109
0xe213e704c61f9373b70c6b5b011630a7c05987e1cb1eae6dc4bc04f75961c0a0,2026-08-02NDH24:40:00Z,1785681770889,1785681900000,0.680000,0.670000,0.330000,0.320000,81.86,109
0xe213e704c61f9373b70c6b5b011630a7c05987e1cb1eae6dc4bc04f75961c0a0,2026-08-02NDH24:40:00Z,1785681771390,1785681900000,0.670000,0.660000,0.340000,0.330000,295.72,18
0xe213e704c61f9373b70c6b5b011630a7c05987e1cb1eae6dc4bc04f75961c0a0,2026-08-02NDH24:40:00Z,1785681771888,1785681900000,0.670000,0.660000,0.340000,0.330000,275.72,12.11
0xe213e704c61f9373b70c6b5b011630a7c05987e1cb1eae6dc4bc04f75961c0a0,2026-08-02NDH24:40:00Z,1785681772390,1785681900000,0.670000,0.660000,0.340000,0.330000,285.72,12.11
0xe213e704c61f9373b70c6b5b011630a7c05987e1cb1eae6dc4bc04f75961c0a0,2026-08-02NDH24:40:00Z,1785681772889,1785681900000,0.640000,0.630000,0.370000,0.360000,340.49,23.51
0xe213e704c61f9373b70c6b5b011630a7c05987e1cb1eae6dc4bc04f75961c0a0,2026-08-02NDH24:40:00Z,1785681773389,1785681900000,0.640000,0.630000,0.370000,0.360000,345.57,23.51
0xe213e704c61f9373b70c6b5b011630a7c05987e1cb1eae6dc4bc04f75961c0a0,2026-08-02NDH24:40:00Z,1785681773889,1785681900000,0.640000,0.630000,0.370000,0.360000,279.43,567.54
0xe213e704c61f9373b70c6b5b011630a7c05987e1cb1eae6dc4bc04f75961c0a0,2026-08-02NDH24:40:00Z,1785681774389,1785681900000,0.640000,0.630000,0.370000,0.360000,237.28,710.57
0xe213e704c61f9373b70c6b5b011630a7c05987e1cb1eae6dc4bc04f75961c0a0,2026-08-02NDH24:40:00Z,1785681774890,1785681900000,0.640000,0.630000,0.370000,0.360000,237.28,710.57
0xe213e704c61f9373b70c6b5b011630a7c05987e1cb1eae6dc4bc04f75961c0a0,2026-08-02NDH24:40:00Z,1785681775389,1785681900000,0.640000,0.630000,0.370000,0.360000,236.03,710.57
0xe213e704c61f9373b70c6b5b011630a7c05987e1cb1eae6dc4bc04f75961c0a0,2026-08-02NDH24:40:00Z,1785681775889,1785681900000,0.640000,0.630000,0.370000,0.360000,206.47,705.57
0xe213e704c61f9373b70c6b5b011630a7c05987e1cb1eae6dc4bc04f75961c0a0,2026-08-02NDH24:40:00Z,1785681776388,1785681900000,0.640000,0.630000,0.370000,0.360000,191.23,712.1
0xe213e704c61f9373b70c6b5b011630a7c05987e1cb1eae6dc4bc04f75961c0a0,2026-08-02NDH24:40:00Z,1785681776889,1785681900000,0.640000,0.630000,0.370000,0.360000,191.23,712.1
0xe213e704c61f9373b70c6b5b011630a7c05987e1cb1eae6dc4bc04f75961c0a0,2026-08-02NDH24:40:00Z,1785681777390,1785681900000,0.640000,0.630000,0.370000,0.360000,191.23,636.66
0xe213e704c61f9373b70c6b5b011630a7c05987e1cb1eae6dc4bc04f75961c0a0,2026-08-02NDH24:40:00Z,1785681777888,1785681900000,0.640000,0.630000,0.370000,0.360000,191.23,633.55
0xe213e704c61f9373b70c6b5b011630a7c05987e1cb1eae6dc4bc04f75961c0a0,2026-08-02NDH24:40:00Z,1785681778389,1785681900000,0.640000,0.630000,0.370000,0.360000,90.83,625.55
0xe213e704c61f9373b70c6b5b011630a7c05987e1cb1eae6dc4bc04f75961c0a0,2026-08-02NDH24:40:00Z,1785681778889,1785681900000,0.640000,0.630000,0.370000,0.360000,42.2,565.65
0xe213e704c61f9373b70c6b5b011630a7c05987e1cb1eae6dc4bc04f75961c0a0,2026-08-02NDH24:40:00Z,1785681779389,1785681900000,0.640000,0.630000,0.370000,0.360000,54.2,538.62
0xe213e704c61f9373b70c6b5b011630a7c05987e1cb1eae6dc4bc04f75961c0a0,2026-08-02NDH24:40:00Z,1785681779889,1785681900000,0.640000,0.630000,0.370000,0.360000,54.2,486.66
0xe213e704c61f9373b70c6b5b011630a7c05987e1cb1eae6dc4bc04f75961c0a0,2026-08-02NDH24:40:00Z,1785681780389,1785681900000,0.640000,0.630000,0.370000,0.360000,69.2,486.66
0xe213e704c61f9373b70c6b5b011630a7c05987e1cb1eae6dc4bc04f75961c0a0,2026-08-02NDH24:40:00Z,1785681780890,1785681900000,0.640000,0.630000,0.370000,0.360000,32,523.66
0xe213e704c61f9373b70c6b5b011630a7c05987e1cb1eae6dc4bc04f75961c0a0,2026-08-02NDH24:40:00Z,1785681781389,1785681900000,0.680000,0.670000,0.330000,0.320000,5.97,8.69
0xe213e704c61f9373b70c6b5b011630a7c05987e1cb1eae6dc4bc04f75961c0a0,2026-08-02NDH24:40:00Z,1785681781889,1785681900000,0.690000,0.680000,0.320000,0.310000,88.28,24.14
0xe213e704c61f9373b70c6b5b011630a7c05987e1cb1eae6dc4bc04f75961c0a0,2026-08-02NDH24:40:00Z,1785681782390,1785681900000,0.660000,0.650000,0.350000,0.340000,203.22,40.62
0xe213e704c61f9373b70c6b5b011630a7c05987e1cb1eae6dc4bc04f75961c0a0,2026-08-02NDH24:40:00Z,1785681782890,1785681900000,0.650000,0.640000,0.360000,0.350000,200.08,5
0xe213e704c61f9373b70c6b5b011630a7c05987e1cb1eae6dc4bc04f75961c0a0,2026-08-02NDH24:40:00Z,1785681783389,1785681900000,0.630000,0.620000,0.380000,0.370000,173.96,131.9
0xe213e704c61f9373b70c6b5b011630a7c05987e1cb1eae6dc4bc04f75961c0a0,2026-08-02NDH24:40:00Z,1785681783889,1785681900000,0.630000,0.620000,0.380000,0.370000,15,183.82
0xe213e704c61f9373b70c6b5b011630a7c05987e1cb1eae6dc4bc04f75961c0a0,2026-08-02NDH24:40:00Z,1785681784389,1785681900000,0.630000,0.620000,0.380000,0.370000,8.95,170.07
0xe213e704c61f9373b70c6b5b011630a7c05987e1cb1eae6dc4bc04f75961c0a0,2026-08-02NDH24:40:00Z,1785681784889,1785681900000,0.630000,0.620000,0.380000,0.370000,13.95,170.07
0xe213e704c61f9373b70c6b5b011630a7c05987e1cb1eae6dc4bc04f75961c0a0,2026-08-02NDH24:40:00Z,1785681785390,1785681900000,0.670000,0.660000,0.340000,0.330000,83.3,51.25
0xe213e704c61f9373b70c6b5b011630a7c05987e1cb1eae6dc4bc04f75961c0a0,2026-08-02NDH24:40:00Z,1785681785889,1785681900000,0.660000,0.650000,0.350000,0.340000,50,3.02
0xe213e704c61f9373b70c6b5b011630a7c05987e1cb1eae6dc4bc04f75961c0a0,2026-08-02NDH24:40:00Z,1785681786389,1785681900000,0.620000,0.610000,0.390000,0.380000,5,321.74
0xe213e704c61f9373b70c6b5b011630a7c05987e1cb1eae6dc4bc04f75961c0a0,2026-08-02NDH24:40:00Z,1785681786890,1785681900000,0.640000,0.630000,0.370000,0.360000,15,16.66
0xe213e704c61f9373b70c6b5b011630a7c05987e1cb1eae6dc4bc04f75961c0a0,2026-08-02NDH24:40:00Z,1785681787389,1785681900000,0.660000,0.650000,0.350000,0.340000,17,20
0xe213e704c61f9373b70c6b5b011630a7c05987e1cb1eae6dc4bc04f75961c0a0,2026-08-02NDH24:40:00Z,1785681787888,1785681900000,0.660000,0.650000,0.350000,0.340000,12,213.72
0xe213e704c61f9373b70c6b5b011630a7c05987e1cb1eae6dc4bc04f75961c0a0,2026-08-02NDH24:40:00Z,1785681788389,1785681900000,0.660000,0.650000,0.350000,0.340000,12,214.94
0xe213e704c61f9373b70c6b5b011630a7c05987e1cb1eae6dc4bc04f75961c0a0,2026-08-02NDH24:40:00Z,1785681788889,1785681900000,0.660000,0.650000,0.350000,0.340000,12,198.27
0xe213e704c61f9373b70c6b5b011630a7c05987e1cb1eae6dc4bc04f75961c0a0,2026-08-02NDH24:40:00Z,1785681789389,1785681900000,0.670000,0.660000,0.340000,0.330000,100.12,287.69
0xe213e704c61f9373b70c6b5b011630a7c05987e1cb1eae6dc4bc04f75961c0a0,2026-08-02NDH24:40:00Z,1785681789888,1785681900000,0.670000,0.660000,0.340000,0.330000,73.19,269.71
0xe213e704c61f9373b70c6b5b011630a7c05987e1cb1eae6dc4bc04f75961c0a0,2026-08-02NDH24:40:00Z,1785681790389,1785681900000,0.670000,0.660000,0.340000,0.330000,211.95,103.87
0xe213e704c61f9373b70c6b5b011630a7c05987e1cb1eae6dc4bc04f75961c0a0,2026-08-02NDH24:40:00Z,1785681790889,1785681900000,0.670000,0.660000,0.340000,0.330000,211.95,129.15
0xe213e704c61f9373b70c6b5b011630a7c05987e1cb1eae6dc4bc04f75961c0a0,2026-08-02NDH24:40:00Z,1785681791389,1785681900000,0.630000,0.620000,0.380000,0.370000,15,269.1
0xe213e704c61f9373b70c6b5b011630a7c05987e1cb1eae6dc4bc04f75961c0a0,2026-08-02NDH24:40:00Z,1785681791889,1785681900000,0.640000,0.630000,0.370000,0.360000,50,162.07
0xe213e704c61f9373b70c6b5b011630a7c05987e1cb1eae6dc4bc04f75961c0a0,2026-08-02NDH24:40:00Z,1785681792389,1785681900000,0.640000,0.630000,0.370000,0.360000,55,167.07
0xe213e704c61f9373b70c6b5b011630a7c05987e1cb1eae6dc4bc04f75961c0a0,2026-08-02NDH24:40:00Z,1785681792889,1785681900000,0.640000,0.630000,0.370000,0.360000,55,167.07
0xe213e704c61f9373b70c6b5b011630a7c05987e1cb1eae6dc4bc04f75961c0a0,2026-08-02NDH24:40:00Z,1785681793389,1785681900000,0.640000,0.630000,0.370000,0.360000,50,167.07
0xe213e704c61f9373b70c6b5b011630a7c05987e1cb1eae6dc4bc04f75961c0a0,2026-08-02NDH24:40:00Z,1785681793889,1785681900000,0.640000,0.630000,0.370000,0.360000,50,167.07
0xe213e704c61f9373b70c6b5b011630a7c05987e1cb1eae6dc4bc04f75961c0a0,2026-08-02NDH24:40:00Z,1785681794389,1785681900000,0.640000,0.630000,0.370000,0.360000,50,172.07
0xe213e704c61f9373b70c6b5b011630a7c05987e1cb1eae6dc4bc04f75961c0a0,2026-08-02NDH24:40:00Z,1785681794890,1785681900000,0.640000,0.630000,0.370000,0.360000,45,172.07
0xe213e704c61f9373b70c6b5b011630a7c05987e1cb1eae6dc4bc04f75961c0a0,2026-08-02NDH24:40:00Z,1785681795388,1785681900000,0.640000,0.630000,0.370000,0.360000,45,166.46
0xe213e704c61f9373b70c6b5b011630a7c05987e1cb1eae6dc4bc04f75961c0a0,2026-08-02NDH24:40:00Z,1785681795888,1785681900000,0.640000,0.630000,0.370000,0.360000,45,168.61
0xe213e704c61f9373b70c6b5b011630a7c05987e1cb1eae6dc4bc04f75961c0a0,2026-08-02NDH24:40:00Z,1785681796389,1785681900000,0.640000,0.630000,0.370000,0.360000,35,175.04
0xe213e704c61f9373b70c6b5b011630a7c05987e1cb1eae6dc4bc04f75961c0a0,2026-08-02NDH24:40:00Z,1785681796889,1785681900000,0.660000,0.650000,0.350000,0.340000,5,231.15
0xe213e704c61f9373b70c6b5b011630a7c05987e1cb1eae6dc4bc04f75961c0a0,2026-08-02NDH24:40:00Z,1785681797389,1785681900000,0.670000,0.660000,0.340000,0.330000,42.61,263.13
0xe213e704c61f9373b70c6b5b011630a7c05987e1cb1eae6dc4bc04f75961c0a0,2026-08-02NDH24:40:00Z,1785681797890,1785681900000,0.670000,0.660000,0.340000,0.330000,42.61,121.61
0xe213e704c61f9373b70c6b5b011630a7c05987e1cb1eae6dc4bc04f75961c0a0,2026-08-02NDH24:40:00Z,1785681798389,1785681900000,0.640000,0.630000,0.370000,0.360000,13.04,416.23
0xe213e704c61f9373b70c6b5b011630a7c05987e1cb1eae6dc4bc04f75961c0a0,2026-08-02NDH24:40:00Z,1785681798889,1785681900000,0.650000,0.640000,0.360000,0.350000,70.86,174.44
0xe213e704c61f9373b70c6b5b011630a7c05987e1cb1eae6dc4bc04f75961c0a0,2026-08-02NDH24:40:00Z,1785681799389,1785681900000,0.650000,0.640000,0.360000,0.350000,92.27,164.96
0xe213e704c61f9373b70c6b5b011630a7c05987e1cb1eae6dc4bc04f75961c0a0,2026-08-02NDH24:40:00Z,1785681799889,1785681900000,0.650000,0.640000,0.360000,0.350000,59.84,410.27
0xe213e704c61f9373b70c6b5b011630a7c05987e1cb1eae6dc4bc04f75961c0a0,2026-08-02NDH24:40:00Z,1785681800389,1785681900000,0.650000,0.640000,0.360000,0.350000,49.86,410.27
0xe213e704c61f9373b70c6b5b011630a7c05987e1cb1eae6dc4bc04f75961c0a0,2026-08-02NDH24:40:00Z,1785681800889,1785681900000,0.650000,0.640000,0.360000,0.350000,49.86,410.27
0xe213e704c61f9373b70c6b5b011630a7c05987e1cb1eae6dc4bc04f75961c0a0,2026-08-02NDH24:40:00Z,1785681801389,1785681900000,0.650000,0.640000,0.360000,0.350000,49.86,424.27
0xe213e704c61f9373b70c6b5b011630a7c05987e1cb1eae6dc4bc04f75961c0a0,2026-08-02NDH24:40:00Z,1785681801889,1785681900000,0.650000,0.640000,0.360000,0.350000,34.86,400.27
0xe213e704c61f9373b70c6b5b011630a7c05987e1cb1eae6dc4bc04f75961c0a0,2026-08-02NDH24:40:00Z,1785681802388,1785681900000,0.650000,0.640000,0.360000,0.350000,27.16,453.27
0xe213e704c61f9373b70c6b5b011630a7c05987e1cb1eae6dc4bc04f75961c0a0,2026-08-02NDH24:40:00Z,1785681802889,1785681900000,0.650000,0.640000,0.360000,0.350000,6.3,453.27
0xe213e704c61f9373b70c6b5b011630a7c05987e1cb1eae6dc4bc04f75961c0a0,2026-08-02NDH24:40:00Z,1785681803389,1785681900000,0.650000,0.640000,0.360000,0.350000,1.3,453.27
0xe213e704c61f9373b70c6b5b011630a7c05987e1cb1eae6dc4bc04f75961c0a0,2026-08-02NDH24:40:00Z,1785681803890,1785681900000,0.650000,0.640000,0.360000,0.350000,1.3,448.27
0xe213e704c61f9373b70c6b5b011630a7c05987e1cb1eae6dc4bc04f75961c0a0,2026-08-02NDH24:40:00Z,1785681804389,1785681900000,0.680000,0.670000,0.330000,0.320000,55,5
0xe213e704c61f9373b70c6b5b011630a7c05987e1cb1eae6dc4bc04f75961c0a0,2026-08-02NDH24:40:00Z,1785681804889,1785681900000,0.660000,0.650000,0.350000,0.340000,3.48,536.68
0xe213e704c61f9373b70c6b5b011630a7c05987e1cb1eae6dc4bc04f75961c0a0,2026-08-02NDH24:40:00Z,1785681805390,1785681900000,0.690000,0.670000,0.330000,0.310000,22,113.27
0xe213e704c61f9373b70c6b5b011630a7c05987e1cb1eae6dc4bc04f75961c0a0,2026-08-02NDH24:40:00Z,1785681805889,1785681900000,0.690000,0.680000,0.320000,0.310000,22,99.67
0xe213e704c61f9373b70c6b5b011630a7c05987e1cb1eae6dc4bc04f75961c0a0,2026-08-02NDH24:40:00Z,1785681806388,1785681900000,0.690000,0.680000,0.320000,0.310000,14.75,73.7
0xe213e704c61f9373b70c6b5b011630a7c05987e1cb1eae6dc4bc04f75961c0a0,2026-08-02NDH24:40:00Z,1785681806889,1785681900000,0.670000,0.660000,0.340000,0.330000,10,30
0xe213e704c61f9373b70c6b5b011630a7c05987e1cb1eae6dc4bc04f75961c0a0,2026-08-02NDH24:40:00Z,1785681807390,1785681900000,0.670000,0.660000,0.340000,0.330000,7.53,37.41
0xe213e704c61f9373b70c6b5b011630a7c05987e1cb1eae6dc4bc04f75961c0a0,2026-08-02NDH24:40:00Z,1785681807889,1785681900000,0.660000,0.650000,0.350000,0.340000,46.2,514.55
0xe213e704c61f9373b70c6b5b011630a7c05987e1cb1eae6dc4bc04f75961c0a0,2026-08-02NDH24:40:00Z,1785681808390,1785681900000,0.660000,0.650000,0.350000,0.340000,41.16,534.44
0xe213e704c61f9373b70c6b5b011630a7c05987e1cb1eae6dc4bc04f75961c0a0,2026-08-02NDH24:40:00Z,1785681808890,1785681900000,0.660000,0.650000,0.350000,0.340000,34.37,520.15
0xe213e704c61f9373b70c6b5b011630a7c05987e1cb1eae6dc4bc04f75961c0a0,2026-08-02NDH24:40:00Z,1785681809389,1785681900000,0.660000,0.650000,0.350000,0.340000,29.65,519.63
0xe213e704c61f9373b70c6b5b011630a7c05987e1cb1eae6dc4bc04f75961c0a0,2026-08-02NDH24:40:00Z,1785681809890,1785681900000,0.660000,0.650000,0.350000,0.340000,20.56,476.77
0xe213e704c61f9373b70c6b5b011630a7c05987e1cb1eae6dc4bc04f75961c0a0,2026-08-02NDH24:40:00Z,1785681810388,1785681900000,0.660000,0.650000,0.350000,0.340000,17.98,463.66
0xe213e704c61f9373b70c6b5b011630a7c05987e1cb1eae6dc4bc04f75961c0a0,2026-08-02NDH24:40:00Z,1785681810889,1785681900000,0.660000,0.650000,0.350000,0.340000,17.98,454.03
0xe213e704c61f9373b70c6b5b011630a7c05987e1cb1eae6dc4bc04f75961c0a0,2026-08-02NDH24:40:00Z,1785681811390,1785681900000,0.650000,0.640000,0.360000,0.350000,145.54,12
0xe213e704c61f9373b70c6b5b011630a7c05987e1cb1eae6dc4bc04f75961c0a0,2026-08-02NDH24:40:00Z,1785681811889,1785681900000,0.650000,0.640000,0.360000,0.350000,195.54,12
0xe213e704c61f9373b70c6b5b011630a7c05987e1cb1eae6dc4bc04f75961c0a0,2026-08-02NDH24:40:00Z,1785681812389,1785681900000,0.630000,0.620000,0.380000,0.370000,279.19,17.16
0xe213e704c61f9373b70c6b5b011630a7c05987e1cb1eae6dc4bc04f75961c0a0,2026-08-02NDH24:40:00Z,1785681812890,1785681900000,0.630000,0.620000,0.380000,0.370000,228.82,17.16
0xe213e704c61f9373b70c6b5b011630a7c05987e1cb1eae6dc4bc04f75961c0a0,2026-08-02NDH24:40:00Z,1785681813389,1785681900000,0.630000,0.620000,0.380000,0.370000,149.45,14.52
0xe213e704c61f9373b70c6b5b011630a7c05987e1cb1eae6dc4bc04f75961c0a0,2026-08-02NDH24:40:00Z,1785681813888,1785681900000,0.630000,0.620000,0.380000,0.370000,90.51,19.52
0xe213e704c61f9373b70c6b5b011630a7c05987e1cb1eae6dc4bc04f75961c0a0,2026-08-02NDH24:40:00Z,1785681814390,1785681900000,0.630000,0.620000,0.380000,0.370000,82.57,14.52
0xe213e704c61f9373b70c6b5b011630a7c05987e1cb1eae6dc4bc04f75961c0a0,2026-08-02NDH24:40:00Z,1785681814889,1785681900000,0.630000,0.620000,0.380000,0.370000,97.57,24.52
0xe213e704c61f9373b70c6b5b011630a7c05987e1cb1eae6dc4bc04f75961c0a0,2026-08-02NDH24:40:00Z,1785681815388,1785681900000,0.670000,0.660000,0.340000,0.330000,110.73,322.72
0xe213e704c61f9373b70c6b5b011630a7c05987e1cb1eae6dc4bc04f75961c0a0,2026-08-02NDH24:40:00Z,1785681815889,1785681900000,0.680000,0.670000,0.330000,0.320000,61.45,5
0xe213e704c61f9373b70c6b5b011630a7c05987e1cb1eae6dc4bc04f75961c0a0,2026-08-02NDH24:40:00Z,1785681816390,1785681900000,0.630000,0.620000,0.380000,0.370000,27.94,16.88
0xe213e704c61f9373b70c6b5b011630a7c05987e1cb1eae6dc4bc04f75961c0a0,2026-08-02NDH24:40:00Z,1785681816888,1785681900000,0.610000,0.600000,0.400000,0.390000,19.01,91.76
0xe213e704c61f9373b70c6b5b011630a7c05987e1cb1eae6dc4bc04f75961c0a0,2026-08-02NDH24:40:00Z,1785681817388,1785681900000,0.610000,0.600000,0.400000,0.390000,20.3,101.76
0xe213e704c61f9373b70c6b5b011630a7c05987e1cb1eae6dc4bc04f75961c0a0,2026-08-02NDH24:40:00Z,1785681817890,1785681900000,0.610000,0.600000,0.400000,0.390000,44.3,79.76
0xe213e704c61f9373b70c6b5b011630a7c05987e1cb1eae6dc4bc04f75961c0a0,2026-08-02NDH24:40:00Z,1785681818389,1785681900000,0.600000,0.590000,0.410000,0.400000,24,105.43
0xe213e704c61f9373b70c6b5b011630a7c05987e1cb1eae6dc4bc04f75961c0a0,2026-08-02NDH24:40:00Z,1785681818890,1785681900000,0.580000,0.570000,0.430000,0.420000,78.12,99.31
0xe213e704c61f9373b70c6b5b011630a7c05987e1cb1eae6dc4bc04f75961c0a0,2026-08-02NDH24:40:00Z,1785681819388,1785681900000,0.590000,0.580000,0.420000,0.410000,300.1,10
0xe213e704c61f9373b70c6b5b011630a7c05987e1cb1eae6dc4bc04f75961c0a0,2026-08-02NDH24:40:00Z,1785681819889,1785681900000,0.540000,0.530000,0.470000,0.460000,15.43,391.64
0xe213e704c61f9373b70c6b5b011630a7c05987e1cb1eae6dc4bc04f75961c0a0,2026-08-02NDH24:40:00Z,1785681820390,1785681900000,0.560000,0.550000,0.450000,0.440000,48.09,80.87
0xe213e704c61f9373b70c6b5b011630a7c05987e1cb1eae6dc4bc04f75961c0a0,2026-08-02NDH24:40:00Z,1785681820888,1785681900000,0.560000,0.550000,0.450000,0.440000,36.81,78.35
0xe213e704c61f9373b70c6b5b011630a7c05987e1cb1eae6dc4bc04f75961c0a0,2026-08-02NDH24:40:00Z,1785681821390,1785681900000,0.620000,0.610000,0.390000,0.380000,85,40.4
0xe213e704c61f9373b70c6b5b011630a7c05987e1cb1eae6dc4bc04f75961c0a0,2026-08-02NDH24:40:00Z,1785681821889,1785681900000,0.610000,0.600000,0.400000,0.390000,89.47,59.4
0xe213e704c61f9373b70c6b5b011630a7c05987e1cb1eae6dc4bc04f75961c0a0,2026-08-02NDH24:40:00Z,1785681822390,1785681900000,0.600000,0.590000,0.410000,0.400000,70,47.11
0xe213e704c61f9373b70c6b5b011630a7c05987e1cb1eae6dc4bc04f75961c0a0,2026-08-02NDH24:40:00Z,1785681822889,1785681900000,0.590000,0.580000,0.420000,0.410000,45,29
0xe213e704c61f9373b70c6b5b011630a7c05987e1cb1eae6dc4bc04f75961c0a0,2026-08-02NDH24:40:00Z,1785681823390,1785681900000,0.590000,0.580000,0.420000,0.410000,21.09,71.31
0xe213e704c61f9373b70c6b5b011630a7c05987e1cb1eae6dc4bc04f75961c0a0,2026-08-02NDH24:40:00Z,1785681823888,1785681900000,0.590000,0.580000,0.420000,0.410000,18.22,66.31
0xe213e704c61f9373b70c6b5b011630a7c05987e1cb1eae6dc4bc04f75961c0a0,2026-08-02NDH24:40:00Z,1785681824389,1785681900000,0.600000,0.590000,0.410000,0.400000,15,79.31
0xe213e704c61f9373b70c6b5b011630a7c05987e1cb1eae6dc4bc04f75961c0a0,2026-08-02NDH24:40:00Z,1785681824889,1785681900000,0.610000,0.600000,0.400000,0.390000,5,84
0xe213e704c61f9373b70c6b5b011630a7c05987e1cb1eae6dc4bc04f75961c0a0,2026-08-02NDH24:40:00Z,1785681825389,1785681900000,0.620000,0.610000,0.390000,0.380000,16,39
0xe213e704c61f9373b70c6b5b011630a7c05987e1cb1eae6dc4bc04f75961c0a0,2026-08-02NDH24:40:00Z,1785681825890,1785681900000,0.670000,0.660000,0.340000,0.330000,30,99.77
0xe213e704c61f9373b70c6b5b011630a7c05987e1cb1eae6dc4bc04f75961c0a0,2026-08-02NDH24:40:00Z,1785681826389,1785681900000,0.670000,0.660000,0.340000,0.330000,211.37,14.26
0xe213e704c61f9373b70c6b5b011630a7c05987e1cb1eae6dc4bc04f75961c0a0,2026-08-02NDH24:40:00Z,1785681826889,1785681900000,0.670000,0.660000,0.340000,0.330000,221.37,8.37
0xe213e704c61f9373b70c6b5b011630a7c05987e1cb1eae6dc4bc04f75961c0a0,2026-08-02NDH24:40:00Z,1785681827389,1785681900000,0.670000,0.660000,0.340000,0.330000,166.12,249.77
0xe213e704c61f9373b70c6b5b011630a7c05987e1cb1eae6dc4bc04f75961c0a0,2026-08-02NDH24:40:00Z,1785681827890,1785681900000,0.670000,0.660000,0.340000,0.330000,108.96,245.06
0xe213e704c61f9373b70c6b5b011630a7c05987e1cb1eae6dc4bc04f75961c0a0,2026-08-02NDH24:40:00Z,1785681828388,1785681900000,0.670000,0.660000,0.340000,0.330000,9.41,294.37
0xe213e704c61f9373b70c6b5b011630a7c05987e1cb1eae6dc4bc04f75961c0a0,2026-08-02NDH24:40:00Z,1785681828889,1785681900000,0.680000,0.670000,0.330000,0.320000,147,37
0xe213e704c61f9373b70c6b5b011630a7c05987e1cb1eae6dc4bc04f75961c0a0,2026-08-02NDH24:40:00Z,1785681829390,1785681900000,0.680000,0.670000,0.330000,0.320000,93.2,27
0xe213e704c61f9373b70c6b5b011630a7c05987e1cb1eae6dc4bc04f75961c0a0,2026-08-02NDH24:40:00Z,1785681829889,1785681900000,0.680000,0.670000,0.330000,0.320000,304.66,1.24
0xe213e704c61f9373b70c6b5b011630a7c05987e1cb1eae6dc4bc04f75961c0a0,2026-08-02NDH24:40:00Z,1785681830389,1785681900000,0.640000,0.630000,0.370000,0.360000,39.6,202.83
0xe213e704c61f9373b70c6b5b011630a7c05987e1cb1eae6dc4bc04f75961c0a0,2026-08-02NDH24:40:00Z,1785681830889,1785681900000,0.640000,0.630000,0.370000,0.360000,23.28,274.83
0xe213e704c61f9373b70c6b5b011630a7c05987e1cb1eae6dc4bc04f75961c0a0,2026-08-02NDH24:40:00Z,1785681831389,1785681900000,0.660000,0.650000,0.350000,0.340000,40,37
0xe213e704c61f9373b70c6b5b011630a7c05987e1cb1eae6dc4bc04f75961c0a0,2026-08-02NDH24:40:00Z,1785681831890,1785681900000,0.660000,0.650000,0.350000,0.340000,29,83.28
0xe213e704c61f9373b70c6b5b011630a7c05987e1cb1eae6dc4bc04f75961c0a0,2026-08-02NDH24:40:00Z,1785681832390,1785681900000,0.660000,0.650000,0.350000,0.340000,14,80.42
0xe213e704c61f9373b70c6b5b011630a7c05987e1cb1eae6dc4bc04f75961c0a0,2026-08-02NDH24:40:00Z,1785681832890,1785681900000,0.680000,0.650000,0.350000,0.320000,0.65,271.28
0xe213e704c61f9373b70c6b5b011630a7c05987e1cb1eae6dc4bc04f75961c0a0,2026-08-02NDH24:40:00Z,1785681833388,1785681900000,0.810000,0.800000,0.200000,0.190000,133.95,51
0xe213e704c61f9373b70c6b5b011630a7c05987e1cb1eae6dc4bc04f75961c0a0,2026-08-02NDH24:40:00Z,1785681833889,1785681900000,0.810000,0.800000,0.200000,0.190000,99.76,28.9
0xe213e704c61f9373b70c6b5b011630a7c05987e1cb1eae6dc4bc04f75961c0a0,2026-08-02NDH24:40:00Z,1785681834388,1785681900000,0.810000,0.800000,0.200000,0.190000,10.74,138.78
0xe213e704c61f9373b70c6b5b011630a7c05987e1cb1eae6dc4bc04f75961c0a0,2026-08-02NDH24:40:00Z,1785681834889,1785681900000,0.830000,0.820000,0.180000,0.170000,12.9,124.96
0xe213e704c61f9373b70c6b5b011630a7c05987e1cb1eae6dc4bc04f75961c0a0,2026-08-02NDH24:40:00Z,1785681835388,1785681900000,0.830000,0.820000,0.180000,0.170000,5,261.05
0xe213e704c61f9373b70c6b5b011630a7c05987e1cb1eae6dc4bc04f75961c0a0,2026-08-02NDH24:40:00Z,1785681835889,1785681900000,0.870000,0.850000,0.150000,0.130000,159.75,187.87
0xe213e704c61f9373b70c6b5b011630a7c05987e1cb1eae6dc4bc04f75961c0a0,2026-08-02NDH24:40:00Z,1785681836389,1785681900000,0.880000,0.870000,0.130000,0.120000,473.23,40.38
0xe213e704c61f9373b70c6b5b011630a7c05987e1cb1eae6dc4bc04f75961c0a0,2026-08-02NDH24:40:00Z,1785681836890,1785681900000,0.860000,0.850000,0.150000,0.140000,82,25
0xe213e704c61f9373b70c6b5b011630a7c05987e1cb1eae6dc4bc04f75961c0a0,2026-08-02NDH24:40:00Z,1785681837390,1785681900000,0.900000,0.890000,0.110000,0.100000,2649.61,25
0xe213e704c61f9373b70c6b5b011630a7c05987e1cb1eae6dc4bc04f75961c0a0,2026-08-02NDH24:40:00Z,1785681837888,1785681900000,0.900000,0.890000,0.110000,0.100000,2608.03,45
0xe213e704c61f9373b70c6b5b011630a7c05987e1cb1eae6dc4bc04f75961c0a0,2026-08-02NDH24:40:00Z,1785681838390,1785681900000,0.880000,0.870000,0.130000,0.120000,186.12,17
0xe213e704c61f9373b70c6b5b011630a7c05987e1cb1eae6dc4bc04f75961c0a0,2026-08-02NDH24:40:00Z,1785681838889,1785681900000,0.900000,0.890000,0.110000,0.100000,2360.28,5
0xe213e704c61f9373b70c6b5b011630a7c05987e1cb1eae6dc4bc04f75961c0a0,2026-08-02NDH24:40:00Z,1785681839390,1785681900000,0.880000,0.870000,0.130000,0.120000,35,88.72
0xe213e704c61f9373b70c6b5b011630a7c05987e1cb1eae6dc4bc04f75961c0a0,2026-08-02NDH24:40:00Z,1785681839889,1785681900000,0.880000,0.870000,0.130000,0.120000,465.62,30.31
0xe213e704c61f9373b70c6b5b011630a7c05987e1cb1eae6dc4bc04f75961c0a0,2026-08-02NDH24:40:00Z,1785681840389,1785681900000,0.870000,0.860000,0.140000,0.130000,38,111.75
0xe213e704c61f9373b70c6b5b011630a7c05987e1cb1eae6dc4bc04f75961c0a0,2026-08-02NDH24:40:00Z,1785681840889,1785681900000,0.880000,0.870000,0.130000,0.120000,674.64,16.33
0xe213e704c61f9373b70c6b5b011630a7c05987e1cb1eae6dc4bc04f75961c0a0,2026-08-02NDH24:40:00Z,1785681841390,1785681900000,0.870000,0.860000,0.140000,0.130000,175.62,21.57
0xe213e704c61f9373b70c6b5b011630a7c05987e1cb1eae6dc4bc04f75961c0a0,2026-08-02NDH24:40:00Z,1785681841890,1785681900000,0.860000,0.850000,0.150000,0.140000,10,5
0xe213e704c61f9373b70c6b5b011630a7c05987e1cb1eae6dc4bc04f75961c0a0,2026-08-02NDH24:40:00Z,1785681842390,1785681900000,0.860000,0.850000,0.150000,0.140000,12.68,5
0xe213e704c61f9373b70c6b5b011630a7c05987e1cb1eae6dc4bc04f75961c0a0,2026-08-02NDH24:40:00Z,1785681842889,1785681900000,0.860000,0.850000,0.150000,0.140000,28.39,16.73
0xe213e704c61f9373b70c6b5b011630a7c05987e1cb1eae6dc4bc04f75961c0a0,2026-08-02NDH24:40:00Z,1785681843389,1785681900000,0.880000,0.870000,0.130000,0.120000,577.67,5
0xe213e704c61f9373b70c6b5b011630a7c05987e1cb1eae6dc4bc04f75961c0a0,2026-08-02NDH24:40:00Z,1785681843889,1785681900000,0.870000,0.860000,0.140000,0.130000,33.1,97
0xe213e704c61f9373b70c6b5b011630a7c05987e1cb1eae6dc4bc04f75961c0a0,2026-08-02NDH24:40:00Z,1785681844389,1785681900000,0.870000,0.860000,0.140000,0.130000,9.25,102
0xe213e704c61f9373b70c6b5b011630a7c05987e1cb1eae6dc4bc04f75961c0a0,2026-08-02NDH24:40:00Z,1785681844890,1785681900000,0.880000,0.870000,0.130000,0.120000,45.36,225.12
0xe213e704c61f9373b70c6b5b011630a7c05987e1cb1eae6dc4bc04f75961c0a0,2026-08-02NDH24:40:00Z,1785681845389,1785681900000,0.880000,0.870000,0.130000,0.120000,46.95,214.73
0xe213e704c61f9373b70c6b5b011630a7c05987e1cb1eae6dc4bc04f75961c0a0,2026-08-02NDH24:40:00Z,1785681845889,1785681900000,0.880000,0.870000,0.130000,0.120000,21.75,205.73
0xe213e704c61f9373b70c6b5b011630a7c05987e1cb1eae6dc4bc04f75961c0a0,2026-08-02NDH24:40:00Z,1785681846390,1785681900000,0.900000,0.890000,0.110000,0.100000,1920.85,148.98
0xe213e704c61f9373b70c6b5b011630a7c05987e1cb1eae6dc4bc04f75961c0a0,2026-08-02NDH24:40:00Z,1785681846888,1785681900000,0.900000,0.890000,0.110000,0.100000,1835.3,43.75
0xe213e704c61f9373b70c6b5b011630a7c05987e1cb1eae6dc4bc04f75961c0a0,2026-08-02NDH24:40:00Z,1785681847390,1785681900000,0.900000,0.880000,0.120000,0.100000,1370.5,80
0xe213e704c61f9373b70c6b5b011630a7c05987e1cb1eae6dc4bc04f75961c0a0,2026-08-02NDH24:40:00Z,1785681847889,1785681900000,0.890000,0.880000,0.120000,0.110000,5,322.56
0xe213e704c61f9373b70c6b5b011630a7c05987e1cb1eae6dc4bc04f75961c0a0,2026-08-02NDH24:40:00Z,1785681848389,1785681900000,0.900000,0.890000,0.110000,0.100000,1515.71,5
0xe213e704c61f9373b70c6b5b011630a7c05987e1cb1eae6dc4bc04f75961c0a0,2026-08-02NDH24:40:00Z,1785681848889,1785681900000,0.870000,0.860000,0.140000,0.130000,27.85,75.56
0xe213e704c61f9373b70c6b5b011630a7c05987e1cb1eae6dc4bc04f75961c0a0,2026-08-02NDH24:40:00Z,1785681849389,1785681900000,0.890000,0.880000,0.120000,0.110000,395.71,6.58
0xe213e704c61f9373b70c6b5b011630a7c05987e1cb1eae6dc4bc04f75961c0a0,2026-08-02NDH24:40:00Z,1785681849889,1785681900000,0.890000,0.880000,0.120000,0.110000,295.26,5
0xe213e704c61f9373b70c6b5b011630a7c05987e1cb1eae6dc4bc04f75961c0a0,2026-08-02NDH24:40:00Z,1785681850390,1785681900000,0.890000,0.880000,0.120000,0.110000,24,80
0xe213e704c61f9373b70c6b5b011630a7c05987e1cb1eae6dc4bc04f75961c0a0,2026-08-02NDH24:40:00Z,1785681850888,1785681900000,0.900000,0.890000,0.110000,0.100000,1516.05,30
0xe213e704c61f9373b70c6b5b011630a7c05987e1cb1eae6dc4bc04f75961c0a0,2026-08-02NDH24:40:00Z,1785681851390,1785681900000,0.900000,0.890000,0.110000,0.100000,132.7,8.09
0xe213e704c61f9373b70c6b5b011630a7c05987e1cb1eae6dc4bc04f75961c0a0,2026-08-02NDH24:40:00Z,1785681851888,1785681900000,0.890000,0.880000,0.120000,0.110000,8.58,176.13
0xe213e704c61f9373b70c6b5b011630a7c05987e1cb1eae6dc4bc04f75961c0a0,2026-08-02NDH24:40:00Z,1785681852389,1785681900000,0.910000,0.900000,0.100000,0.090000,27.89,84.9
0xe213e704c61f9373b70c6b5b011630a7c05987e1cb1eae6dc4bc04f75961c0a0,2026-08-02NDH24:40:00Z,1785681852889,1785681900000,0.940000,0.930000,0.070000,0.060000,1237.47,63.6
0xe213e704c61f9373b70c6b5b011630a7c05987e1cb1eae6dc4bc04f75961c0a0,2026-08-02NDH24:40:00Z,1785681853389,1785681900000,0.940000,0.930000,0.070000,0.060000,1097.68,61.52
0xe213e704c61f9373b70c6b5b011630a7c05987e1cb1eae6dc4bc04f75961c0a0,2026-08-02NDH24:40:00Z,1785681853889,1785681900000,0.940000,0.930000,0.070000,0.060000,1070.48,18.66
0xe213e704c61f9373b70c6b5b011630a7c05987e1cb1eae6dc4bc04f75961c0a0,2026-08-02NDH24:40:00Z,1785681854389,1785681900000,0.940000,0.930000,0.070000,0.060000,415.51,135.93
0xe213e704c61f9373b70c6b5b011630a7c05987e1cb1eae6dc4bc04f75961c0a0,2026-08-02NDH24:40:00Z,1785681854889,1785681900000,0.940000,0.930000,0.070000,0.060000,403.78,61.43
0xe213e704c61f9373b70c6b5b011630a7c05987e1cb1eae6dc4bc04f75961c0a0,2026-08-02NDH24:40:00Z,1785681855389,1785681900000,0.940000,0.930000,0.070000,0.060000,342.37,120.29
0xe213e704c61f9373b70c6b5b011630a7c05987e1cb1eae6dc4bc04f75961c0a0,2026-08-02NDH24:40:00Z,1785681855889,1785681900000,0.940000,0.930000,0.070000,0.060000,247.65,159.93
0xe213e704c61f9373b70c6b5b011630a7c05987e1cb1eae6dc4bc04f75961c0a0,2026-08-02NDH24:40:00Z,1785681856390,1785681900000,0.940000,0.930000,0.070000,0.060000,32.24,164.93
0xe213e704c61f9373b70c6b5b011630a7c05987e1cb1eae6dc4bc04f75961c0a0,2026-08-02NDH24:40:00Z,1785681856889,1785681900000,0.970000,0.960000,0.040000,0.030000,141.09,216.87
0xe213e704c61f9373b70c6b5b011630a7c05987e1cb1eae6dc4bc04f75961c0a0,2026-08-02NDH24:40:00Z,1785681857390,1785681900000,0.970000,0.960000,0.040000,0.030000,120.8,221.87
0xe213e704c61f9373b70c6b5b011630a7c05987e1cb1eae6dc4bc04f75961c0a0,2026-08-02NDH24:40:00Z,1785681857888,1785681900000,0.970000,0.960000,0.040000,0.030000,9.98,380.55
0xe213e704c61f9373b70c6b5b011630a7c05987e1cb1eae6dc4bc04f75961c0a0,2026-08-02NDH24:40:00Z,1785681858390,1785681900000,0.970000,0.960000,0.040000,0.030000,9.98,352.43
0xe213e704c61f9373b70c6b5b011630a7c05987e1cb1eae6dc4bc04f75961c0a0,2026-08-02NDH24:40:00Z,1785681858890,1785681900000,0.970000,0.960000,0.040000,0.030000,55.81,208.55
0xe213e704c61f9373b70c6b5b011630a7c05987e1cb1eae6dc4bc04f75961c0a0,2026-08-02NDH24:40:00Z,1785681859389,1785681900000,0.980000,0.970000,0.030000,0.020000,1861.09,235.96
0xe213e704c61f9373b70c6b5b011630a7c05987e1cb1eae6dc4bc04f75961c0a0,2026-08-02NDH24:40:00Z,1785681859888,1785681900000,0.980000,0.970000,0.030000,0.020000,1833.46,228.96
0xe213e704c61f9373b70c6b5b011630a7c05987e1cb1eae6dc4bc04f75961c0a0,2026-08-02NDH24:40:00Z,1785681860390,1785681900000,0.980000,0.970000,0.030000,0.020000,1830.37,225
0xe213e704c61f9373b70c6b5b011630a7c05987e1cb1eae6dc4bc04f75961c0a0,2026-08-02NDH24:40:00Z,1785681860888,1785681900000,0.980000,0.970000,0.030000,0.020000,1819.13,138.56
0xe213e704c61f9373b70c6b5b011630a7c05987e1cb1eae6dc4bc04f75961c0a0,2026-08-02NDH24:40:00Z,1785681861390,1785681900000,0.980000,0.970000,0.030000,0.020000,1554.04,43.67
0xe213e704c61f9373b70c6b5b011630a7c05987e1cb1eae6dc4bc04f75961c0a0,2026-08-02NDH24:40:00Z,1785681861889,1785681900000,0.980000,0.970000,0.030000,0.020000,1523.78,48.67
0xe213e704c61f9373b70c6b5b011630a7c05987e1cb1eae6dc4bc04f75961c0a0,2026-08-02NDH24:40:00Z,1785681862389,1785681900000,0.980000,0.970000,0.030000,0.020000,1087.6,48.67
0xe213e704c61f9373b70c6b5b011630a7c05987e1cb1eae6dc4bc04f75961c0a0,2026-08-02NDH24:40:00Z,1785681862889,1785681900000,0.980000,0.970000,0.030000,0.020000,988.04,120.4
0xe213e704c61f9373b70c6b5b011630a7c05987e1cb1eae6dc4bc04f75961c0a0,2026-08-02NDH24:40:00Z,1785681863390,1785681900000,0.980000,0.970000,0.030000,0.020000,333.92,218.84
0xe213e704c61f9373b70c6b5b011630a7c05987e1cb1eae6dc4bc04f75961c0a0,2026-08-02NDH24:40:00Z,1785681863888,1785681900000,0.980000,0.970000,0.030000,0.020000,297.28,327.7
0xe213e704c61f9373b70c6b5b011630a7c05987e1cb1eae6dc4bc04f75961c0a0,2026-08-02NDH24:40:00Z,1785681864389,1785681900000,0.980000,0.970000,0.030000,0.020000,265.95,290.84
0xe213e704c61f9373b70c6b5b011630a7c05987e1cb1eae6dc4bc04f75961c0a0,2026-08-02NDH24:40:00Z,1785681864889,1785681900000,0.980000,0.970000,0.030000,0.020000,212.9,327.51
0xe213e704c61f9373b70c6b5b011630a7c05987e1cb1eae6dc4bc04f75961c0a0,2026-08-02NDH24:40:00Z,1785681865389,1785681900000,0.990000,0.980000,0.020000,0.010000,2963.31,593.49
0xe213e704c61f9373b70c6b5b011630a7c05987e1cb1eae6dc4bc04f75961c0a0,2026-08-02NDH24:40:00Z,1785681865888,1785681900000,0.990000,0.980000,0.020000,0.010000,2963.31,546.05
0xe213e704c61f9373b70c6b5b011630a7c05987e1cb1eae6dc4bc04f75961c0a0,2026-08-02NDH24:40:00Z,1785681866390,1785681900000,0.990000,0.980000,0.020000,0.010000,2948.31,551.05
0xe213e704c61f9373b70c6b5b011630a7c05987e1cb1eae6dc4bc04f75961c0a0,2026-08-02NDH24:40:00Z,1785681866889,1785681900000,0.990000,0.980000,0.020000,0.010000,2870.2,597.07
0xe213e704c61f9373b70c6b5b011630a7c05987e1cb1eae6dc4bc04f75961c0a0,2026-08-02NDH24:40:00Z,1785681867390,1785681900000,0.990000,0.980000,0.020000,0.010000,2865.14,602.07
0xe213e704c61f9373b70c6b5b011630a7c05987e1cb1eae6dc4bc04f75961c0a0,2026-08-02NDH24:40:00Z,1785681867890,1785681900000,0.990000,0.980000,0.020000,0.010000,2851.51,551.05
0xe213e704c61f9373b70c6b5b011630a7c05987e1cb1eae6dc4bc04f75961c0a0,2026-08-02NDH24:40:00Z,1785681868390,1785681900000,0.990000,0.980000,0.020000,0.010000,2828.58,546.9
0xe213e704c61f9373b70c6b5b011630a7c05987e1cb1eae6dc4bc04f75961c0a0,2026-08-02NDH24:40:00Z,1785681868889,1785681900000,0.990000,0.980000,0.020000,0.010000,3028.58,846.9
0xe213e704c61f9373b70c6b5b011630a7c05987e1cb1eae6dc4bc04f75961c0a0,2026-08-02NDH24:40:00Z,1785681869389,1785681900000,0.990000,0.980000,0.020000,0.010000,3028.58,846.9
0xe213e704c61f9373b70c6b5b011630a7c05987e1cb1eae6dc4bc04f75961c0a0,2026-08-02NDH24:40:00Z,1785681869890,1785681900000,0.980000,0.970000,0.030000,0.020000,98.15,226.89
0xe213e704c61f9373b70c6b5b011630a7c05987e1cb1eae6dc4bc04f75961c0a0,2026-08-02NDH24:40:00Z,1785681870389,1785681900000,0.980000,0.970000,0.030000,0.020000,43.04,216.76
0xe213e704c61f9373b70c6b5b011630a7c05987e1cb1eae6dc4bc04f75961c0a0,2026-08-02NDH24:40:00Z,1785681870888,1785681900000,0.980000,0.970000,0.030000,0.020000,7.69,211.76
0xe213e704c61f9373b70c6b5b011630a7c05987e1cb1eae6dc4bc04f75961c0a0,2026-08-02NDH24:40:00Z,1785681871389,1785681900000,0.990000,0.980000,0.020000,0.010000,2474.92,90.1
0xe213e704c61f9373b70c6b5b011630a7c05987e1cb1eae6dc4bc04f75961c0a0,2026-08-02NDH24:40:00Z,1785681871890,1785681900000,0.990000,0.980000,0.020000,0.010000,2474.92,85
0xe213e704c61f9373b70c6b5b011630a7c05987e1cb1eae6dc4bc04f75961c0a0,2026-08-02NDH24:40:00Z,1785681872389,1785681900000,0.990000,0.980000,0.020000,0.010000,2465.49,55
0xe213e704c61f9373b70c6b5b011630a7c05987e1cb1eae6dc4bc04f75961c0a0,2026-08-02NDH24:40:00Z,1785681872890,1785681900000,0.990000,0.980000,0.020000,0.010000,2465.49,115.1
0xe213e704c61f9373b70c6b5b011630a7c05987e1cb1eae6dc4bc04f75961c0a0,2026-08-02NDH24:40:00Z,1785681873390,1785681900000,0.990000,0.980000,0.020000,0.010000,2409.29,85.1
0xe213e704c61f9373b70c6b5b011630a7c05987e1cb1eae6dc4bc04f75961c0a0,2026-08-02NDH24:40:00Z,1785681873888,1785681900000,0.990000,0.980000,0.020000,0.010000,2404.23,85.1
0xe213e704c61f9373b70c6b5b011630a7c05987e1cb1eae6dc4bc04f75961c0a0,2026-08-02NDH24:40:00Z,1785681874388,1785681900000,0.990000,0.980000,0.020000,0.010000,2399.17,180
0xe213e704c61f9373b70c6b5b011630a7c05987e1cb1eae6dc4bc04f75961c0a0,2026-08-02NDH24:40:00Z,1785681874889,1785681900000,0.990000,0.980000,0.020000,0.010000,2299.17,180
0xe213e704c61f9373b70c6b5b011630a7c05987e1cb1eae6dc4bc04f75961c0a0,2026-08-02NDH24:40:00Z,1785681875390,1785681900000,0.990000,0.980000,0.020000,0.010000,2125.2,210
0xe213e704c61f9373b70c6b5b011630a7c05987e1cb1eae6dc4bc04f75961c0a0,2026-08-02NDH24:40:00Z,1785681875889,1785681900000,0.990000,0.980000,0.020000,0.010000,2148.2,215.1
0xe213e704c61f9373b70c6b5b011630a7c05987e1cb1eae6dc4bc04f75961c0a0,2026-08-02NDH24:40:00Z,1785681876389,1785681900000,0.990000,0.980000,0.020000,0.010000,2072.98,214.04
0xe213e704c61f9373b70c6b5b011630a7c05987e1cb1eae6dc4bc04f75961c0a0,2026-08-02NDH24:40:00Z,1785681876890,1785681900000,0.990000,0.980000,0.020000,0.010000,2066.23,211.06
0xe213e704c61f9373b70c6b5b011630a7c05987e1cb1eae6dc4bc04f75961c0a0,2026-08-02NDH24:40:00Z,1785681877389,1785681900000,0.990000,0.980000,0.020000,0.010000,1929.23,181.06
0xe213e704c61f9373b70c6b5b011630a7c05987e1cb1eae6dc4bc04f75961c0a0,2026-08-02NDH24:40:00Z,1785681877888,1785681900000,0.990000,0.980000,0.020000,0.010000,1858.73,211.06
0xe213e704c61f9373b70c6b5b011630a7c05987e1cb1eae6dc4bc04f75961c0a0,2026-08-02NDH24:40:00Z,1785681878390,1785681900000,0.990000,0.980000,0.020000,0.010000,1740.36,166.06
0xe213e704c61f9373b70c6b5b011630a7c05987e1cb1eae6dc4bc04f75961c0a0,2026-08-02NDH24:40:00Z,1785681878888,1785681900000,0.990000,0.980000,0.020000,0.010000,1722.36,161.06
0xe213e704c61f9373b70c6b5b011630a7c05987e1cb1eae6dc4bc04f75961c0a0,2026-08-02NDH24:40:00Z,1785681879389,1785681900000,0.990000,0.980000,0.020000,0.010000,1462.36,176.06
0xe213e704c61f9373b70c6b5b011630a7c05987e1cb1eae6dc4bc04f75961c0a0,2026-08-02NDH24:40:00Z,1785681879890,1785681900000,0.990000,0.980000,0.020000,0.010000,1252.01,168.92
0xe213e704c61f9373b70c6b5b011630a7c05987e1cb1eae6dc4bc04f75961c0a0,2026-08-02NDH24:40:00Z,1785681880389,1785681900000,0.990000,0.980000,0.020000,0.010000,1246.01,252.83
0xe213e704c61f9373b70c6b5b011630a7c05987e1cb1eae6dc4bc04f75961c0a0,2026-08-02NDH24:40:00Z,1785681880889,1785681900000,0.990000,0.980000,0.020000,0.010000,1202.95,205.24
0xe213e704c61f9373b70c6b5b011630a7c05987e1cb1eae6dc4bc04f75961c0a0,2026-08-02NDH24:40:00Z,1785681881389,1785681900000,0.990000,0.980000,0.020000,0.010000,1190.8,247.93
0xe213e704c61f9373b70c6b5b011630a7c05987e1cb1eae6dc4bc04f75961c0a0,2026-08-02NDH24:40:00Z,1785681881889,1785681900000,0.990000,0.980000,0.020000,0.010000,1005.48,464.01
0xe213e704c61f9373b70c6b5b011630a7c05987e1cb1eae6dc4bc04f75961c0a0,2026-08-02NDH24:40:00Z,1785681882389,1785681900000,0.970000,0.960000,0.040000,0.030000,487.16,184.21
0xe213e704c61f9373b70c6b5b011630a7c05987e1cb1eae6dc4bc04f75961c0a0,2026-08-02NDH24:40:00Z,1785681882890,1785681900000,0.990000,0.980000,0.020000,0.010000,1766.05,40
0xe213e704c61f9373b70c6b5b011630a7c05987e1cb1eae6dc4bc04f75961c0a0,2026-08-02NDH24:40:00Z,1785681883389,1785681900000,0.990000,0.980000,0.020000,0.010000,1749.42,10
0xe213e704c61f9373b70c6b5b011630a7c05987e1cb1eae6dc4bc04f75961c0a0,2026-08-02NDH24:40:00Z,1785681883889,1785681900000,0.990000,0.980000,0.020000,0.010000,1708.74,10
0xe213e704c61f9373b70c6b5b011630a7c05987e1cb1eae6dc4bc04f75961c0a0,2026-08-02NDH24:40:00Z,1785681884389,1785681900000,0.990000,0.980000,0.020000,0.010000,1698.62,35
0xe213e704c61f9373b70c6b5b011630a7c05987e1cb1eae6dc4bc04f75961c0a0,2026-08-02NDH24:40:00Z,1785681884888,1785681900000,0.990000,0.980000,0.020000,0.010000,1674.57,80
0xe213e704c61f9373b70c6b5b011630a7c05987e1cb1eae6dc4bc04f75961c0a0,2026-08-02NDH24:40:00Z,1785681885389,1785681900000,0.990000,0.980000,0.020000,0.010000,381.25,105
0xe213e704c61f9373b70c6b5b011630a7c05987e1cb1eae6dc4bc04f75961c0a0,2026-08-02NDH24:40:00Z,1785681885889,1785681900000,0.990000,0.980000,0.020000,0.010000,361.23,101.88
0xe213e704c61f9373b70c6b5b011630a7c05987e1cb1eae6dc4bc04f75961c0a0,2026-08-02NDH24:40:00Z,1785681886390,1785681900000,0.990000,0.980000,0.020000,0.010000,351.17,194.3
0xe213e704c61f9373b70c6b5b011630a7c05987e1cb1eae6dc4bc04f75961c0a0,2026-08-02NDH24:40:00Z,1785681886889,1785681900000,0.990000,0.980000,0.020000,0.010000,350.94,181.8
0xe213e704c61f9373b70c6b5b011630a7c05987e1cb1eae6dc4bc04f75961c0a0,2026-08-02NDH24:40:00Z,1785681887388,1785681900000,0.990000,0.980000,0.020000,0.010000,348.43,181.8
0xe213e704c61f9373b70c6b5b011630a7c05987e1cb1eae6dc4bc04f75961c0a0,2026-08-02NDH24:40:00Z,1785681887889,1785681900000,0.990000,0.980000,0.020000,0.010000,348.43,131.8
0xe213e704c61f9373b70c6b5b011630a7c05987e1cb1eae6dc4bc04f75961c0a0,2026-08-02NDH24:40:00Z,1785681888390,1785681900000,0.990000,0.980000,0.020000,0.010000,348.43,145
0xe213e704c61f9373b70c6b5b011630a7c05987e1cb1eae6dc4bc04f75961c0a0,2026-08-02NDH24:40:00Z,1785681888889,1785681900000,0.990000,0.980000,0.020000,0.010000,328.23,135
0xe213e704c61f9373b70c6b5b011630a7c05987e1cb1eae6dc4bc04f75961c0a0,2026-08-02NDH24:40:00Z,1785681889389,1785681900000,0.990000,0.980000,0.020000,0.010000,328.23,135
0xe213e704c61f9373b70c6b5b011630a7c05987e1cb1eae6dc4bc04f75961c0a0,2026-08-02NDH24:40:00Z,1785681889889,1785681900000,0.990000,0.980000,0.020000,0.010000,319.82,237.88
0xe213e704c61f9373b70c6b5b011630a7c05987e1cb1eae6dc4bc04f75961c0a0,2026-08-02NDH24:40:00Z,1785681890389,1785681900000,1.000000,0.990000,0.010000,0.000000,,73
0xe213e704c61f9373b70c6b5b011630a7c05987e1cb1eae6dc4bc04f75961c0a0,2026-08-02NDH24:40:00Z,1785681890890,1785681900000,1.000000,0.990000,0.010000,0.000000,,1182.17
0xe213e704c61f9373b70c6b5b011630a7c05987e1cb1eae6dc4bc04f75961c0a0,2026-08-02NDH24:40:00Z,1785681891389,1785681900000,1.000000,0.990000,0.010000,0.000000,,1395.23
0xe213e704c61f9373b70c6b5b011630a7c05987e1cb1eae6dc4bc04f75961c0a0,2026-08-02NDH24:40:00Z,1785681891890,1785681900000,1.000000,0.990000,0.010000,0.000000,,3455.26
0xe213e704c61f9373b70c6b5b011630a7c05987e1cb1eae6dc4bc04f75961c0a0,2026-08-02NDH24:40:00Z,1785681892390,1785681900000,1.000000,0.990000,0.010000,0.000000,,3507.2
0xe213e704c61f9373b70c6b5b011630a7c05987e1cb1eae6dc4bc04f75961c0a0,2026-08-02NDH24:40:00Z,1785681892890,1785681900000,1.000000,0.990000,0.010000,0.000000,,3537.2
0xe213e704c61f9373b70c6b5b011630a7c05987e1cb1eae6dc4bc04f75961c0a0,2026-08-02NDH24:40:00Z,1785681893390,1785681900000,1.000000,0.990000,0.010000,0.000000,,3996.16
0xe213e704c61f9373b70c6b5b011630a7c05987e1cb1eae6dc4bc04f75961c0a0,2026-08-02NDH24:40:00Z,1785681893889,1785681900000,1.000000,0.990000,0.010000,0.000000,,4001.16
0xe213e704c61f9373b70c6b5b011630a7c05987e1cb1eae6dc4bc04f75961c0a0,2026-08-02NDH24:40:00Z,1785681894389,1785681900000,1.000000,0.990000,0.010000,0.000000,,4176.03
0xe213e704c61f9373b70c6b5b011630a7c05987e1cb1eae6dc4bc04f75961c0a0,2026-08-02NDH24:40:00Z,1785681894889,1785681900000,1.000000,0.990000,0.010000,0.000000,,4354
0xe213e704c61f9373b70c6b5b011630a7c05987e1cb1eae6dc4bc04f75961c0a0,2026-08-02NDH24:40:00Z,1785681895389,1785681900000,1.000000,0.990000,0.010000,0.000000,,4761.25
0xe213e704c61f9373b70c6b5b011630a7c05987e1cb1eae6dc4bc04f75961c0a0,2026-08-02NDH24:40:00Z,1785681895890,1785681900000,1.000000,0.990000,0.010000,0.000000,,4749.45
0xe213e704c61f9373b70c6b5b011630a7c05987e1cb1eae6dc4bc04f75961c0a0,2026-08-02NDH24:40:00Z,1785681896389,1785681900000,1.000000,0.990000,0.010000,0.000000,,7822.3
0xe213e704c61f9373b70c6b5b011630a7c05987e1cb1eae6dc4bc04f75961c0a0,2026-08-02NDH24:40:00Z,1785681896889,1785681900000,1.000000,0.990000,0.010000,0.000000,,8991.65
0xe213e704c61f9373b70c6b5b011630a7c05987e1cb1eae6dc4bc04f75961c0a0,2026-08-02NDH24:40:00Z,1785681897389,1785681900000,1.000000,0.990000,0.010000,0.000000,,11490.37
0xe213e704c61f9373b70c6b5b011630a7c05987e1cb1eae6dc4bc04f75961c0a0,2026-08-02NDH24:40:00Z,1785681897889,1785681900000,1.000000,0.990000,0.010000,0.000000,,10764.9
0xe213e704c61f9373b70c6b5b011630a7c05987e1cb1eae6dc4bc04f75961c0a0,2026-08-02NDH24:40:00Z,1785681898389,1785681900000,1.000000,0.990000,0.010000,0.000000,,17674.7
0xe213e704c61f9373b70c6b5b011630a7c05987e1cb1eae6dc4bc04f75961c0a0,2026-08-02NDH24:40:00Z,1785681898890,1785681900000,1.000000,0.990000,0.010000,0.000000,,18631.12
0xe213e704c61f9373b70c6b5b011630a7c05987e1cb1eae6dc4bc04f75961c0a0,2026-08-02NDH24:40:00Z,1785681899389,1785681900000,1.000000,0.990000,0.010000,0.000000,,21171.9
0xe213e704c61f9373b70c6b5b011630a7c05987e1cb1eae6dc4bc04f75961c0a0,2026-08-02NDH24:40:00Z,1785681899889,1785681900000,1.000000,0.990000,0.010000,0.000000,,69311.38
