{
  "results": {
    "fixed10": {
      "all": {
        "n": 3580,
        "winrate": 0.7488826815642458,
        "exp": 1.1340109078212228,
        "sum": 4059.759049999978,
        "wins": 2681,
        "losses": 899,
        "maxDrawdown": 61.83603999999991,
        "skipped": null
      },
      "train": {
        "n": 1642,
        "winrate": 0.7503045066991474,
        "exp": 1.0695062667478654,
        "sum": 1756.129289999995,
        "wins": 1232,
        "losses": 410,
        "maxDrawdown": 57.71993999999995,
        "skipped": null
      },
      "june": {
        "n": 1938,
        "winrate": 0.7476780185758514,
        "exp": 1.1886634468524182,
        "sum": 2303.6297599999866,
        "wins": 1449,
        "losses": 489,
        "maxDrawdown": 61.83604000000001,
        "skipped": null
      },
      "skipped": 0
    },
    "prop_v1": {
      "all": {
        "n": 3051,
        "winrate": 0.7646673221894461,
        "exp": 0.9980060980006544,
        "sum": 3044.9166049999967,
        "wins": 2333,
        "losses": 718,
        "maxDrawdown": 71.84637500000008,
        "skipped": null
      },
      "train": {
        "n": 1406,
        "winrate": 0.7652916073968705,
        "exp": 0.9643579374110922,
        "sum": 1355.8872599999956,
        "wins": 1076,
        "losses": 330,
        "maxDrawdown": 38.553120000000035,
        "skipped": null
      },
      "june": {
        "n": 1645,
        "winrate": 0.7641337386018237,
        "exp": 1.0267655592705103,
        "sum": 1689.0293449999895,
        "wins": 1257,
        "losses": 388,
        "maxDrawdown": 71.84637500000001,
        "skipped": null
      },
      "skipped": 529
    },
    "prop_v2": {
      "all": {
        "n": 3051,
        "winrate": 0.7646673221894461,
        "exp": 1.273922456571604,
        "sum": 3886.737414999964,
        "wins": 2333,
        "losses": 718,
        "maxDrawdown": 70.43216899999993,
        "skipped": null
      },
      "train": {
        "n": 1406,
        "winrate": 0.7652916073968705,
        "exp": 1.2512347681365577,
        "sum": 1759.2360840000001,
        "wins": 1076,
        "losses": 330,
        "maxDrawdown": 54.743784000000005,
        "skipped": null
      },
      "june": {
        "n": 1645,
        "winrate": 0.7641337386018237,
        "exp": 1.2933138790273526,
        "sum": 2127.501330999995,
        "wins": 1257,
        "losses": 388,
        "maxDrawdown": 70.432169,
        "skipped": null
      },
      "skipped": 529
    },
    "prop_gate": {
      "all": {
        "n": 292,
        "winrate": 0.6198630136986302,
        "exp": 0.735756883561644,
        "sum": 214.84101000000007,
        "wins": 181,
        "losses": 111,
        "maxDrawdown": 66.74200499999999,
        "skipped": null
      },
      "train": {
        "n": 124,
        "winrate": 0.6129032258064516,
        "exp": 0.4319097580645163,
        "sum": 53.55681000000002,
        "wins": 76,
        "losses": 48,
        "maxDrawdown": 31.21205,
        "skipped": null
      },
      "june": {
        "n": 168,
        "winrate": 0.625,
        "exp": 0.9600250000000001,
        "sum": 161.28420000000003,
        "wins": 105,
        "losses": 63,
        "maxDrawdown": 50.190304999999995,
        "skipped": null
      },
      "skipped": 3288
    }
  },
  "baseline": {
    "train": {
      "n": 1642,
      "winrate": 0.7503045066991474,
      "exp": 1.0695062667478654,
      "sum": 1756.129289999995,
      "wins": 1232,
      "losses": 410
    },
    "june": {
      "n": 1938,
      "winrate": 0.7476780185758514,
      "exp": 1.1886634468524182,
      "sum": 2303.6297599999866,
      "wins": 1449,
      "losses": 489
    },
    "all": {
      "n": 3580,
      "winrate": 0.7488826815642458,
      "exp": 1.1340109078212228,
      "sum": 4059.759049999978,
      "wins": 2681,
      "losses": 899
    }
  }
}
